Year_Birth,Education,Marital_Status,Income,Kidhome,Teenhome,Dt_Customer,Recency,MntWines,MntFruits,MntMeatProducts,MntFishProducts,MntSweetProducts,MntGoldProds,NumDealsPurchases,NumWebPurchases,NumCatalogPurchases,NumStorePurchases,NumWebVisitsMonth,AcceptedCmp3,AcceptedCmp4,AcceptedCmp5,AcceptedCmp1,AcceptedCmp2,Complain,Response,Age,Total_Spent,Children,Partner,Family_Size,Is_Parent,Total_Purchases,Total_Accepted_Cmp,Customer_Days,Edu_Code,Cluster,Segment,PC1,PC2,Response_Prob
1957,Graduate,Single,58138.0,0,0,2012-09-04,58,635,88,546,172,88,88,3,8,10,4,7,0,0,0,0,0,0,1,57,1617,0,0,1,0,25,0,663,1,1,Established Families,1.8579550241939617,0.5116393407700692,0.9171949405212796
1954,Graduate,Single,46344.0,1,1,2014-03-08,38,11,1,6,2,1,6,2,1,1,2,5,0,0,0,0,0,0,0,60,27,2,0,3,1,6,0,113,1,0,Budget Families,-1.3900968204463382,1.4004403477664202,0.1264254847170838
1965,Graduate,Partner,71613.0,0,0,2013-08-21,26,426,49,127,111,21,42,1,8,2,10,4,0,0,0,0,0,0,0,49,776,0,1,2,0,21,0,312,1,3,Premium Spenders,1.631310026506395,-0.43699830229916575,0.08492160854248704
1984,Graduate,Partner,26646.0,1,0,2014-02-10,26,11,4,20,10,3,5,2,2,0,4,6,0,0,0,0,0,0,0,30,53,1,1,3,1,8,0,139,1,2,Young Starters,-1.763157147285837,-1.4100720446008626,0.10189738589422745
1981,Postgraduate,Partner,58293.0,1,0,2014-01-19,94,173,43,118,46,27,15,5,5,3,6,5,0,0,0,0,0,0,0,33,422,1,1,3,1,19,0,161,2,1,Established Families,0.14198080336433214,-0.2572640991661262,0.015047250108031554
1967,Postgraduate,Partner,62513.0,0,1,2013-09-09,16,520,42,98,0,42,14,2,6,4,10,6,0,0,0,0,0,0,0,47,716,1,1,3,1,22,0,293,2,1,Established Families,0.635243050062456,0.09408764664876743,0.14806999363624773
1971,Graduate,Single,55635.0,0,1,2012-11-13,34,235,65,164,50,49,27,4,7,3,7,6,0,0,0,0,0,0,0,43,590,1,0,2,1,21,0,593,1,1,Established Families,0.2684180091980884,-0.05924835477093789,0.6069256394085317
1985,Postgraduate,Partner,33454.0,1,0,2013-05-08,32,76,10,56,3,1,23,2,4,0,4,8,0,0,0,0,0,0,0,29,169,1,1,3,1,10,0,417,2,2,Young Starters,-1.7262364659916076,-1.267416050209414,0.4122360466615028
1974,Postgraduate,Partner,30351.0,1,0,2013-06-06,19,14,0,24,3,3,2,1,3,0,2,9,0,0,0,0,0,0,1,40,46,1,1,3,1,6,0,388,2,2,Young Starters,-2.1868116008574994,-0.7038967959165804,0.6076706505759165
1950,Postgraduate,Partner,5648.0,1,1,2014-03-13,68,28,0,6,1,1,13,1,1,0,0,20,1,0,0,0,0,0,0,64,49,2,1,4,1,2,1,108,2,0,Budget Families,-4.984352580629348,2.303568474354879,0.7539931960282809
1983,Graduate,Partner,51381.5,1,0,2013-11-15,11,5,5,6,0,2,1,1,1,0,2,7,0,0,0,0,0,0,0,31,19,1,1,3,1,4,0,226,1,2,Young Starters,-1.5949583220418713,-1.4192715805919882,0.21188441797130447
1976,Undergraduate,Partner,7500.0,0,0,2012-11-13,59,6,16,11,11,1,16,1,2,0,3,8,0,0,0,0,0,0,0,38,61,0,1,2,0,6,0,593,0,2,Young Starters,-2.1279917536818607,-1.3046496384597077,0.1320403116647041
1959,Graduate,Single,63033.0,0,0,2013-11-15,82,194,61,480,225,112,30,1,3,4,8,2,0,0,0,0,0,0,0,55,1102,0,0,1,0,16,0,226,1,3,Premium Spenders,1.819855203987187,0.21965011411823354,0.07896436223208059
1952,Postgraduate,Single,59354.0,1,1,2013-11-15,53,233,2,53,3,5,14,3,6,1,5,6,0,0,0,0,0,0,0,62,310,2,0,3,1,15,0,226,2,0,Budget Families,-0.4625937209192714,1.9661870171175053,0.20157996024646313
1987,Graduate,Partner,17323.0,0,0,2012-10-10,38,3,14,17,6,1,5,1,1,0,3,8,0,0,0,0,0,0,0,27,46,0,1,2,0,5,0,627,1,2,Young Starters,-2.0851776997807288,-2.2141574825202457,0.3770737947862998
1946,Postgraduate,Single,82800.0,0,0,2012-11-24,23,1006,22,115,59,68,45,1,7,6,12,3,0,0,1,1,0,0,1,68,1315,0,0,1,0,26,2,582,2,3,Premium Spenders,3.007879633389991,0.9109322719975483,0.9556201967053229
1980,Graduate,Partner,41850.0,1,1,2012-12-24,51,53,5,19,2,13,4,3,3,0,3,8,0,0,0,0,0,0,0,34,96,2,1,4,1,9,0,552,1,0,Budget Families,-2.0281207453156904,-0.0565657983840668,0.18060721548397904
1946,Graduate,Partner,37760.0,0,0,2012-08-31,20,84,5,38,150,12,28,2,4,1,6,7,0,0,0,0,0,0,0,68,317,0,1,2,0,13,0,667,1,1,Established Families,-0.3178059026279753,0.6006856612647578,0.3261127248686295
1949,Postgraduate,Partner,76995.0,0,1,2013-03-28,91,1012,80,498,0,16,176,2,11,4,9,5,0,0,0,1,0,0,0,65,1782,1,1,3,1,26,1,458,2,1,Established Families,2.4848204667301688,2.0474934210309046,0.4737734534103023
1985,Undergraduate,Single,33812.0,1,0,2012-11-03,86,4,17,19,30,24,39,2,2,1,3,6,0,0,0,0,0,0,0,29,133,1,0,2,1,8,0,603,0,2,Young Starters,-1.525919011137936,-0.9060220383921168,0.1407558363594201
1982,Graduate,Partner,37040.0,0,0,2012-08-08,41,86,2,73,69,38,48,1,4,2,5,8,0,0,0,0,0,0,0,32,316,0,1,2,0,12,0,690,1,2,Young Starters,-0.9317316125803519,-1.6141987476480528,0.5612642769027408
1979,Graduate,Partner,2447.0,1,0,2013-01-06,42,1,1,1725,1,1,1,15,0,28,0,1,0,0,0,0,0,0,0,35,1730,1,1,3,1,43,0,539,1,1,Established Families,1.9948300140403086,-0.5126244584096072,0.999321950529712
1949,Postgraduate,Partner,58607.0,0,1,2012-12-23,63,867,0,86,0,0,19,3,2,3,9,8,0,1,0,0,0,0,0,65,972,1,1,3,1,17,1,553,2,1,Established Families,0.34072823727998297,1.6694448161736886,0.27842088132126175
1954,Postgraduate,Partner,65324.0,0,1,2014-01-11,0,384,0,102,21,32,5,3,6,2,9,4,0,0,0,0,0,0,0,60,544,1,1,3,1,20,0,169,2,1,Established Families,0.9019110174722181,0.7127680921711858,0.11272323105914839
1951,Graduate,Partner,40689.0,0,1,2013-03-18,69,270,3,27,39,6,99,7,7,1,5,8,0,0,0,0,0,0,0,63,444,1,1,3,1,20,0,468,1,1,Established Families,-0.380740841491898,1.6057581178099936,0.12836818157247235
1969,Graduate,Single,18589.0,0,0,2013-01-02,89,6,4,25,15,12,13,2,2,1,3,7,0,0,0,0,0,0,0,45,75,0,0,1,0,8,0,543,1,2,Young Starters,-1.4956964271312856,-0.5098250040097104,0.3204136892054797
1976,Graduate,Partner,53359.0,1,1,2013-05-27,4,173,4,30,3,6,41,4,5,1,4,7,0,0,0,0,0,0,0,38,257,2,1,4,1,14,0,398,1,0,Budget Families,-1.1315068843103286,-0.0966126356635363,0.405057776361337
1986,Graduate,Single,51381.5,1,0,2013-02-20,19,5,1,3,3,263,362,0,27,0,0,1,0,0,0,0,0,0,0,28,637,1,0,2,1,27,0,494,1,1,Established Families,1.2169848106224506,-1.2969575905324233,0.9603903590787062
1989,Graduate,Partner,38360.0,1,0,2013-05-31,26,36,2,42,20,21,10,2,2,1,4,3,0,0,0,0,0,0,0,25,131,1,1,3,1,9,0,394,1,2,Young Starters,-0.9209037863518929,-1.802395887957151,0.17787818206787073
1965,Postgraduate,Partner,84618.0,0,0,2013-11-22,96,684,100,801,21,66,0,1,6,9,10,2,0,0,1,0,0,0,0,49,1672,0,1,2,0,26,1,219,2,3,Premium Spenders,3.3334011638329315,0.24313217532827203,0.39790397247508424
1989,Postgraduate,Single,10979.0,0,0,2014-05-22,34,8,4,10,2,2,4,2,3,0,3,5,0,0,0,0,0,0,0,25,30,0,0,1,0,8,0,38,2,2,Young Starters,-1.603821694551177,-2.4691916236577223,0.25984419067567505
1963,Postgraduate,Partner,38620.0,0,0,2013-05-11,56,112,17,44,34,22,89,1,2,5,3,3,0,0,0,0,0,0,0,51,318,0,1,2,0,11,0,414,2,2,Young Starters,0.07377978164056977,-0.42857660523682867,0.32949633414462903
1970,Graduate,Partner,40548.0,0,1,2012-10-10,31,110,0,5,2,0,3,2,2,1,4,5,0,1,0,0,0,0,0,44,120,1,1,3,1,9,1,627,1,2,Young Starters,-1.0075907117500107,-0.38446720570415577,0.6834584037302485
1952,Postgraduate,Single,46610.0,0,2,2012-10-29,8,96,12,96,33,22,43,6,4,1,6,6,0,0,0,0,0,0,1,62,302,2,0,3,1,17,0,608,2,0,Budget Families,-0.6627176022261853,1.5494083720087486,0.8649659377962837
1946,Postgraduate,Partner,68657.0,0,0,2013-02-20,4,482,34,471,119,68,22,1,3,5,9,7,0,0,0,0,0,0,0,68,1196,0,1,2,0,18,0,494,2,1,Established Families,1.4492354698395515,0.6655708054357562,0.608910990447374
1951,Postgraduate,Single,49389.0,1,1,2013-08-29,55,40,0,19,2,1,3,1,2,0,3,7,0,0,0,0,0,0,0,63,65,2,0,3,1,6,0,304,2,0,Budget Families,-1.5803782980432306,1.8524632027933623,0.212897708634449
1970,Postgraduate,Partner,67353.0,0,1,2013-12-31,37,702,17,151,0,8,35,5,5,6,12,2,0,0,0,0,0,0,0,44,913,1,1,3,1,28,0,180,2,1,Established Families,1.8941782720658875,0.06469642899300107,0.04417295338074707
1976,Undergraduate,Partner,23718.0,1,0,2013-09-02,76,6,3,14,15,7,36,3,3,1,2,7,0,0,0,0,0,0,0,38,81,1,1,3,1,9,0,300,0,2,Young Starters,-1.82302347491904,-0.36756514896764725,0.04362734132245957
1973,Graduate,Single,42429.0,0,1,2014-02-11,99,55,0,6,2,0,4,2,1,1,3,5,0,0,0,0,0,0,0,41,67,1,0,2,1,7,0,138,1,2,Young Starters,-1.1439133530014671,-0.005801437523641357,0.028377068405132093
1943,Postgraduate,Single,48948.0,0,0,2013-02-01,53,437,8,206,160,49,42,2,7,10,5,6,1,0,0,0,0,0,1,71,902,0,0,1,0,24,1,513,2,1,Established Families,1.282560370077594,1.336189359211943,0.9348653861303492
1980,Graduate,Partner,80011.0,0,1,2013-04-29,3,421,76,536,82,178,102,2,8,6,5,4,0,0,0,0,0,0,0,34,1395,1,1,3,1,21,0,426,1,3,Premium Spenders,1.7617929190261892,-0.9616691028509348,0.8254193929440283
1985,Postgraduate,Partner,20559.0,1,0,2013-03-12,88,13,1,29,3,0,7,2,2,0,3,8,0,0,0,0,0,0,0,29,53,1,1,3,1,7,0,474,2,2,Young Starters,-2.2938315743268474,-0.8808398658034918,0.11562534080505682
1957,Graduate,Partner,21994.0,0,1,2012-12-24,4,9,0,6,3,1,3,1,0,0,3,5,0,0,0,0,0,0,0,57,22,1,1,3,1,4,0,552,1,0,Budget Families,-1.6865163028212948,0.05207028346390664,0.3624827273645827
1959,Postgraduate,Single,51381.5,0,0,2013-11-05,80,81,11,50,3,2,39,1,1,3,4,2,0,0,0,0,0,0,0,55,186,0,0,1,0,9,0,236,2,3,Premium Spenders,0.35761566628275776,0.0313756305440221,0.13360179023153831
1975,Postgraduate,Partner,7500.0,1,0,2013-10-02,19,3,1,10,3,2,12,3,2,0,3,5,0,0,0,0,0,0,0,39,31,1,1,3,1,8,0,270,2,2,Young Starters,-1.9767463358233925,-0.9935479902997103,0.30740884585725736
1976,Graduate,Single,79941.0,0,0,2014-06-28,72,123,164,266,227,30,174,1,2,4,9,1,0,0,0,0,0,0,0,38,984,0,0,1,0,16,0,1,1,3,Premium Spenders,2.10323049596422,-0.9767349715545416,0.022480361836595842
1996,Undergraduate,Partner,7500.0,0,0,2012-11-09,24,3,18,14,15,22,50,3,3,1,3,9,0,0,0,0,0,0,1,18,122,0,1,2,0,10,0,597,0,2,Young Starters,-2.2250739085632367,-2.834371356288766,0.5459739938104391
1968,Graduate,Partner,41728.0,1,0,2013-05-24,92,13,6,15,3,5,13,1,2,0,2,10,0,0,0,0,0,0,0,46,55,1,1,3,1,5,0,401,1,2,Young Starters,-2.0573717025262597,0.42967843430514513,0.09481699778106772
1951,Graduate,Single,51381.5,2,1,2014-01-01,96,48,5,48,6,10,7,3,2,1,4,6,0,0,0,0,0,0,0,63,124,3,0,4,1,10,0,179,1,0,Budget Families,-1.5165638877981304,2.965975373280366,0.026858376413115975
1954,Postgraduate,Partner,72550.0,1,1,2012-11-08,39,826,50,317,50,38,38,9,5,2,12,8,0,0,0,0,0,0,0,60,1319,2,1,4,1,28,0,598,2,1,Established Families,1.1091560114501757,2.101592092405448,0.3654805212976065
1957,Graduate,Single,65486.0,0,1,2014-05-12,29,245,19,125,37,67,14,1,4,2,10,2,0,0,0,0,0,0,0,57,507,1,0,2,1,17,0,48,1,1,Established Families,1.0034253884647255,0.6217857492539155,0.03400602901257521
1964,Postgraduate,Partner,79143.0,0,0,2012-08-11,2,650,37,780,27,167,32,1,6,9,13,3,0,0,0,0,0,0,0,50,1693,0,1,2,0,29,0,687,2,3,Premium Spenders,3.2253403561525347,-0.4542716282154502,0.9256288255335527
1977,Graduate,Single,35790.0,1,0,2013-01-02,54,12,6,20,30,1,3,2,2,0,3,7,0,0,0,0,0,0,0,37,72,1,0,2,1,7,0,543,1,2,Young Starters,-1.6749727511768848,-0.6272843966018571,0.46023155202758775
1977,Graduate,Single,82582.0,0,0,2014-06-07,54,510,120,550,156,40,241,1,4,9,7,1,1,0,0,1,0,0,1,37,1617,0,0,1,0,21,2,22,1,3,Premium Spenders,2.981507573490222,-1.1094757009733007,0.9287989615510707
1978,Graduate,Partner,66373.0,1,1,2013-06-12,57,328,9,124,12,24,109,7,4,2,10,3,0,0,0,0,0,0,0,36,606,2,1,4,1,23,0,382,1,1,Established Families,0.6393881726911694,0.32962173062199196,0.04077442608412357
1955,Postgraduate,Partner,82384.0,0,0,2012-11-19,55,984,51,432,180,120,190,1,3,10,13,1,0,0,1,0,0,0,1,59,1957,0,1,2,0,27,1,587,2,3,Premium Spenders,3.8443010131304343,0.5016250268819472,0.6204450301939962
1966,Graduate,Single,70287.0,0,0,2013-04-02,30,295,35,482,121,120,40,1,5,5,10,3,0,0,0,0,0,0,1,48,1093,0,0,1,0,21,0,453,1,3,Premium Spenders,2.02551930770975,-0.531351715675436,0.49367929938116684
1988,Graduate,Single,27938.0,1,0,2014-04-28,31,13,0,8,2,1,5,1,1,0,4,3,0,0,0,0,0,0,0,26,29,1,0,2,1,6,0,62,1,2,Young Starters,-1.4161249153987556,-1.8005089138611112,0.0857049940479003
1982,Graduate,Single,51381.5,1,0,2013-06-17,57,11,3,22,2,2,6,2,2,0,3,6,0,0,0,0,0,0,0,32,46,1,0,2,1,7,0,377,1,2,Young Starters,-1.216140219646991,-0.9090169369674723,0.2720016634783869
1968,Postgraduate,Partner,55954.0,0,1,2014-03-03,63,447,0,28,0,0,43,3,8,2,6,7,0,0,0,0,0,0,0,46,518,1,1,3,1,19,0,118,2,1,Established Families,-0.02916639545448352,0.40593708112125715,0.0409254188313718
1982,Postgraduate,Single,75777.0,0,0,2013-07-04,12,712,26,538,69,13,80,1,3,6,11,1,0,1,1,0,0,0,1,32,1438,0,0,1,0,21,2,360,2,3,Premium Spenders,2.608319728136961,-1.8476150304223231,0.9750362607338551
1975,Graduate,Partner,66653.0,1,1,2012-09-07,18,452,18,102,16,18,6,4,4,2,12,3,0,0,0,0,0,0,0,39,612,2,1,4,1,22,0,660,1,1,Established Families,0.6183727811865496,0.155661962955664,0.078223093765856
1952,Graduate,Single,61823.0,0,1,2013-02-18,26,523,7,134,37,14,169,4,8,2,10,7,0,0,0,0,0,0,0,62,884,1,0,2,1,24,0,496,1,1,Established Families,0.8722855126268633,1.2713028450046957,0.5738040505218339
1951,Postgraduate,Single,67680.0,0,1,2013-06-11,8,546,0,48,0,6,6,1,7,3,8,5,0,0,0,0,0,0,0,63,606,1,0,2,1,19,0,383,2,1,Established Families,0.8211532382082749,1.0134576356057936,0.4834393106622692
1948,Graduate,Partner,70666.0,0,0,2013-12-06,29,398,40,367,119,122,30,1,7,4,4,4,0,0,0,0,0,0,0,66,1076,0,1,2,0,16,0,205,1,3,Premium Spenders,1.7554876871628455,0.5986143412235698,0.26119433483287224
1971,Graduate,Partner,25721.0,1,0,2013-05-21,75,1,3,6,3,6,15,1,1,1,2,7,0,0,0,0,0,0,1,43,34,1,1,3,1,5,0,404,1,2,Young Starters,-1.9943873455933148,-0.12239517822224726,0.07982696930197736
1967,Graduate,Partner,32474.0,1,1,2014-05-11,0,10,0,1,0,0,0,1,1,0,2,7,0,0,0,0,0,0,0,47,11,2,1,4,1,4,0,49,1,0,Budget Families,-2.318550198776516,0.1598289133540471,0.09893681229543214
1979,Undergraduate,Single,88194.0,0,1,2014-03-19,19,688,14,309,201,24,38,1,11,10,10,5,1,0,0,1,0,0,1,35,1274,1,0,2,1,32,2,102,0,1,Established Families,2.3351003282040894,-0.40940760685455246,0.6811225199731284
1958,Graduate,Partner,69096.0,0,1,2013-09-27,4,247,49,159,7,82,109,1,5,2,10,4,0,0,0,0,0,0,0,56,653,1,1,3,1,18,0,275,1,1,Established Families,0.9275328912742642,0.4447948075625768,0.08332583373599242
1970,Graduate,Partner,74854.0,1,2,2013-04-08,90,856,59,487,58,29,73,7,2,5,5,5,0,0,0,0,0,0,0,44,1562,3,1,5,1,19,0,447,1,1,Established Families,0.7504467861576818,1.835027560463358,0.04154814677616904
1954,Postgraduate,Partner,66991.0,0,0,2012-09-11,1,496,36,460,189,60,12,3,4,8,6,3,0,0,0,0,0,0,0,60,1253,0,1,2,0,21,0,656,2,3,Premium Spenders,2.205288581239653,-0.009222292377479917,0.9133927712769543
1973,Undergraduate,Partner,51381.5,1,0,2012-09-14,25,25,3,43,17,4,17,3,3,0,3,8,0,0,0,0,0,0,0,41,109,1,1,3,1,9,0,653,0,2,Young Starters,-1.286912811977258,-0.46550222396476015,0.39132737014414404
1959,Graduate,Partner,65031.0,0,1,2013-03-17,29,258,107,291,84,37,86,4,10,3,13,7,0,0,0,0,0,0,0,55,863,1,1,3,1,30,0,469,1,1,Established Families,1.20345541921742,0.9824215252299784,0.1631457922500216
1975,Postgraduate,Partner,60631.0,1,1,2013-04-05,88,565,6,65,0,6,19,5,9,2,8,7,0,1,0,0,0,0,0,39,661,2,1,4,1,24,1,450,2,1,Established Families,-0.012986573686297357,0.9770601431098684,0.2080044230902446
1952,Graduate,Partner,28332.0,0,0,2014-04-30,58,14,10,13,4,15,9,1,2,1,4,2,0,0,0,0,0,0,0,62,65,0,1,2,0,8,0,60,1,2,Young Starters,-0.2784759528475037,0.18414733002473804,0.022104555145267827
1977,Graduate,Single,40246.0,1,0,2012-12-19,68,2,1,6,2,1,1,1,1,0,2,6,0,0,0,0,0,0,0,37,13,1,0,2,1,4,0,557,1,2,Young Starters,-1.6263342500568765,-0.5901858432251487,0.325450451669228
1972,Postgraduate,Partner,75251.0,0,0,2012-08-27,34,721,111,925,97,18,18,1,7,6,5,5,0,0,0,0,0,0,1,42,1890,0,1,2,0,19,0,671,2,3,Premium Spenders,2.317215300006959,-0.8768882044816133,0.9425449782466813
1976,Graduate,Single,75825.0,0,0,2012-10-12,40,1032,105,779,137,105,51,0,5,8,9,4,1,0,0,0,0,0,1,38,2209,0,0,1,0,22,1,625,1,3,Premium Spenders,2.9000100400728632,-1.076824385908785,0.9505709549762188
1976,Undergraduate,Partner,26326.0,0,0,2013-09-04,12,1,0,5,0,3,9,1,0,0,3,3,0,0,0,0,0,1,0,38,18,0,1,2,0,4,0,298,0,2,Young Starters,-1.0205814308210792,-1.9040557129435203,0.043198097155085206
1965,Graduate,Partner,56046.0,0,0,2013-01-02,9,577,0,64,0,0,51,2,10,1,8,8,1,0,0,0,0,0,1,49,692,0,1,2,0,21,1,543,1,1,Established Families,0.5308233822693667,-0.4860036746729872,0.7056186944482128
1985,Graduate,Single,29760.0,1,0,2012-08-29,87,64,4,68,7,5,17,4,3,1,4,8,0,0,0,0,0,0,0,29,165,1,0,2,1,12,0,669,1,2,Young Starters,-1.6923781945393448,-0.7385266484752834,0.46891211305503705
1969,Graduate,Partner,26304.0,1,0,2013-06-23,5,4,1,5,2,0,4,1,1,0,2,7,0,0,0,0,0,0,0,45,16,1,1,3,1,4,0,371,1,2,Young Starters,-2.0444062800241714,-0.6420296885087787,0.3940193184588775
1973,Undergraduate,Partner,23559.0,1,0,2013-07-03,87,25,5,19,7,0,23,3,3,0,3,7,0,0,0,0,0,0,0,41,79,1,1,3,1,9,0,361,0,2,Young Starters,-1.7952064302716206,-0.06673215915992185,0.03580120705776269
1987,Graduate,Single,81361.0,0,0,2014-02-25,18,163,23,424,27,65,76,1,3,10,13,1,0,0,0,0,0,0,0,27,778,0,0,1,0,27,0,124,1,3,Premium Spenders,2.471108437869786,-1.933760604091678,0.3578730806155213
1960,Graduate,Partner,29440.0,1,1,2013-08-11,95,17,8,14,10,4,3,2,1,0,4,7,0,0,0,0,0,0,0,54,56,2,1,4,1,7,0,322,1,0,Budget Families,-2.0894760221898423,1.545765746590239,0.013057676963311683
1970,Postgraduate,Partner,36138.0,1,1,2013-07-16,48,130,0,16,0,0,5,5,3,1,4,7,0,1,0,0,0,0,0,44,151,2,1,4,1,13,1,348,2,0,Budget Families,-1.6165064953533979,0.6118199797064277,0.5687431123422413
1957,Graduate,Single,50388.0,0,1,2014-05-28,3,292,6,37,0,3,34,4,6,1,6,7,0,1,0,1,0,0,1,57,372,1,0,2,1,17,2,32,1,1,Established Families,-0.29555528246074597,0.5380674738733748,0.8414460130493977
1973,Graduate,Partner,79593.0,0,0,2014-05-12,70,350,60,568,110,133,145,1,5,6,7,2,0,0,1,0,0,0,0,41,1366,0,1,2,0,19,1,48,1,3,Premium Spenders,2.4611126436413815,-0.7007792117801123,0.22855395607398665
1967,Graduate,Partner,54178.0,0,1,2014-01-21,79,135,9,39,4,0,7,1,2,2,5,2,0,0,0,0,0,0,0,47,194,1,1,3,1,10,0,159,1,0,Budget Families,-0.03160391863338908,0.20478309057650385,0.009840593586530456
1957,Postgraduate,Partner,51381.5,2,1,2012-11-19,4,230,42,192,49,37,53,12,7,2,8,9,0,0,0,0,0,0,0,57,603,3,1,5,1,29,0,587,2,1,Established Families,-0.5827967755181938,2.2750065297619195,0.8271865676848545
1957,Graduate,Single,51381.5,1,1,2014-05-27,45,7,0,8,2,0,1,1,1,0,2,7,0,0,0,0,0,0,0,57,18,2,0,3,1,4,0,33,1,0,Budget Families,-1.7534068321855893,1.3227868515960761,0.07473825490667338
1973,Postgraduate,Partner,51381.5,0,0,2013-11-23,87,445,37,359,98,28,18,1,2,4,8,1,0,0,0,0,0,0,0,41,985,0,1,2,0,15,0,218,2,3,Premium Spenders,1.4054155171927427,-0.7877405563761132,0.014781022020682365
1972,Postgraduate,Single,42394.0,1,0,2014-03-23,69,15,2,10,0,1,4,1,1,0,3,7,0,0,0,0,0,0,0,42,32,1,0,2,1,5,0,98,2,2,Young Starters,-1.6135602515991363,-0.17073117549948724,0.13909958342324452
1970,Postgraduate,Partner,23626.0,1,0,2014-05-24,84,27,2,14,0,0,0,3,3,1,3,5,0,0,0,0,0,0,0,44,43,1,1,3,1,10,0,36,2,2,Young Starters,-1.4067447871906869,0.048459745357474694,0.023441813496826683
1983,Graduate,Partner,30096.0,1,0,2014-05-22,30,5,3,11,12,5,9,1,2,0,3,6,0,0,0,0,0,0,0,31,45,1,1,3,1,6,0,38,1,2,Young Starters,-1.7927039996330807,-1.3375857496089787,0.06547154289497908
1960,Graduate,Single,47916.0,0,1,2012-11-22,72,505,0,26,0,0,75,5,7,4,6,6,0,1,0,0,0,0,0,54,606,1,0,2,1,22,1,584,1,1,Established Families,0.27901836708449584,1.0134901076969656,0.6711338157945447
1972,Graduate,Single,51813.0,1,1,2013-04-11,37,51,2,7,0,1,2,2,2,0,3,7,0,0,0,0,0,0,0,42,63,2,0,3,1,7,0,444,1,0,Budget Families,-1.690242086299521,0.31104226238152605,0.3742848778944846
1951,Undergraduate,Partner,78497.0,0,0,2013-12-01,44,207,26,447,75,0,223,1,5,7,12,2,0,0,0,1,0,0,0,63,978,0,1,2,0,25,1,210,0,3,Premium Spenders,2.6761337972796517,0.6966025222340594,0.26235642347140764
1983,Postgraduate,Partner,50150.0,0,0,2013-06-20,32,135,46,92,65,61,11,2,5,2,7,5,0,0,0,0,0,0,0,31,410,0,1,2,0,16,0,374,2,2,Young Starters,0.17069971991813834,-1.7438885701336515,0.32106769877052155
1960,Undergraduate,Single,47823.0,0,1,2013-07-23,0,53,1,5,2,1,10,2,2,0,3,8,0,0,0,0,0,0,0,54,72,1,0,2,1,7,0,341,0,0,Budget Families,-1.3859170710459114,0.12187176985180746,0.4573756428259982
1959,Postgraduate,Single,34554.0,0,1,2014-03-30,43,41,1,6,2,0,5,2,2,0,3,6,0,0,0,0,0,0,0,55,55,1,0,2,1,7,0,91,2,0,Budget Families,-1.3673624933769797,0.43665609917390963,0.19487844227724746
1979,Graduate,Partner,85693.0,0,1,2013-04-20,59,386,172,183,185,132,111,2,9,5,11,5,0,0,0,0,0,0,0,35,1169,1,1,3,1,27,0,435,1,1,Established Families,1.904474176989701,-0.16925333889458025,0.08568776474574354
1945,Postgraduate,Partner,65846.0,0,0,2013-05-17,68,562,81,276,80,40,81,1,6,3,6,4,0,0,0,0,0,0,0,69,1120,0,1,2,0,16,0,408,2,3,Premium Spenders,1.7171338727903405,1.1305001886923347,0.23287087726446498
1959,Graduate,Partner,87195.0,0,0,2014-05-08,35,217,76,690,50,26,38,1,3,11,5,1,0,0,0,0,0,0,1,55,1097,0,1,2,0,20,0,52,1,3,Premium Spenders,2.7740219931350745,-0.04918475654051967,0.23650875334017712
1979,Undergraduate,Partner,24594.0,1,0,2013-12-10,94,1,3,6,10,0,9,1,1,0,3,5,0,0,0,0,0,0,0,35,29,1,1,3,1,5,0,201,0,2,Young Starters,-1.776984982669727,-0.5776393456545863,0.005033528273023922
1964,Graduate,Partner,49096.0,1,1,2013-09-24,15,144,1,32,2,1,7,4,4,1,4,7,0,0,0,0,0,0,0,50,187,2,1,4,1,13,0,278,1,0,Budget Families,-1.2221338555925645,0.7714743086489293,0.2324678101043463
1969,Graduate,Partner,52413.0,0,2,2013-02-02,56,295,106,271,75,98,65,4,6,4,12,6,0,0,0,0,0,0,0,45,910,2,1,4,1,26,0,512,1,1,Established Families,0.3430065771657053,1.0468178141829234,0.06520720466057335
1978,Graduate,Single,38557.0,1,0,2012-12-19,17,76,3,31,4,4,27,2,3,1,3,7,0,0,0,0,0,0,0,36,145,1,0,2,1,9,0,557,1,2,Young Starters,-1.4484733971775958,-0.9746178606718712,0.8127988166194428
1960,Postgraduate,Partner,89058.0,0,0,2012-12-07,18,454,194,106,31,22,43,1,5,4,4,2,0,0,0,0,0,0,0,54,850,0,1,2,0,14,0,569,2,3,Premium Spenders,2.0830026770171055,-0.34775302210142556,0.7260264533449621
1979,Graduate,Partner,77298.0,0,1,2013-11-02,46,425,115,292,23,35,79,1,6,6,11,3,0,0,0,0,0,0,0,35,969,1,1,3,1,24,0,239,1,3,Premium Spenders,1.6889277436169654,-0.46880428673651237,0.08050183995394997
1991,Postgraduate,Single,68126.0,0,0,2012-11-10,40,1332,17,311,23,51,86,1,7,4,5,9,0,1,0,0,0,0,1,23,1820,0,0,1,0,17,1,596,2,3,Premium Spenders,1.117474973993223,-2.005452806912527,0.9705586691832638
1963,Postgraduate,Partner,57288.0,0,1,2014-06-25,27,527,0,21,0,0,60,3,8,1,8,6,0,1,0,0,0,0,0,51,608,1,1,3,1,20,1,4,2,1,Established Families,0.3478569251380003,0.39847406336295726,0.1709909455001826
1991,Graduate,Single,86037.0,0,0,2013-01-02,95,490,44,125,29,20,22,1,6,7,11,3,0,1,1,0,0,0,1,23,730,0,0,1,0,25,2,543,1,3,Premium Spenders,2.0671341154761325,-1.444093020442139,0.6614164411112166
1980,Postgraduate,Partner,43974.0,1,0,2012-12-12,19,378,0,101,0,0,72,5,6,4,6,7,0,0,0,0,0,0,0,34,551,1,1,3,1,21,0,564,2,1,Established Families,-0.3018247685852836,-0.8074329254504218,0.6361145155231862
1962,Graduate,Single,50785.0,1,1,2013-09-10,27,64,1,21,0,1,27,2,2,1,3,6,0,0,0,0,0,0,0,52,114,2,0,3,1,8,0,292,1,0,Budget Families,-1.3456095866585993,0.8669413243605298,0.3069009701343977
1970,Graduate,Partner,90765.0,0,0,2014-01-24,25,547,99,812,151,82,33,0,4,6,5,1,0,0,1,1,0,0,0,44,1724,0,1,2,0,15,2,156,1,3,Premium Spenders,2.988675326991688,-1.0103060073670092,0.9325048301310848
1978,Undergraduate,Partner,36550.0,1,0,2013-02-19,74,47,90,94,123,103,120,5,9,1,5,9,0,0,0,0,0,0,0,36,577,1,1,3,1,20,0,495,0,2,Young Starters,-0.8116008491840112,-0.14698423417459824,0.2478880614742476
1967,Undergraduate,Partner,30753.0,1,1,2013-07-11,85,12,5,25,0,9,30,2,1,1,3,5,0,0,0,0,0,0,0,47,81,2,1,4,1,7,0,353,0,0,Budget Families,-1.7831358532944772,0.9042701569592605,0.016209701886617085
1969,Graduate,Partner,21918.0,1,0,2013-11-14,37,1,6,7,11,5,3,2,2,0,3,6,0,0,0,0,0,0,0,45,33,1,1,3,1,7,0,227,1,2,Young Starters,-1.7906030556404922,-0.3446613147435117,0.098049284487428
1953,Postgraduate,Partner,56129.0,0,1,2013-06-20,65,320,48,133,39,72,48,4,6,2,10,4,0,0,0,0,0,0,0,61,660,1,1,3,1,22,0,374,2,1,Established Families,0.9204547944792886,1.3696272233107236,0.05067832001840522
1967,Postgraduate,Single,32557.0,1,0,2014-02-24,13,34,3,29,0,4,10,3,2,1,3,5,0,0,0,0,0,0,1,47,80,1,0,2,1,9,0,125,2,2,Young Starters,-1.2021714101394785,-0.3789723498148985,0.5019168712380996
1985,Postgraduate,Partner,19510.0,2,0,2013-09-04,63,9,0,7,3,4,7,2,1,0,3,7,0,0,0,0,0,0,0,29,30,2,1,4,1,6,0,298,2,2,Young Starters,-2.6714583662815574,-0.4911487758300366,0.0997626439432524
1976,Graduate,Single,30992.0,1,0,2013-04-22,83,17,0,14,7,3,2,1,1,0,3,7,0,0,0,0,0,0,0,38,43,1,0,2,1,5,0,433,1,2,Young Starters,-1.9132085260761234,-0.3634651211657152,0.1653076534231902
1983,Graduate,Single,101970.0,0,0,2013-03-12,69,722,27,102,44,72,168,0,6,8,13,2,0,1,1,1,0,0,1,31,1135,0,0,1,0,27,3,474,1,3,Premium Spenders,3.1491304520814394,-1.0869184783130699,0.9462512942985365
1965,Undergraduate,Partner,71488.0,0,0,2013-02-18,87,162,33,124,40,28,172,2,3,4,7,1,0,0,0,0,0,0,0,49,559,0,1,2,0,16,0,496,0,3,Premium Spenders,1.6581344029134262,-0.11777074022901468,0.03749978189335561
1984,Graduate,Single,79607.0,0,0,2013-04-21,37,450,133,951,173,0,216,1,3,6,6,1,0,0,0,0,0,0,1,30,1923,0,0,1,0,16,0,434,1,3,Premium Spenders,2.807969065814503,-1.8783636144091547,0.8209148622825104
1953,Postgraduate,Partner,54348.0,1,1,2014-06-08,51,70,0,16,0,0,4,2,2,0,4,6,0,0,0,0,0,0,0,61,90,2,1,4,1,8,0,21,2,0,Budget Families,-1.1835668299280593,1.706485164258613,0.03208810624619564
1961,Postgraduate,Partner,51381.5,0,1,2013-07-11,23,352,0,27,10,0,15,3,6,1,7,6,0,0,0,0,0,0,0,53,404,1,1,3,1,17,0,353,2,1,Established Families,-0.11882728668778995,0.4107712036017106,0.15617576751474047
1956,Postgraduate,Partner,77376.0,1,1,2014-05-10,72,492,19,110,16,12,12,4,6,3,10,4,0,0,0,0,0,0,0,58,661,2,1,4,1,23,0,50,2,1,Established Families,1.0150278337172276,2.033120592337888,0.009377824068025571
1952,Graduate,Partner,62998.0,0,1,2013-09-30,10,120,58,73,65,89,58,5,5,4,5,5,0,0,0,0,0,0,0,62,463,1,1,3,1,19,0,272,1,1,Established Families,0.5781714978374667,0.950625351958186,0.30506592402271443
1958,Postgraduate,Single,61331.0,1,1,2013-03-10,42,534,5,47,0,5,41,5,11,1,6,8,0,0,0,0,0,0,0,56,632,2,0,3,1,23,0,476,2,1,Established Families,-0.07289487364337491,1.7270775813067913,0.6282941833151299
1969,Graduate,Partner,73448.0,0,0,2014-02-10,10,236,106,189,23,41,130,1,7,2,9,4,0,0,0,0,0,0,0,45,725,0,1,2,0,19,0,139,1,3,Premium Spenders,1.4711048824663042,-0.8870353425828698,0.17132810248919822
1963,Graduate,Partner,51381.5,0,1,2013-08-11,96,231,65,196,38,71,124,1,6,5,7,4,0,0,0,0,0,0,0,51,725,1,1,3,1,19,0,322,1,1,Established Families,0.5910621759940975,0.8842285028172694,0.025353414802140053
1964,Postgraduate,Partner,41551.0,1,1,2013-08-14,51,220,0,33,3,0,23,5,5,1,5,8,0,0,0,0,0,0,0,50,279,2,1,4,1,16,0,319,2,0,Budget Families,-1.3072288826556777,1.1723012915059308,0.20142844226101844
1967,Postgraduate,Partner,62981.0,0,0,2013-03-17,21,796,14,590,38,44,0,1,4,5,13,3,0,1,0,0,0,0,0,47,1482,0,1,2,0,23,1,469,2,3,Premium Spenders,2.2886531818004343,-0.6843252674319071,0.6721045609055107
1976,Undergraduate,Single,9548.0,1,0,2012-08-08,31,0,1,3,10,6,9,2,1,0,3,8,0,0,0,0,0,0,0,38,29,1,0,2,1,6,0,690,0,2,Young Starters,-2.547422158364122,-0.8625094049912116,0.6537524007833003
1959,Postgraduate,Partner,33762.0,2,1,2013-07-07,61,53,1,34,2,0,16,3,2,2,2,8,0,0,0,0,0,0,0,55,106,3,1,5,1,9,0,357,2,0,Budget Families,-2.4247260233075023,2.095722219179652,0.1387897685282429
1973,Postgraduate,Single,35860.0,1,1,2014-05-19,37,15,0,8,4,2,20,2,1,1,2,5,1,0,0,0,0,0,1,41,49,2,0,3,1,6,1,41,2,0,Budget Families,-1.81839200169776,0.06648659732680601,0.5497776795619413
1965,Postgraduate,Single,36921.0,1,1,2013-07-28,74,17,1,12,3,1,4,2,2,0,3,7,0,0,0,0,0,0,0,49,38,2,0,3,1,7,0,336,2,0,Budget Families,-1.9839811888857923,1.0529121363903349,0.15648329047551515
1992,Postgraduate,Single,92859.0,0,0,2012-10-19,46,962,61,921,52,61,20,1,5,4,12,2,0,0,0,0,0,0,0,22,2077,0,0,1,0,22,0,618,2,3,Premium Spenders,3.3520518476540038,-2.1020877053099083,0.7552730529619143
1976,Postgraduate,Partner,65104.0,0,1,2013-11-14,4,738,0,232,13,20,50,2,3,5,7,7,0,0,0,0,0,0,1,38,1053,1,1,3,1,17,0,227,2,1,Established Families,0.4351014123021756,-0.698715893982023,0.2732812419722156
1962,Graduate,Partner,86111.0,0,0,2013-04-19,73,399,28,756,36,40,126,1,5,7,10,2,0,0,0,0,0,0,0,52,1385,0,1,2,0,23,0,436,1,3,Premium Spenders,2.9779745676896883,0.18697583036362903,0.1801254072387563
1974,Postgraduate,Single,68352.0,0,1,2013-08-28,47,614,16,132,43,33,33,3,8,5,9,6,0,0,0,0,0,0,0,40,871,1,0,2,1,25,0,305,2,1,Established Families,1.0105586878190458,-0.007769871374917146,0.2857635190294241
1988,Graduate,Partner,41883.0,1,0,2013-03-19,13,32,34,41,73,16,116,3,4,2,3,7,0,0,0,0,0,0,0,26,312,1,1,3,1,12,0,467,1,2,Young Starters,-1.1595817995649542,-1.6069886542101226,0.6429622490867827
1976,Graduate,Partner,59809.0,0,2,2012-10-18,36,598,16,141,32,41,49,3,3,3,6,8,0,0,0,0,0,0,0,38,877,2,1,4,1,15,0,619,1,1,Established Families,-0.5507767746174519,0.2575660038636385,0.2810447333701398
1975,Graduate,Partner,23957.0,1,0,2012-10-28,47,2,1,18,20,11,16,1,2,0,3,6,0,0,0,0,0,0,1,39,68,1,1,3,1,6,0,609,1,2,Young Starters,-1.831432551068786,-0.6735654861822833,0.22381714141568756
1981,Graduate,Partner,38547.0,1,0,2013-08-28,49,6,1,10,0,1,4,1,1,0,2,8,0,0,0,0,0,1,0,33,22,1,1,3,1,4,0,305,1,2,Young Starters,-2.032892548892656,-0.9545807417358338,0.10603132979630597
1973,Undergraduate,Partner,35688.0,2,1,2012-08-22,94,73,3,90,12,1,32,7,4,1,4,8,0,0,0,0,0,0,0,41,211,3,1,5,1,16,0,676,0,0,Budget Families,-2.026864148651605,1.619512008762274,0.10307711452073569
1966,Postgraduate,Partner,49605.0,0,0,2014-06-21,65,42,16,29,12,20,8,1,2,1,4,3,0,0,0,0,0,0,0,48,127,0,1,2,0,8,0,8,2,2,Young Starters,-0.03285494579283437,-0.561223768510722,0.035802130539304367
1953,Postgraduate,Partner,59354.0,0,2,2014-04-24,59,295,21,78,39,13,13,1,4,4,7,3,0,0,0,0,0,0,0,61,459,2,1,4,1,16,0,66,2,0,Budget Families,0.20642941933711334,1.8424224522438917,0.023016789126993335
1969,Graduate,Partner,65747.0,0,1,2014-03-07,96,346,17,48,23,13,13,4,8,1,6,6,0,1,0,0,0,0,0,45,460,1,1,3,1,19,1,114,1,1,Established Families,0.31222966496932403,0.6411378076974882,0.04369691740792322
1972,Undergraduate,Partner,46344.0,0,1,2012-12-14,28,233,20,57,8,20,91,4,7,1,5,7,0,0,0,0,0,0,0,42,429,1,1,3,1,17,0,562,0,1,Established Families,-0.49548321688047364,-0.264684840298982,0.272210789738812
1988,Graduate,Single,34176.0,1,0,2014-05-12,12,5,7,24,19,14,20,4,3,0,4,6,0,0,0,0,0,0,0,26,89,1,0,2,1,11,0,48,1,2,Young Starters,-1.4256240749043105,-1.7048044499119948,0.3547803365126344
1952,Postgraduate,Partner,61010.0,0,1,2012-10-09,57,888,0,57,0,0,76,2,8,5,11,5,0,0,0,0,0,0,0,62,1021,1,1,3,1,26,0,628,2,1,Established Families,1.4196960900905435,1.5039380759471157,0.1112815500740589
1949,Graduate,Partner,69372.0,0,0,2013-02-19,10,997,26,269,34,13,42,1,10,4,6,4,0,1,1,0,0,0,1,65,1381,0,1,2,0,21,2,495,1,3,Premium Spenders,2.2603436912768107,0.4552534040592345,0.9561423364738213
1958,Graduate,Single,49967.0,0,1,2013-07-08,4,212,6,69,4,12,3,3,6,1,5,7,0,0,0,0,0,0,0,56,306,1,0,2,1,15,0,356,1,1,Established Families,-0.48760650117790283,0.43464900276116203,0.4900939124163712
1978,Graduate,Single,60199.0,1,2,2013-09-12,49,8,1,7,2,0,0,1,0,0,3,4,0,0,0,0,0,0,0,36,18,3,0,4,1,4,0,290,1,0,Budget Families,-1.706811711537263,0.5437384019974316,0.06367323596257557
1977,Graduate,Partner,55375.0,0,1,2013-10-17,3,42,11,57,10,28,14,1,1,1,6,2,0,0,0,0,0,0,0,37,162,1,1,3,1,9,0,255,1,2,Young Starters,-0.20586571550094823,-1.1728954579986364,0.1303108090855756
1955,Graduate,Single,80317.0,0,0,2013-08-20,64,536,11,387,149,91,57,1,3,4,10,1,0,0,0,0,0,0,0,59,1231,0,0,1,0,18,0,313,1,3,Premium Spenders,2.657354703927829,0.3994550372706776,0.09627736820524188
1958,Postgraduate,Single,30523.0,2,1,2013-07-01,0,5,0,3,0,0,5,1,1,0,2,7,0,0,0,0,0,0,0,56,13,3,0,4,1,4,0,363,2,0,Budget Families,-2.7044185687522826,1.4417844938222244,0.6868179465034087
1945,Postgraduate,Partner,70356.0,0,0,2012-11-05,20,1349,16,249,43,16,33,2,10,6,9,6,0,0,0,0,0,0,0,69,1706,0,1,2,0,27,0,601,2,1,Established Families,2.6220763399148477,1.0279239111566563,0.524811248523268
1984,Graduate,Partner,23228.0,1,0,2014-01-05,91,53,3,49,7,4,5,4,3,0,4,8,0,0,0,0,0,0,0,30,121,1,1,3,1,11,0,175,1,2,Young Starters,-1.9308860040191225,-0.684863518964688,0.03802944919434216
1975,Postgraduate,Single,74165.0,0,0,2013-05-01,9,1001,12,240,16,12,12,1,5,4,10,2,0,0,0,0,0,0,0,39,1293,0,0,1,0,20,0,424,2,3,Premium Spenders,2.2970105396035287,-1.3850869690862189,0.4798897074207358
1973,Postgraduate,Partner,157243.0,0,1,2014-03-01,98,20,2,1582,1,2,1,15,0,22,0,0,0,0,0,0,0,0,0,41,1608,1,1,3,1,37,0,120,2,3,Premium Spenders,5.439322451832487,0.9017280219960716,0.9957860463963728
1966,Graduate,Partner,43482.0,2,1,2013-11-13,83,18,1,32,6,3,28,3,2,0,4,6,0,0,0,0,0,0,0,48,88,3,1,5,1,9,0,228,1,0,Budget Families,-1.9511096880667602,1.7831535797182791,0.013335050424014203
1953,Graduate,Single,62551.0,0,0,2013-11-18,27,125,16,98,134,21,27,1,6,7,4,3,1,0,0,0,0,0,0,61,421,0,0,1,0,18,1,223,1,1,Established Families,1.2311884429776432,0.2441864675121835,0.6770794899671961
1959,Graduate,Single,52332.0,0,0,2013-08-28,63,212,5,33,7,0,2,1,3,2,6,4,0,1,0,0,0,0,0,55,259,0,0,1,0,12,1,305,1,1,Established Families,0.28370838598455606,0.03249216157913608,0.20704243638247968
1988,Graduate,Single,66951.0,0,0,2013-11-02,46,277,162,305,173,76,124,1,3,4,7,1,0,0,0,0,0,0,0,26,1117,0,0,1,0,15,0,239,1,3,Premium Spenders,1.7220650600909126,-2.106036199806226,0.2260199020136817
1957,Graduate,Partner,26091.0,1,1,2014-02-25,84,15,10,19,8,17,20,3,2,1,3,5,0,0,0,0,0,0,0,57,89,2,1,4,1,9,0,124,1,0,Budget Families,-1.6664237887609634,1.5934361071179641,0.015457542320043654
1965,Graduate,Partner,33456.0,1,1,2014-04-21,58,7,3,10,8,1,7,2,1,0,3,7,0,0,0,0,0,0,0,49,36,2,1,4,1,6,0,69,1,0,Budget Families,-2.1279428301210146,0.8695462025362338,0.022645507078921254
1982,Graduate,Partner,28718.0,1,0,2013-07-13,78,12,4,6,11,8,16,2,2,0,3,8,0,0,0,0,0,0,0,32,57,1,1,3,1,7,0,351,1,2,Young Starters,-2.06782047255485,-0.7340686075483323,0.06506818506057362
1970,Graduate,Partner,50447.0,2,0,2014-04-21,4,85,7,24,2,3,27,1,3,1,3,6,0,0,0,0,0,0,0,44,148,2,1,4,1,8,0,69,1,0,Budget Families,-1.4122445290410683,0.11739003531366266,0.09610702028121829
1959,Postgraduate,Partner,53537.0,1,1,2014-01-30,17,81,0,6,0,0,6,2,2,1,3,5,0,0,0,0,0,0,0,55,93,2,1,4,1,8,0,150,2,0,Budget Families,-1.1042413132810753,0.948838334515545,0.16066176858332823
1967,Graduate,Single,52074.0,0,1,2014-04-04,77,59,0,12,0,0,48,1,2,2,2,4,1,0,0,0,0,0,0,47,119,1,0,2,1,7,1,86,1,0,Budget Families,-0.6478288018269456,0.1958809777224009,0.17388814892538026
1975,Postgraduate,Partner,80427.0,0,1,2012-09-12,56,1149,71,449,69,71,26,1,11,8,8,5,0,0,0,0,0,0,0,39,1835,1,1,3,1,28,0,655,2,3,Premium Spenders,2.4482193581889486,0.04082227287435673,0.6355380439576758
1948,Postgraduate,Partner,83837.0,0,0,2012-12-16,79,847,66,119,86,89,111,1,9,10,5,4,0,1,0,1,0,0,1,66,1318,0,1,2,0,25,2,560,2,3,Premium Spenders,2.801138480183559,1.3073347066709742,0.9477339641794357
1970,Postgraduate,Partner,38853.0,1,1,2014-05-23,90,29,0,14,0,0,2,2,2,0,3,7,0,0,0,0,0,0,0,44,45,2,1,4,1,7,0,37,2,0,Budget Families,-1.9820838412396173,0.8697713920825177,0.016530907325620445
1959,Graduate,Partner,38285.0,2,1,2014-06-24,96,2,0,5,2,0,1,1,0,0,3,2,0,0,0,0,0,0,0,55,10,3,1,5,1,4,0,5,1,0,Budget Families,-1.6955162049870247,2.0669509435502915,0.0017260312004273386
1976,Postgraduate,Partner,51650.0,0,1,2014-05-11,81,152,3,22,2,5,7,1,4,1,4,5,0,0,0,0,0,0,0,38,191,1,1,3,1,10,0,49,2,2,Young Starters,-0.681411409057602,-0.26631876606191174,0.02696451263166331
1988,Undergraduate,Partner,16248.0,1,0,2014-05-10,77,12,11,10,3,12,9,3,2,1,3,6,0,0,0,0,0,0,0,26,57,1,1,3,1,9,0,50,0,2,Young Starters,-1.9811872944525657,-1.239524053795074,0.00820192614070771
1946,Postgraduate,Partner,66835.0,0,0,2013-09-28,21,620,26,195,34,17,141,1,6,4,13,2,0,0,0,0,0,0,0,68,1033,0,1,2,0,24,0,274,2,3,Premium Spenders,2.4384064445025966,0.7473614726722435,0.08522220927660164
1984,Postgraduate,Partner,30477.0,1,0,2014-01-22,16,47,1,6,0,0,12,1,1,1,3,6,0,0,0,0,0,0,0,30,66,1,1,3,1,6,0,158,2,2,Young Starters,-1.7785759709550664,-1.531031489851747,0.2445991477262802
1961,Undergraduate,Partner,28249.0,0,0,2014-06-15,80,1,9,7,2,14,10,1,2,0,3,6,0,0,0,0,0,0,0,53,43,0,1,2,0,6,0,14,0,2,Young Starters,-1.1632892379731277,-0.09828829623937188,0.011876651546808552
1983,Graduate,Partner,25271.0,1,0,2012-12-05,45,10,1,18,10,4,7,1,1,1,2,9,0,0,0,0,0,0,0,31,50,1,1,3,1,5,0,571,1,2,Young Starters,-2.451143420192645,-1.1193453749958018,0.38775923183415634
1970,Postgraduate,Single,32303.0,0,1,2014-03-08,63,35,0,2,0,0,2,2,1,0,4,5,0,0,0,0,0,0,0,44,39,1,0,2,1,7,0,113,2,2,Young Starters,-1.3817000695817077,-0.17335744522863106,0.0869117034174386
1966,Graduate,Partner,61286.0,0,1,2013-08-02,34,356,0,107,19,9,117,2,7,1,8,5,0,0,0,0,0,0,0,48,608,1,1,3,1,18,0,331,1,1,Established Families,0.4611652191496264,0.18881574686879588,0.054843439696774715
1976,Graduate,Partner,74068.0,0,0,2013-03-19,14,783,30,537,140,76,15,1,4,10,9,2,0,0,0,0,0,0,0,38,1581,0,1,2,0,24,0,467,1,3,Premium Spenders,2.7619385770571467,-1.3281772282673838,0.5587197665338995
1964,Postgraduate,Partner,45759.0,1,1,2013-02-23,13,42,1,18,3,0,4,2,2,0,3,7,0,0,0,0,0,0,0,50,68,2,1,4,1,7,0,491,2,0,Budget Families,-1.7491861213498063,0.6047835915208127,0.4957006998677881
1978,Undergraduate,Partner,24882.0,1,0,2012-09-09,52,1,4,10,29,0,36,1,1,1,2,6,1,0,0,0,0,0,0,36,80,1,1,3,1,5,1,658,0,2,Young Starters,-1.8876281735014286,-0.8498039703926151,0.479393343560048
1989,Postgraduate,Partner,66973.0,0,0,2013-05-17,98,466,22,432,147,113,102,1,8,7,12,3,0,0,0,0,0,0,0,25,1282,0,1,2,0,28,0,408,2,3,Premium Spenders,2.2828232357049423,-1.3227235879388108,0.09076305137885664
1988,Graduate,Partner,38872.0,1,0,2013-05-30,93,23,3,21,3,19,22,2,3,0,3,8,0,0,0,0,0,0,0,26,91,1,1,3,1,8,0,395,1,2,Young Starters,-1.8015018235460338,-0.9354554070753245,0.06487468754743164
1973,Graduate,Partner,51148.0,1,1,2013-02-18,38,235,6,45,8,9,12,4,5,1,6,6,0,0,0,0,0,0,0,41,315,2,1,4,1,16,0,496,1,0,Budget Families,-0.817186031960341,0.4049520552753858,0.1792327628277557
1977,Graduate,Partner,31353.0,1,1,2013-12-29,24,10,0,10,3,1,7,2,1,1,2,8,0,0,0,0,0,0,0,37,31,2,1,4,1,6,0,182,1,0,Budget Families,-2.4778762696158134,-0.21223621966267534,0.11589831059872074
1980,Postgraduate,Partner,69661.0,0,0,2014-05-13,80,656,16,106,32,16,8,1,7,3,12,3,0,0,0,0,0,0,0,34,834,0,1,2,0,23,0,47,2,3,Premium Spenders,1.7664065148838008,-0.9636332654662461,0.00667943159611478
1954,Graduate,Partner,80067.0,0,0,2013-09-19,82,519,17,813,27,173,51,1,4,6,6,2,0,0,1,0,0,0,0,60,1600,0,1,2,0,17,1,283,1,3,Premium Spenders,2.758033584013269,0.630102741547247,0.3544125061519106
1954,Graduate,Partner,86718.0,0,0,2013-01-17,20,344,189,482,50,33,172,1,5,6,5,2,0,0,0,0,0,0,0,60,1270,0,1,2,0,17,0,528,1,3,Premium Spenders,2.6228917003556838,0.11330683123323382,0.705084562708815
1973,Postgraduate,Single,46854.0,1,1,2014-03-31,81,96,1,79,7,1,79,6,5,1,3,8,1,0,0,0,0,0,1,41,263,2,0,3,1,15,1,90,2,0,Budget Families,-1.3426087650953855,0.8396346073107729,0.4661463013218681
1952,Graduate,Single,69142.0,0,1,2014-06-29,50,448,4,34,6,4,39,3,8,1,7,5,0,1,0,0,0,0,0,62,535,1,0,2,1,19,1,0,1,1,Established Families,0.7915657391094763,1.3365993050770457,0.1494253342218243
1968,Graduate,Single,75922.0,0,0,2013-12-09,60,265,138,553,224,23,92,1,4,4,9,1,0,0,0,0,0,0,0,46,1295,0,0,1,0,18,0,202,1,3,Premium Spenders,2.4712370028466264,-0.5334449344633753,0.09161127982033579
1978,Graduate,Single,63693.0,0,1,2013-10-14,63,587,43,337,42,87,54,3,11,6,9,6,0,0,0,0,0,0,0,36,1150,1,0,2,1,29,0,258,1,1,Established Families,1.3303753674489565,-0.07254071655414478,0.1955263807767147
1977,Postgraduate,Partner,102160.0,0,0,2012-11-02,54,763,29,138,76,176,58,0,7,9,10,4,0,1,1,1,0,0,1,37,1240,0,1,2,0,26,3,604,2,3,Premium Spenders,2.917036844938559,-0.7621103788935468,0.9867764000238083
1965,Postgraduate,Single,40637.0,1,1,2013-07-17,72,22,0,13,0,0,3,2,1,0,3,7,0,0,0,0,0,0,0,49,38,2,0,3,1,6,0,347,2,0,Budget Families,-1.954193967169264,1.0278314912163586,0.1965045742749191
1984,Postgraduate,Single,18890.0,0,0,2012-11-10,5,6,4,1,7,2,15,1,0,1,2,6,1,0,0,0,0,0,1,30,35,0,0,1,0,4,1,596,2,2,Young Starters,-1.7603066684768733,-2.4119589262935,0.9784428594243182
1988,Graduate,Partner,29604.0,1,0,2013-12-08,88,7,6,13,7,6,14,1,1,0,3,9,1,0,0,0,0,0,0,26,53,1,1,3,1,5,1,203,1,2,Young Starters,-2.3914158939241923,-1.0470989241958844,0.12037975479315272
1963,Postgraduate,Single,48721.0,1,1,2013-05-13,50,81,18,113,47,13,21,6,4,2,5,6,0,0,0,0,0,0,0,51,293,2,0,3,1,17,0,412,2,0,Budget Families,-0.728815812126789,1.1998934319103172,0.566080478734606
1966,Graduate,Partner,44794.0,0,1,2014-06-08,99,54,0,7,0,0,4,1,2,0,3,6,0,0,0,0,0,0,0,48,65,1,1,3,1,6,0,21,1,0,Budget Families,-1.238549304050887,0.49451729265047406,0.007701879647356515
1954,Graduate,Single,64497.0,0,1,2012-09-10,17,1170,48,320,42,32,192,5,11,4,9,8,1,0,0,0,0,0,1,60,1804,1,0,2,1,29,1,657,1,1,Established Families,1.8230931006470703,1.1815919548912144,0.9695195951905445
1956,Graduate,Partner,46097.0,0,1,2013-03-31,11,72,24,68,65,4,8,5,3,1,6,4,0,0,0,0,0,0,0,58,241,1,1,3,1,15,0,455,1,1,Established Families,-0.1189755471603244,0.49170079185885657,0.16525407581649104
1954,Graduate,Partner,77972.0,0,0,2014-03-18,18,613,22,319,33,102,12,1,4,6,9,1,0,0,0,0,0,0,0,60,1101,0,1,2,0,20,0,103,1,3,Premium Spenders,2.609054215131327,0.0923622587821178,0.1142658076727636
1968,Postgraduate,Partner,44377.0,1,1,2012-10-05,70,224,0,30,0,0,10,8,5,1,5,8,0,0,0,0,0,0,0,46,264,2,1,4,1,19,0,632,2,0,Budget Families,-1.1189303886727793,1.1583869420172679,0.4103757077024279
1974,Postgraduate,Partner,46014.0,1,1,2013-01-21,21,410,0,59,19,9,44,10,7,1,8,7,0,0,0,0,0,0,0,40,541,2,1,4,1,26,0,524,2,1,Established Families,-0.3462625823431804,0.4253298335224601,0.4449783405214272
1985,Graduate,Partner,70951.0,0,0,2013-05-04,66,239,10,554,254,87,54,1,3,4,9,1,0,0,0,0,0,0,0,29,1198,0,1,2,0,17,0,421,1,3,Premium Spenders,2.035983150192815,-1.6628307039435568,0.0893330594509475
1977,Graduate,Partner,41443.0,1,0,2014-04-01,79,171,7,171,25,19,89,6,8,1,5,8,0,0,0,0,0,0,0,37,482,1,1,3,1,20,0,89,1,2,Young Starters,-0.6013266306704894,-0.050730573558454305,0.09034178346258091
1978,Undergraduate,Single,52195.0,2,1,2014-05-12,2,12,0,4,0,0,1,1,1,0,2,8,0,0,0,0,0,0,0,36,17,3,0,4,1,4,0,48,0,0,Budget Families,-2.5626559076667514,0.2521160076187076,0.10898706642380811
1948,Postgraduate,Partner,83790.0,0,0,2013-11-15,81,1076,16,417,42,48,16,1,8,10,6,3,0,1,1,0,0,0,0,66,1615,0,1,2,0,25,2,226,2,3,Premium Spenders,3.2186328331305147,1.2686847958909393,0.8164272553042319
1954,Postgraduate,Single,44551.0,0,1,2013-08-31,24,182,4,33,0,0,66,2,4,1,5,7,0,0,0,0,0,0,0,60,285,1,0,2,1,12,0,302,2,0,Budget Families,-0.7613626663286904,0.7923105689299873,0.5877696341924017
1980,Graduate,Partner,69508.0,1,0,2012-11-14,48,824,32,162,42,32,43,2,11,4,11,6,0,0,0,0,0,0,0,34,1135,1,1,3,1,28,0,592,1,1,Established Families,1.37381487943792,-0.3399929811203899,0.1036275408266153
1988,Undergraduate,Partner,45204.0,1,0,2014-04-11,93,30,11,25,29,1,18,1,1,1,4,3,0,0,0,0,0,0,0,26,114,1,1,3,1,7,0,79,0,2,Young Starters,-0.8674165547417506,-1.1437160538723512,0.0027624285669632354
1969,Graduate,Partner,72460.0,0,0,2013-11-14,56,377,10,540,80,30,10,1,3,5,7,1,0,0,0,0,0,0,0,45,1047,0,1,2,0,16,0,227,1,3,Premium Spenders,2.050974689589473,-0.686799452174771,0.05615339137196119
1970,Postgraduate,Partner,77622.0,0,2,2014-04-14,3,520,7,154,19,0,14,2,6,3,11,3,0,0,0,0,0,0,0,44,714,2,1,4,1,22,0,76,2,1,Established Families,1.0146572598021566,0.3992734606214275,0.03929475646702788
1980,Postgraduate,Partner,30732.0,1,0,2013-01-05,44,155,1,25,0,1,3,4,4,1,4,8,0,0,0,0,0,0,0,34,185,1,1,3,1,13,0,540,2,2,Young Starters,-1.5493880721850986,-0.7653174644434488,0.5227809583884996
1962,Graduate,Single,63887.0,0,1,2012-09-08,38,897,23,207,15,11,92,5,9,6,12,6,0,0,0,0,0,0,0,52,1245,1,0,2,1,32,0,659,1,1,Established Families,1.7527676517208888,0.8430927955361287,0.49085419967583216
1978,Graduate,Partner,42011.0,1,0,2013-03-26,46,131,0,16,2,1,39,4,3,1,4,8,0,0,0,0,0,0,0,36,189,1,1,3,1,12,0,460,1,2,Young Starters,-1.3158199925914669,-0.5866380355767784,0.2688976299768129
1976,Graduate,Partner,51369.0,0,1,2012-10-25,84,297,7,79,0,11,182,2,8,2,4,8,0,0,0,0,0,0,0,38,576,1,1,3,1,16,0,612,1,2,Young Starters,-0.5059023560461665,0.007817638940495591,0.32463406820458723
1952,Graduate,Single,51537.0,0,1,2012-12-09,27,787,20,204,0,0,92,3,2,2,11,8,0,0,0,0,0,0,0,62,1103,1,0,2,1,18,0,567,1,1,Established Families,0.30582168592048403,1.127435108438635,0.3270478783502681
1972,Postgraduate,Partner,79930.0,0,0,2012-08-08,72,792,86,740,67,51,17,1,3,5,8,2,0,0,0,0,0,0,0,42,1753,0,1,2,0,17,0,690,2,3,Premium Spenders,2.6951747096716834,-0.67900538056643,0.5230946373886176
1986,Postgraduate,Partner,34320.0,1,0,2014-02-16,66,4,1,9,3,0,0,1,1,0,2,8,0,0,0,0,0,0,0,28,17,1,1,3,1,4,0,133,2,2,Young Starters,-2.1866325778662357,-1.1551214648745405,0.058614197379556914
1966,Graduate,Single,37070.0,1,1,2013-03-20,30,231,7,137,4,15,39,9,5,1,8,7,0,0,0,0,0,0,1,48,433,2,0,3,1,23,0,466,1,1,Established Families,-0.7376373354163581,0.9410121340439115,0.4620952655344799
1962,Undergraduate,Single,81975.0,0,1,2013-01-05,2,983,76,184,180,138,27,1,6,3,4,7,0,0,1,0,0,0,0,52,1588,1,0,2,1,14,1,540,0,1,Established Families,1.2642655599713108,0.20332681492324783,0.8758651905364426
1971,Graduate,Partner,38590.0,1,0,2013-05-15,65,3,1,8,4,3,3,1,1,0,2,8,0,0,0,0,0,0,0,43,22,1,1,3,1,4,0,410,1,2,Young Starters,-1.924381269851539,-0.1368756530100874,0.10417764609260208
1951,Graduate,Single,15033.0,0,0,2014-04-16,37,0,4,5,6,0,4,1,1,0,3,3,0,0,0,0,0,0,0,63,19,0,0,1,0,5,0,74,1,2,Young Starters,-0.9626755566172523,-0.022535569755305466,0.1285374375909236
1965,Postgraduate,Partner,62745.0,0,1,2013-03-23,89,562,21,464,28,10,32,3,7,8,11,5,0,0,0,0,0,0,0,49,1117,1,1,3,1,29,0,463,2,1,Established Families,1.5848846070354303,0.9924321783420069,0.09871474088941999
1975,Undergraduate,Partner,22212.0,1,0,2013-12-09,49,5,9,20,6,8,21,2,2,0,4,6,0,0,0,0,0,0,0,39,69,1,1,3,1,8,0,202,0,2,Young Starters,-1.7560899620206332,-0.616610473603632,0.028076057503962144
1982,Postgraduate,Partner,23661.0,1,0,2013-12-04,46,18,0,4,0,0,1,1,1,0,3,7,0,0,0,0,0,0,0,32,23,1,1,3,1,5,0,207,2,2,Young Starters,-2.17261630268912,-1.1334780720309083,0.12952206584087242
1958,Postgraduate,Single,79761.0,0,1,2013-10-04,32,415,5,124,15,35,11,1,5,2,11,3,0,0,0,0,0,0,0,56,605,1,0,2,1,19,0,268,2,1,Established Families,1.3654248398207136,0.7285612827509281,0.10794745888019425
1973,Graduate,Single,7500.0,1,0,2013-12-26,54,5,3,10,12,7,20,4,3,1,3,7,0,0,0,0,0,0,0,41,57,1,0,2,1,11,0,185,1,2,Young Starters,-2.0836303648519467,-0.3886560148796768,0.23926076769840476
1968,Graduate,Single,73455.0,0,0,2013-10-28,98,901,61,757,186,163,20,1,6,5,10,3,0,1,0,0,0,0,0,46,2088,0,0,1,0,22,1,244,1,3,Premium Spenders,2.9986517420506433,-0.06018258447209823,0.25406090846864954
1958,Graduate,Partner,64961.0,0,1,2012-12-23,97,382,114,276,75,124,38,2,6,4,4,3,0,0,0,0,0,0,0,56,1009,1,1,3,1,16,0,553,1,1,Established Families,1.1986294945907106,1.1634135738903035,0.09262493927053404
1971,Graduate,Single,22804.0,1,0,2013-07-31,75,14,1,7,2,1,1,1,2,0,2,9,0,0,0,0,0,0,0,43,26,1,0,2,1,5,0,333,1,2,Young Starters,-2.3991541057219754,-0.050143001872885735,0.20442350983747323
1990,Graduate,Partner,73687.0,0,0,2013-11-28,8,559,153,503,218,13,181,1,3,9,9,2,0,0,0,1,0,0,1,24,1627,0,1,2,0,22,1,213,1,3,Premium Spenders,2.529091626078399,-2.3745109877116866,0.6126893920220052
1958,Graduate,Partner,61074.0,0,1,2012-08-17,37,789,0,133,0,28,152,7,11,5,8,7,0,0,0,0,0,0,0,56,1102,1,1,3,1,31,0,681,1,1,Established Families,1.3836716569694194,1.116615123641119,0.6713230927538982
1964,Postgraduate,Partner,31686.0,1,1,2014-06-05,31,11,0,5,0,0,1,2,1,0,3,6,0,0,0,0,0,0,0,50,17,2,1,4,1,6,0,24,2,0,Budget Families,-2.015533159914876,0.6429475241038966,0.054933621978428875
1972,Graduate,Partner,80134.0,1,0,2013-05-20,40,1218,16,272,104,0,80,2,5,3,6,6,0,1,1,1,0,0,1,42,1690,1,1,3,1,16,3,405,1,1,Established Families,1.4893225490744777,-0.13364265759175947,0.9065472824087709
1953,Graduate,Partner,75027.0,0,1,2013-01-09,74,925,64,179,133,12,77,2,9,4,6,5,0,0,0,0,0,0,0,61,1390,1,1,3,1,21,0,536,1,1,Established Families,1.7701170298275386,1.5182279808950898,0.07206317936687108
1988,Postgraduate,Partner,67546.0,0,0,2012-08-31,90,864,134,768,150,38,172,1,4,10,5,3,0,0,0,0,0,0,0,26,2126,0,1,2,0,20,0,667,2,3,Premium Spenders,2.5651018314412912,-1.5520430905840061,0.7328908328385588
1969,Postgraduate,Partner,65176.0,0,1,2012-10-29,57,960,28,183,220,70,70,4,9,6,6,6,0,0,0,0,0,0,0,45,1531,1,1,3,1,25,0,608,2,1,Established Families,1.5535247068924682,0.37354831570918723,0.28162268215696024
1975,Postgraduate,Single,31160.0,1,0,2013-09-16,59,16,3,25,6,1,13,2,2,0,3,8,0,0,0,0,0,0,0,39,64,1,0,2,1,7,0,286,2,2,Young Starters,-1.933924048584912,-0.42507497959908724,0.31444346640155885
1985,Graduate,Single,29938.0,1,0,2013-10-27,52,3,3,7,0,2,11,2,1,0,3,6,0,0,0,0,0,0,0,29,26,1,0,2,1,6,0,245,1,2,Young Starters,-1.829964989317605,-1.2725268255330124,0.19693686402626392
1974,Graduate,Single,102692.0,0,0,2013-04-05,5,168,148,444,32,172,148,1,6,9,13,2,0,1,1,1,1,0,1,40,1112,0,0,1,0,29,4,450,1,3,Premium Spenders,3.345591414624425,-1.0107502700555482,0.9993471237050273
1958,Undergraduate,Partner,26490.0,0,0,2012-09-22,92,45,47,52,21,20,25,2,3,1,5,6,0,0,0,0,0,0,0,56,210,0,1,2,0,11,0,645,0,2,Young Starters,-0.740232604639278,0.31283639724343404,0.05593465632888855
1967,Graduate,Partner,75702.0,1,1,2012-08-29,77,650,28,353,45,42,30,5,4,6,11,8,0,0,0,0,0,0,0,47,1148,2,1,4,1,26,0,669,1,1,Established Families,0.7922121091385232,1.5471156961742334,0.108483980464126
1974,Postgraduate,Single,30899.0,1,0,2012-10-13,35,24,0,8,0,0,1,2,1,0,3,6,0,0,0,0,0,0,0,40,33,1,0,2,1,6,0,624,2,2,Young Starters,-1.688804325702063,-0.6828976709340343,0.719001709179887
1961,Postgraduate,Partner,63342.0,0,1,2012-10-16,48,918,21,118,13,10,21,3,8,3,5,6,0,1,0,0,0,0,0,53,1101,1,1,3,1,19,1,621,2,1,Established Families,0.8789469572162374,0.7029542617965181,0.6898712828432878
1964,Graduate,Single,45989.0,0,1,2012-10-22,97,138,33,87,28,24,12,4,3,2,7,3,0,0,0,0,0,0,0,50,322,1,0,2,1,16,0,615,1,1,Established Families,0.10037363314621257,0.7095254132704005,0.05199581262800143
1964,Graduate,Single,18701.0,1,1,2013-06-04,95,12,4,2,10,6,10,4,2,0,4,5,0,0,0,0,0,0,0,50,44,2,0,3,1,10,0,390,1,0,Budget Families,-1.8933609075174376,1.2153223177548649,0.04725050881014172
1957,Postgraduate,Single,40737.0,2,1,2013-12-08,24,11,0,4,0,0,2,1,1,0,2,8,0,0,0,0,0,0,0,57,17,3,0,4,1,4,0,203,2,0,Budget Families,-2.6096305400043476,1.8134915849506155,0.33165420962943565
1979,Graduate,Single,15287.0,1,0,2012-10-10,60,1,2,8,4,3,13,2,1,1,2,7,1,0,0,0,0,0,1,35,31,1,0,2,1,6,1,627,1,2,Young Starters,-2.272196353879462,-0.8187315253313211,0.8342224701211013
1968,Postgraduate,Single,69674.0,0,2,2013-05-22,46,554,41,215,11,0,24,3,10,2,10,5,0,0,0,0,0,0,0,46,845,2,0,3,1,25,0,403,2,1,Established Families,0.8109975843938936,1.0367360344133312,0.17639735031846
1970,Postgraduate,Partner,44159.0,1,0,2014-06-17,85,167,2,62,24,13,7,4,4,1,6,5,0,0,0,0,0,0,0,44,275,1,1,3,1,15,0,12,2,0,Budget Families,-0.43462259690054816,0.2528905716828794,0.021032579539142893
1978,Postgraduate,Partner,37717.0,1,0,2012-11-23,31,9,0,6,4,1,5,1,1,0,2,9,0,0,0,0,0,0,0,36,25,1,1,3,1,4,0,583,2,2,Young Starters,-2.185999309253787,-0.8773744724409049,0.5755544370482928
1952,Postgraduate,Partner,43776.0,1,1,2013-02-03,9,177,2,71,3,2,20,6,5,2,4,8,0,0,0,0,0,0,1,62,275,2,1,4,1,17,0,511,2,0,Budget Families,-1.081590612779659,1.6319965213658012,0.7499772086005436
1966,Postgraduate,Partner,38179.0,1,1,2013-03-14,30,38,4,22,4,2,20,4,3,1,3,7,0,0,0,0,0,0,0,48,90,2,1,4,1,11,0,472,2,0,Budget Families,-1.6968624073312861,0.6830717351057681,0.46431259822968785
1963,Graduate,Partner,80124.0,0,0,2014-06-26,47,483,84,398,205,84,241,1,3,7,8,1,1,0,0,0,0,0,0,51,1495,0,1,2,0,19,1,3,1,3,Premium Spenders,2.849368984781117,-0.28284102728888644,0.20145102589649547
1970,Postgraduate,Partner,38097.0,1,1,2012-10-15,70,77,2,35,0,1,69,4,3,2,2,7,1,0,0,0,0,0,1,44,184,2,1,4,1,11,1,622,2,0,Budget Families,-1.6537340478907607,0.7716472814812553,0.7818305912322544
1970,Graduate,Partner,72940.0,0,0,2013-06-19,13,182,74,298,162,149,116,1,3,3,6,1,0,0,0,0,0,0,0,44,981,0,1,2,0,13,0,375,1,3,Premium Spenders,1.8151750418348536,-1.208231382289582,0.24326834777627412
1970,Graduate,Partner,22070.0,1,0,2013-10-04,11,10,7,19,8,2,21,2,2,2,2,6,0,0,0,0,0,0,0,44,67,1,1,3,1,8,0,268,1,2,Young Starters,-1.715085763938268,-0.6252009143814271,0.3501902240120692
1953,Graduate,Single,69267.0,0,0,2012-09-22,31,778,44,499,95,73,146,2,3,4,5,7,0,0,0,0,0,0,1,61,1635,0,0,1,0,14,0,645,1,1,Established Families,1.5391020922957186,0.32801650363751456,0.8995906420735206
1983,Postgraduate,Single,31788.0,1,0,2014-03-20,15,16,7,23,0,8,6,3,3,0,4,5,0,0,0,0,0,1,0,31,60,1,0,2,1,10,0,101,2,2,Young Starters,-1.347122395586854,-1.4160531485940284,0.16683220527898096
1975,Postgraduate,Partner,61905.0,0,1,2014-02-04,2,167,0,43,6,2,13,2,4,2,4,5,0,0,0,0,0,0,0,39,231,1,1,3,1,12,0,145,2,2,Young Starters,-0.2921971252615404,-0.8252697852756469,0.3569580779459832
1960,Graduate,Partner,29315.0,1,1,2014-04-06,55,13,2,14,8,7,4,4,2,0,4,6,0,0,0,0,0,0,0,54,48,2,1,4,1,10,0,84,1,0,Budget Families,-1.7683560716349644,1.2106208259788527,0.020133845997000892
1963,Graduate,Single,33378.0,1,1,2013-02-06,38,33,6,40,3,7,10,3,2,0,4,7,0,0,0,0,0,0,0,51,99,2,0,3,1,9,0,508,1,0,Budget Families,-1.8852404003334435,0.8892763719810389,0.398092336252112
1963,Postgraduate,Partner,66313.0,0,1,2013-09-16,86,625,7,99,10,22,7,2,6,3,12,4,0,0,0,0,0,0,0,51,770,1,1,3,1,23,0,286,2,1,Established Families,1.2114928814061878,0.9500848541206124,0.006408986782421465
1956,Graduate,Single,60714.0,0,0,2013-01-17,56,216,162,224,101,92,162,2,7,4,10,5,0,0,0,0,0,0,1,58,957,0,0,1,0,23,0,528,1,1,Established Families,1.5786430769856605,0.4724850065710996,0.38998227867148033
1981,Postgraduate,Partner,77882.0,0,0,2014-04-30,29,68,129,396,188,22,15,1,3,3,5,1,0,0,0,0,0,0,0,33,818,0,1,2,0,12,0,60,2,3,Premium Spenders,1.6223571530999117,-1.796805521699267,0.14229688496257997
1986,Postgraduate,Single,69867.0,0,0,2013-04-02,30,196,0,512,33,130,54,1,3,5,8,1,0,0,0,1,0,0,1,28,925,0,0,1,0,17,1,453,2,3,Premium Spenders,1.7606076936898587,-2.0479709089313025,0.9235600444794917
1968,Postgraduate,Single,63841.0,0,1,2013-04-21,64,635,15,100,20,7,131,1,9,3,9,6,0,0,0,0,0,0,0,46,908,1,0,2,1,22,0,434,2,1,Established Families,0.8282121614345631,0.4584086088597733,0.1789913214182672
1981,Undergraduate,Partner,24480.0,1,0,2013-02-11,46,4,19,9,28,25,17,3,3,0,4,7,0,0,0,0,0,0,0,33,102,1,1,3,1,10,0,503,0,2,Young Starters,-1.7867958607604724,-0.9500635337659686,0.15549401591134074
1974,Postgraduate,Partner,65640.0,0,1,2014-03-01,74,204,7,149,20,15,66,1,5,1,8,2,0,0,0,0,0,0,0,40,461,1,1,3,1,15,0,120,2,1,Established Families,0.6816778043174867,-0.15742454784091794,0.00942321890264004
1975,Postgraduate,Partner,44319.0,1,1,2014-04-17,18,26,0,8,0,0,3,2,2,0,3,5,0,0,0,0,0,0,0,39,37,2,1,4,1,7,0,73,2,0,Budget Families,-1.595180743462151,-0.1792080003180222,0.10347711780857335
1974,Graduate,Partner,30631.0,1,0,2013-07-12,75,15,6,20,4,5,20,1,3,1,2,7,0,0,0,0,0,0,0,40,70,1,1,3,1,7,0,352,1,2,Young Starters,-1.76364752925579,-0.257786683719609,0.0908374331318814
1952,Graduate,Partner,75278.0,0,0,2013-01-29,17,304,98,230,150,74,74,1,6,3,13,3,0,0,0,0,0,0,0,62,930,0,1,2,0,23,0,516,1,3,Premium Spenders,2.2641678900881175,0.3686589063461414,0.13622798067492362
1956,Postgraduate,Partner,50898.0,1,1,2013-01-08,88,285,28,242,55,114,135,13,6,2,12,5,0,0,0,0,0,0,0,58,859,2,1,4,1,33,0,537,2,1,Established Families,0.9736114723069608,2.3274231962269396,0.19855396403693168
1966,Graduate,Single,79946.0,0,0,2014-05-12,19,395,183,565,166,141,28,1,5,11,5,3,0,0,0,0,0,0,0,48,1478,0,0,1,0,22,0,48,1,3,Premium Spenders,2.6386082829551993,-0.5838014761195899,0.7936217967292697
1949,Postgraduate,Single,35416.0,0,0,2013-06-13,62,248,3,81,4,3,51,3,7,1,5,8,0,0,0,0,0,0,0,65,390,0,0,1,0,16,0,381,2,1,Established Families,-0.3266701200178481,0.8778612751752713,0.4081075513384561
1984,Undergraduate,Partner,32414.0,0,0,2013-07-04,11,20,6,5,0,9,12,1,1,0,3,7,1,0,0,0,0,0,0,30,52,0,1,2,0,5,1,360,0,2,Young Starters,-1.531978942221914,-2.2334319822662523,0.6078610447603766
1969,Graduate,Partner,38361.0,1,0,2013-12-27,74,39,0,56,20,8,14,3,3,1,3,7,0,0,0,0,0,0,0,45,137,1,1,3,1,10,0,184,1,2,Young Starters,-1.2983880106028471,0.16995246745029083,0.05144795095417856
1980,Graduate,Partner,82497.0,0,0,2012-10-31,32,777,129,573,216,21,203,1,2,7,9,4,0,0,1,0,0,0,0,34,1919,0,1,2,0,19,1,606,1,3,Premium Spenders,2.5935382760722936,-1.4449573221763214,0.8192068190499032
1971,Graduate,Partner,16626.0,2,0,2014-01-15,76,8,3,22,21,1,13,3,3,0,3,9,0,0,0,0,0,0,0,43,68,2,1,4,1,9,0,165,1,0,Budget Families,-2.7141275504396005,0.7082012297861605,0.029616503617062546
1965,Graduate,Partner,29672.0,1,1,2013-03-12,6,9,1,3,0,4,8,1,0,0,3,6,0,0,0,0,0,0,0,49,25,2,1,4,1,4,0,474,1,0,Budget Families,-2.1863409203592448,0.2933963397030995,0.24291085655233818
1952,Postgraduate,Partner,55951.0,0,1,2012-08-23,62,1241,0,80,0,13,40,3,3,6,11,8,0,1,0,0,1,0,0,62,1374,1,1,3,1,23,2,675,2,1,Established Families,0.9360154238331118,1.567324820574898,0.8119576031818604
1988,Undergraduate,Single,35388.0,1,0,2013-03-07,20,6,4,7,4,3,8,1,1,0,3,7,0,0,0,0,0,0,0,26,32,1,0,2,1,5,0,479,0,2,Young Starters,-1.95502583322106,-1.7215466987001589,0.43874766109309465
1986,Postgraduate,Partner,42386.0,1,0,2013-01-13,43,65,4,16,0,4,11,1,3,0,3,8,0,0,0,0,0,0,0,28,100,1,1,3,1,7,0,532,2,2,Young Starters,-1.7558458786425313,-1.2622906958671194,0.4457325084244854
1982,Graduate,Single,68627.0,0,0,2013-01-12,45,395,15,263,60,54,38,1,2,3,6,1,0,0,0,0,0,0,0,32,825,0,0,1,0,12,0,533,1,3,Premium Spenders,1.4018105635039946,-1.7600399341867716,0.39704019538145136
1965,Postgraduate,Single,57912.0,0,1,2014-03-17,34,801,0,80,0,0,35,5,8,3,12,5,0,1,0,0,0,0,0,49,916,1,0,2,1,28,1,104,2,1,Established Families,1.2320472996726461,0.4592035108692142,0.3076618223022313
1958,Graduate,Single,35246.0,1,1,2014-04-16,53,36,0,12,2,2,10,4,3,1,3,5,0,0,0,0,0,0,0,56,62,2,0,3,1,11,0,74,1,0,Budget Families,-1.3734057895239695,1.333303134622383,0.09076628208847748
1956,Undergraduate,Partner,58821.0,0,1,2013-10-12,44,513,14,154,19,0,28,1,9,2,9,6,0,0,0,0,0,0,0,58,728,1,1,3,1,21,0,260,0,1,Established Families,0.6205307579467421,1.0475415253127256,0.01812471619010808
1978,Postgraduate,Partner,46377.0,1,0,2014-03-01,89,37,0,46,4,3,0,1,2,1,3,4,0,0,0,0,0,0,0,36,90,1,1,3,1,7,0,120,2,2,Young Starters,-0.9205443122317033,-0.45879045971136606,0.02761527040516501
1988,Graduate,Single,39747.0,1,0,2014-04-13,43,80,15,93,20,13,52,3,5,1,4,8,0,0,0,0,0,0,0,26,273,1,0,2,1,13,0,77,1,2,Young Starters,-1.3451778719421623,-1.277049732120147,0.2949035437322075
1984,Graduate,Partner,23976.0,1,0,2013-12-27,68,14,1,21,2,3,25,3,3,1,3,7,0,0,0,0,0,0,0,30,66,1,1,3,1,10,0,184,1,2,Young Starters,-1.857241765156447,-0.9529624801243242,0.06831721062669836
1961,Postgraduate,Partner,80950.0,0,0,2013-03-28,44,525,147,112,219,147,63,1,6,7,9,2,0,0,0,1,0,0,0,53,1213,0,1,2,0,23,1,458,2,3,Premium Spenders,2.7146838882262228,-0.022963872947165908,0.6653707137524719
1966,Graduate,Single,27038.0,0,0,2012-09-18,64,1,26,25,17,23,15,1,3,0,3,9,0,0,0,0,0,0,1,48,107,0,0,1,0,7,0,649,1,2,Young Starters,-1.6281033269163603,-0.4376386187255052,0.6633760991176323
1947,Graduate,Single,77457.0,0,0,2014-03-05,85,675,11,400,15,45,11,1,2,5,10,1,0,0,1,0,0,0,0,67,1157,0,0,1,0,18,1,116,1,3,Premium Spenders,2.613901738674286,1.1187617921132191,0.11130702681978584
1964,Postgraduate,Partner,64100.0,0,1,2013-09-10,93,509,0,27,0,0,10,1,8,3,6,7,0,1,0,0,0,0,0,50,546,1,1,3,1,18,1,292,2,1,Established Families,0.17650768910086595,0.957937893641655,0.11793162775360559
1992,Postgraduate,Partner,42670.0,0,0,2013-04-27,12,154,2,46,20,4,15,1,4,2,4,4,0,0,0,0,0,0,0,22,241,0,1,2,0,11,0,428,2,2,Young Starters,-0.37213590539744446,-2.713822500502625,0.5370532162861316
1976,Graduate,Single,12571.0,1,0,2014-01-18,86,3,5,14,2,12,17,4,3,1,3,6,0,0,0,0,0,0,0,38,53,1,0,2,1,11,0,162,1,2,Young Starters,-1.8288168328421386,-0.32033901558708877,0.08002409391889082
1967,Graduate,Partner,22574.0,2,1,2013-10-28,28,25,0,8,2,0,2,2,2,0,3,7,0,0,0,0,0,0,0,47,37,3,1,5,1,7,0,244,1,0,Budget Families,-2.7883432598990954,1.1239869061814791,0.08153945093202385
1989,Graduate,Partner,51381.5,0,0,2013-06-03,69,861,138,461,60,30,61,1,6,5,12,3,0,1,0,1,0,0,0,25,1611,0,1,2,0,24,2,391,1,3,Premium Spenders,1.9598514044036761,-1.762787457282493,0.5909143851281783
1976,Postgraduate,Single,70893.0,0,0,2013-02-06,42,768,44,561,77,44,14,1,6,6,10,3,0,0,0,0,0,0,0,38,1508,0,0,1,0,23,0,508,2,3,Premium Spenders,2.407010789365669,-1.065833229729892,0.657112645037744
1966,Graduate,Partner,54198.0,1,1,2013-12-17,13,185,0,28,3,2,17,6,3,1,6,4,0,0,0,0,0,0,0,48,235,2,1,4,1,16,0,194,1,0,Budget Families,-0.4152644677446188,0.5817411900041783,0.09945733622211292
1956,Postgraduate,Partner,28839.0,1,1,2014-03-11,86,24,0,7,0,0,1,2,2,0,3,5,0,0,0,0,0,0,0,58,32,2,1,4,1,7,0,110,2,0,Budget Families,-1.7547626273559038,1.647065781794284,0.013406514639509466
1972,Graduate,Partner,40321.0,1,1,2013-07-29,59,44,4,21,6,0,27,2,3,0,3,7,0,0,0,0,0,0,0,42,102,2,1,4,1,8,0,335,1,0,Budget Families,-1.8671311378551967,0.48134656346797855,0.0614023278189243
1985,Graduate,Single,66503.0,1,0,2012-08-14,30,91,64,128,65,3,50,2,4,3,6,3,0,0,0,0,0,0,0,29,401,1,0,2,1,15,0,684,1,1,Established Families,0.36365563309575344,-1.2469117818664084,0.5095622943881173
1951,Graduate,Partner,30833.0,1,1,2013-07-16,33,11,0,7,3,1,6,2,1,0,3,5,0,0,0,0,0,0,0,63,28,2,1,4,1,6,0,348,1,0,Budget Families,-1.7251890819162243,1.4887575087019305,0.08519424353213079
1970,Graduate,Single,51381.5,1,2,2013-08-23,67,738,20,172,52,50,20,6,2,3,10,7,0,1,0,1,0,0,0,44,1052,3,0,4,1,21,2,310,1,0,Budget Families,-0.45747548794068704,1.6792278501097055,0.6673412974161402
1971,Graduate,Partner,64795.0,0,1,2013-01-17,23,412,5,119,38,29,77,3,3,3,12,2,0,0,0,0,0,0,0,43,680,1,1,3,1,21,0,528,1,1,Established Families,1.2179457869897243,-0.2923725103091666,0.062345727894523785
1974,Graduate,Partner,34421.0,1,0,2013-07-01,81,3,3,7,6,2,9,1,1,0,2,7,0,0,0,0,0,0,0,40,30,1,1,3,1,4,0,363,1,2,Young Starters,-1.8803468203207376,-0.2546757607745197,0.05406543183542407
1965,Postgraduate,Single,47025.0,1,1,2014-02-09,6,16,0,3,0,0,1,1,1,0,2,7,0,0,0,0,0,0,0,49,20,2,0,3,1,4,0,140,2,0,Budget Families,-1.9450212596109253,0.41214739429070496,0.4880710383511818
1961,Postgraduate,Single,64325.0,0,1,2013-02-07,41,731,60,353,78,12,73,5,10,3,5,7,0,0,0,0,0,0,0,53,1307,1,0,2,1,23,0,507,2,1,Established Families,1.1433137805742453,0.7693879621708994,0.7964437768619004
1953,Graduate,Single,40464.0,0,1,2013-01-11,78,424,17,118,7,23,41,6,8,2,8,8,0,0,0,0,0,0,0,61,630,1,0,2,1,24,0,534,1,1,Established Families,-0.01580689182547382,1.6359846473682922,0.27429139242584794
1957,Graduate,Partner,62187.0,0,0,2013-07-05,49,792,0,275,45,45,126,1,4,8,5,3,0,0,0,0,0,0,0,57,1283,0,1,2,0,18,0,359,1,3,Premium Spenders,1.9208695490394654,0.13162496916184846,0.2626322179361421
1976,Postgraduate,Single,14849.0,1,0,2013-07-02,39,21,2,28,3,2,9,3,2,0,4,8,0,0,0,0,0,0,0,38,65,1,0,2,1,9,0,362,2,2,Young Starters,-2.2169631974371513,-0.6986632276600472,0.5518041006073587
1984,Graduate,Partner,27255.0,1,0,2013-11-07,3,22,1,11,0,1,2,1,1,0,3,7,0,0,0,0,0,0,0,30,37,1,1,3,1,5,0,234,1,2,Young Starters,-2.1038624620875317,-1.64251631673051,0.22849698851191694
1950,Postgraduate,Partner,54432.0,2,1,2013-05-09,37,33,0,5,0,0,0,1,1,0,3,4,0,0,0,0,0,0,0,64,38,3,1,5,1,5,0,416,2,0,Budget Families,-1.4768085799904813,2.3150971801040203,0.11251974998876048
1986,Postgraduate,Single,29999.0,1,0,2013-02-13,22,68,7,59,10,5,11,4,3,1,4,8,0,0,0,0,0,0,0,28,160,1,0,2,1,12,0,501,2,2,Young Starters,-1.7123350808012883,-1.3934777837803416,0.8337051850106566
1983,Graduate,Single,24072.0,1,0,2013-04-16,79,9,1,6,3,0,4,1,1,0,2,8,0,0,0,0,0,0,0,31,23,1,0,2,1,4,0,439,1,2,Young Starters,-2.3900714973602657,-0.8808369011086428,0.22816733200892192
1989,Postgraduate,Single,33996.0,0,0,2013-09-11,46,40,2,15,8,0,6,1,1,1,3,4,0,0,0,0,0,0,0,25,71,0,0,1,0,6,0,291,2,2,Young Starters,-0.9737376349429211,-2.3502591834794537,0.3923684263262043
1956,Postgraduate,Partner,66334.0,0,1,2013-04-03,82,909,11,218,0,0,23,2,9,3,5,5,0,0,0,0,0,0,1,58,1161,1,1,3,1,19,0,452,2,1,Established Families,1.2235075072743475,1.3152295033730501,0.09155196357293183
1971,Postgraduate,Partner,35178.0,1,0,2013-01-10,10,23,1,13,2,2,18,1,1,1,2,7,1,0,0,0,0,0,1,43,59,1,1,3,1,5,1,535,2,2,Young Starters,-1.7603863463302158,-0.6710657597079728,0.9032802920462373
1983,Graduate,Partner,22010.0,1,0,2013-06-30,51,11,2,9,3,0,8,2,2,0,3,8,0,0,0,0,0,0,0,31,33,1,1,3,1,7,0,364,1,2,Young Starters,-2.2618417962361574,-1.0742743047482668,0.13904159835158694
1960,Graduate,Single,62204.0,0,2,2012-09-12,38,317,46,247,151,46,139,1,4,5,12,3,0,0,0,0,0,0,0,54,946,2,0,3,1,22,0,655,1,1,Established Families,0.9591960621132625,1.3101592241961761,0.18679734000759773
1968,Graduate,Single,75693.0,0,0,2012-12-06,10,797,153,293,72,97,30,1,11,4,6,4,0,1,1,1,0,0,1,46,1442,0,0,1,0,22,3,570,1,3,Premium Spenders,2.320374895748743,-0.7744682700209519,0.9991328834283747
1972,Graduate,Partner,30675.0,1,0,2012-11-12,14,10,2,16,11,2,21,1,1,0,3,8,0,0,0,0,0,0,0,42,62,1,1,3,1,5,0,594,1,2,Young Starters,-2.038551546524624,-0.6796477174611899,0.5372963975163554
1965,Graduate,Partner,83003.0,0,0,2013-03-03,18,856,61,570,40,25,122,1,7,6,8,3,0,0,1,0,0,0,1,49,1674,0,1,2,0,22,1,483,1,3,Premium Spenders,2.8886407289538223,-0.5215804004681723,0.8744890184147872
1988,Graduate,Single,68655.0,0,0,2012-08-10,95,456,19,832,75,118,38,1,4,5,11,3,0,0,0,0,0,0,0,26,1538,0,0,1,0,21,0,688,1,3,Premium Spenders,2.147421091462527,-1.4504267467416496,0.2640816729258599
1986,Graduate,Single,41411.0,0,0,2013-12-07,11,37,32,38,11,3,18,1,2,1,4,6,0,0,0,0,0,0,0,28,139,0,0,1,0,8,0,204,1,2,Young Starters,-0.9284003781611968,-2.3051393466686902,0.4895446217774784
1969,Postgraduate,Partner,55212.0,0,1,2012-11-23,65,1103,0,45,0,0,34,3,4,2,11,8,0,1,0,0,1,0,0,45,1182,1,1,3,1,20,2,583,2,1,Established Families,0.40370657936641025,0.38734350706218196,0.5584082386477116
1950,Postgraduate,Partner,59292.0,0,1,2013-06-13,71,378,14,68,19,14,14,2,3,5,8,3,0,0,0,0,0,0,0,64,507,1,1,3,1,18,0,381,2,1,Established Families,0.8306336366006541,1.5115532083120777,0.038031783867393844
1973,Undergraduate,Partner,27190.0,1,0,2013-08-15,13,1,6,7,0,1,3,1,1,0,2,8,1,0,0,0,0,0,1,41,18,1,1,3,1,4,1,318,0,2,Young Starters,-2.226851471475212,-0.7924227939621402,0.518681120736774
1952,Graduate,Single,82623.0,0,0,2013-11-10,58,204,34,204,172,153,173,1,2,9,4,1,0,0,0,0,0,0,0,62,940,0,0,1,0,16,0,231,1,3,Premium Spenders,2.37825729825107,0.5243719023697729,0.466409769145593
1965,Graduate,Partner,44300.0,1,1,2013-06-23,65,30,0,9,0,0,3,2,1,0,3,6,0,0,0,0,0,0,0,49,42,2,1,4,1,6,0,371,1,0,Budget Families,-1.700881851494134,0.9379532257749122,0.051552849596449055
1970,Graduate,Single,84835.0,0,0,2014-06-16,0,189,104,379,111,189,218,1,4,4,6,1,0,0,0,0,0,0,1,44,1190,0,0,1,0,15,0,13,1,3,Premium Spenders,2.388083910030567,-1.2372860043895093,0.49204423645307094
1971,Graduate,Single,30372.0,1,1,2012-12-25,33,15,0,12,7,3,7,3,2,0,3,7,0,0,0,0,0,0,0,43,44,2,0,3,1,8,0,551,1,0,Budget Families,-2.145664189138952,0.27211111227144286,0.5324790217287443
1976,Postgraduate,Partner,33181.0,1,0,2014-01-03,90,9,0,3,0,0,4,1,1,0,2,6,1,0,0,0,0,0,0,38,16,1,1,3,1,4,1,177,2,2,Young Starters,-1.7765776849622574,-0.3547401612245632,0.14508739073581584
1957,Graduate,Partner,71113.0,0,1,2013-12-17,95,495,33,255,11,33,8,4,6,7,9,4,0,0,0,0,0,0,0,57,835,1,1,3,1,26,0,194,1,1,Established Families,1.6179527862846597,1.5229247602033846,0.01214552101828378
1986,Graduate,Partner,71952.0,1,0,2013-01-10,93,656,80,455,52,107,93,2,8,4,8,4,1,0,1,0,0,0,0,28,1443,1,1,3,1,22,2,535,1,3,Premium Spenders,1.6221798893473791,-0.5640768622073217,0.7836063818146799
1966,Postgraduate,Single,69759.0,0,0,2013-10-28,38,452,20,514,13,30,0,3,4,6,5,3,0,0,0,0,0,0,1,48,1029,0,0,1,0,18,0,244,2,3,Premium Spenders,1.7866030190062372,-0.5279230592174452,0.7026957028586429
1974,Graduate,Partner,72099.0,0,0,2012-10-27,18,546,91,410,119,0,22,1,3,4,10,1,0,0,0,0,0,0,0,40,1188,0,1,2,0,18,0,610,1,3,Premium Spenders,2.2195587973304516,-1.329197206769299,0.3135151093156682
1976,Postgraduate,Single,60000.0,0,1,2012-12-22,57,1048,0,217,0,0,12,5,11,3,5,6,0,0,0,0,0,0,0,38,1277,1,0,2,1,24,0,554,2,1,Established Families,1.0830994453037592,-0.13104828559691456,0.6298719467199215
1978,Graduate,Single,38643.0,1,1,2013-11-29,45,22,2,14,0,1,10,2,2,0,3,7,0,0,0,0,0,1,0,36,49,2,0,3,1,7,0,212,1,0,Budget Families,-2.0749999246831146,-0.07712991589382016,0.1221178117826749
1955,Graduate,Partner,50737.0,0,1,2013-05-11,61,78,0,11,0,0,10,1,2,0,4,6,0,1,0,0,0,0,0,59,99,1,1,3,1,7,1,414,1,0,Budget Families,-0.9023918537030203,0.9377046752913117,0.21530106719360906
1969,Postgraduate,Partner,68462.0,0,0,2012-12-12,6,561,64,785,84,128,48,1,3,3,8,1,0,0,0,0,0,0,0,45,1670,0,1,2,0,15,0,564,2,3,Premium Spenders,2.422776150281131,-1.2105342990044057,0.8384032304224035
1943,Postgraduate,Partner,65073.0,0,0,2013-08-20,65,629,17,177,69,0,8,1,5,3,5,2,0,0,0,0,0,1,0,71,900,0,1,2,0,14,0,313,2,3,Premium Spenders,1.744953484854271,1.113756283924252,0.09345372504814649
1948,Postgraduate,Partner,46681.0,0,2,2013-10-08,52,269,15,69,15,19,38,2,4,6,4,5,0,0,0,0,0,0,0,66,425,2,1,4,1,16,0,264,2,0,Budget Families,-0.3998654784352061,2.1459325219409457,0.2167417380206875
1957,Graduate,Partner,78618.0,0,0,2012-09-28,87,736,163,818,212,163,61,1,4,7,10,2,0,1,0,0,0,0,0,57,2153,0,1,2,0,22,1,639,1,3,Premium Spenders,3.4541729346615444,0.5571444577510698,0.5423498274847444
1969,Postgraduate,Single,62187.0,0,1,2014-03-22,38,512,0,83,0,0,41,3,6,2,10,4,0,0,0,0,0,0,0,45,636,1,0,2,1,21,0,99,2,1,Established Families,0.8131897518940195,0.05338780052726036,0.06353940641421317
1978,Graduate,Partner,28442.0,2,0,2014-02-24,53,19,3,10,11,8,6,3,2,1,4,4,0,0,0,0,0,0,0,36,57,2,1,4,1,10,0,125,1,0,Budget Families,-1.6413184806125523,-0.10700207252279396,0.020040463747391837
1967,Graduate,Partner,51479.0,1,1,2012-12-28,67,247,8,160,6,8,65,7,6,3,6,7,0,0,0,0,0,0,0,47,494,2,1,4,1,22,0,548,1,1,Established Families,-0.4070012681439173,1.2460864180079365,0.15325830816722252
1969,Graduate,Single,54803.0,0,1,2012-08-21,65,404,0,92,28,27,142,2,6,2,9,4,0,0,0,0,0,0,0,45,693,1,0,2,1,19,0,677,1,1,Established Families,0.5765079392541469,0.21635881743811156,0.15534970037723678
1960,Graduate,Partner,79530.0,0,0,2013-05-17,64,333,0,815,129,42,29,1,4,10,11,2,0,0,0,0,0,0,0,54,1348,0,1,2,0,26,0,408,1,3,Premium Spenders,2.9833873390456267,0.28262536179561515,0.22805506772980322
1976,Graduate,Single,31615.0,1,0,2013-03-16,82,2,3,20,6,11,9,2,2,0,3,7,0,0,0,0,0,0,0,38,51,1,0,2,1,7,0,470,1,2,Young Starters,-1.7764244361146764,-0.32363462931650394,0.22062735814637227
1962,Graduate,Partner,72025.0,0,0,2012-11-17,27,833,33,549,151,133,233,1,4,3,8,3,0,0,0,0,0,0,0,52,1932,0,1,2,0,16,0,589,1,3,Premium Spenders,2.53642782837696,-0.43844001710600083,0.5477804604428776
1975,Postgraduate,Single,52614.0,0,1,2012-12-01,63,789,0,142,12,9,38,2,2,4,8,8,0,0,0,0,0,0,0,39,990,1,0,2,1,16,0,575,2,1,Established Families,-0.11575876937291588,-0.1295864853335326,0.3575662381677704
1984,Undergraduate,Partner,35684.0,1,0,2014-04-22,66,10,4,7,0,6,3,1,1,0,3,6,0,0,0,0,0,0,0,30,30,1,1,3,1,5,0,68,0,2,Young Starters,-1.735633275948953,-1.0766532420587696,0.008797483913161144
1975,Graduate,Partner,48178.0,1,1,2012-10-28,69,159,4,45,6,2,38,6,5,1,4,8,0,0,0,0,0,0,0,39,254,2,1,4,1,16,0,609,1,0,Budget Families,-1.2842815343496563,0.6259049834765283,0.22349297383998912
1970,Postgraduate,Single,29548.0,1,0,2013-08-29,52,7,1,6,3,1,11,1,1,1,2,4,1,0,0,0,0,0,0,44,29,1,0,2,1,5,1,304,2,2,Young Starters,-1.4080821250830418,-0.3735237572651228,0.6615070038151128
1966,Graduate,Single,63810.0,0,1,2012-11-11,45,977,12,253,16,12,101,4,4,3,12,8,0,1,0,0,0,0,0,48,1371,1,0,2,1,23,1,595,1,1,Established Families,0.9695859475682971,0.5063756014984527,0.6712500453733571
1972,Postgraduate,Single,38578.0,1,1,2013-06-22,2,38,4,22,3,3,3,3,3,0,3,8,0,0,0,0,0,0,1,42,73,2,0,3,1,9,0,372,2,0,Budget Families,-2.0494178826171865,0.02419600091261494,0.7894074116789457
1975,Postgraduate,Single,46098.0,1,1,2012-08-18,86,57,0,27,0,0,36,4,3,2,2,8,0,0,0,0,0,0,0,39,120,2,0,3,1,11,0,680,2,0,Budget Families,-1.7335770584053725,0.66088617946907,0.6702445270857854
1970,Graduate,Single,22585.0,0,0,2013-03-18,23,3,9,15,13,2,39,1,1,1,2,9,1,0,0,0,0,0,1,44,81,0,0,1,0,5,1,468,1,2,Young Starters,-1.9197196688384008,-1.1430091262033104,0.9346574141025075
1989,Graduate,Single,30279.0,1,0,2012-12-30,13,10,4,14,4,4,1,1,1,0,3,8,0,0,0,0,0,0,0,25,37,1,0,2,1,5,0,546,1,2,Young Starters,-2.247639449632446,-1.8325592505671504,0.7541484993739889
1961,Postgraduate,Partner,66426.0,0,1,2013-10-02,14,1043,24,97,32,24,157,2,3,5,10,6,0,0,0,0,0,0,0,53,1377,1,1,3,1,20,0,270,2,1,Established Families,1.2396791224879693,0.4184538461616609,0.11041342983323257
1969,Graduate,Single,30822.0,1,0,2013-06-14,92,3,9,13,2,12,12,1,1,0,3,7,0,0,0,0,0,0,0,45,51,1,0,2,1,5,0,380,1,2,Young Starters,-1.8355110352687114,0.1877318543079886,0.12157009077121106
1969,Postgraduate,Partner,33581.0,2,0,2013-01-08,38,11,0,5,0,0,1,1,1,0,2,8,0,0,0,0,0,0,0,45,17,2,1,4,1,4,0,537,2,0,Budget Families,-2.466382173790132,0.4165611490183841,0.33633919957313174
1985,Graduate,Partner,19986.0,1,0,2013-11-14,74,3,6,5,0,2,6,1,0,0,3,7,0,0,0,0,0,0,0,29,22,1,1,3,1,4,0,227,1,2,Young Starters,-2.344788723038644,-1.120875848403966,0.02765356908352771
1954,Graduate,Single,27421.0,0,0,2012-12-12,14,43,12,96,78,40,55,3,4,1,6,7,0,0,0,0,0,0,0,60,324,0,0,1,0,14,0,564,1,2,Young Starters,-0.5833229492621029,-0.014160815922411916,0.8463965006097142
1981,Postgraduate,Single,36143.0,1,0,2014-03-30,33,12,0,1,0,0,6,1,0,1,2,3,0,0,0,0,0,0,0,33,19,1,0,2,1,4,0,91,2,2,Young Starters,-1.2724487772924618,-1.3216553264212323,0.24931273725910114
1971,Graduate,Single,10245.0,1,0,2013-05-15,32,4,7,7,6,4,13,3,1,2,2,5,0,0,0,0,0,0,0,43,41,1,0,2,1,8,0,410,1,2,Young Starters,-1.859231581072479,-0.5951660399360077,0.5324517239621425
1968,Postgraduate,Partner,43795.0,0,1,2013-10-16,11,314,11,53,4,3,107,3,7,3,4,7,0,1,0,0,0,0,1,46,492,1,1,3,1,17,1,256,2,1,Established Families,-0.46279912068944734,-0.16392111722842057,0.7094677166434851
1960,Graduate,Partner,63381.0,0,1,2012-10-05,78,571,50,142,33,50,159,4,4,5,13,2,0,0,0,0,0,0,0,54,1005,1,1,3,1,26,0,632,1,1,Established Families,1.8751967689531988,1.0403619498161154,0.02978924693525408
1949,Graduate,Partner,38823.0,0,1,2012-08-30,56,70,0,11,2,8,23,1,2,1,3,6,0,0,0,0,0,0,0,65,114,1,1,3,1,7,0,668,1,0,Budget Families,-1.1090693702756615,1.242901406434695,0.2212862802959227
1968,Postgraduate,Single,83664.0,1,1,2013-05-08,57,866,21,151,28,21,86,3,2,2,12,5,0,0,0,0,0,0,0,46,1173,2,0,3,1,19,0,417,2,1,Established Families,1.07753239376959,1.0424871300355278,0.08510660372829797
1979,Graduate,Partner,90300.0,0,0,2014-01-03,7,594,134,786,33,134,57,0,5,6,8,1,0,0,1,0,0,0,0,35,1738,0,1,2,0,19,1,177,1,3,Premium Spenders,3.1230872005207786,-1.688322821757353,0.8540536055604392
1979,Postgraduate,Partner,62499.0,1,0,2013-12-09,0,140,4,61,0,13,4,2,3,1,6,4,0,0,0,0,0,0,0,35,222,1,1,3,1,12,0,202,2,2,Young Starters,-0.1636152754152124,-1.1517046320536273,0.26415197567967574
1993,Graduate,Single,74293.0,0,0,2014-05-04,66,375,152,335,93,91,81,1,5,4,6,2,0,0,0,0,0,0,0,21,1127,0,0,1,0,16,0,56,1,3,Premium Spenders,1.7482420752435484,-2.1637200277733823,0.0867897160406504
1946,Postgraduate,Partner,51012.0,0,0,2013-04-18,86,102,9,63,2,9,24,1,4,1,4,6,0,0,0,0,0,0,0,68,209,0,1,2,0,10,0,437,2,1,Established Families,-0.09448648498741785,1.1499327854900099,0.07639811335258166
1968,Postgraduate,Partner,70777.0,0,1,2014-02-25,80,554,35,113,0,7,78,3,5,3,12,3,0,0,0,0,0,0,0,46,787,1,1,3,1,23,0,124,2,1,Established Families,1.442597124982466,0.5358936978653075,0.006940025061749101
1991,Postgraduate,Partner,68682.0,0,0,2013-10-06,56,919,0,505,99,30,45,1,4,9,10,2,0,0,0,0,0,0,0,23,1598,0,1,2,0,24,0,266,2,3,Premium Spenders,2.4989557558969273,-1.9808615401800143,0.14126836185695918
1971,Graduate,Partner,43824.0,1,1,2012-09-15,18,96,1,42,12,3,32,4,3,1,4,8,0,0,0,0,0,0,0,43,186,2,1,4,1,12,0,652,1,0,Budget Families,-1.6426477849643282,0.3238557701731901,0.5664106960279378
1984,Graduate,Partner,15345.0,1,0,2012-08-31,51,5,2,16,3,2,19,2,1,1,2,8,0,0,0,0,0,0,1,30,47,1,1,3,1,6,0,667,1,2,Young Starters,-2.4755668399376547,-1.1947261428242972,0.4111375595149903
1987,Graduate,Single,23442.0,1,0,2012-12-24,71,2,0,6,8,6,5,1,1,0,3,7,0,0,0,0,0,0,0,27,27,1,0,2,1,5,0,552,1,2,Young Starters,-2.2226128781280368,-1.2443654020864023,0.26595552239378295
1980,Undergraduate,Partner,14515.0,1,0,2012-11-09,71,6,4,9,6,36,35,4,2,2,3,7,0,0,0,0,0,0,1,34,96,1,1,3,1,11,0,597,0,2,Young Starters,-1.955065797217838,-0.6764626798434589,0.12752430566585873
1956,Undergraduate,Single,31395.0,1,1,2013-03-23,80,23,1,25,0,8,7,4,2,1,3,6,0,0,0,0,0,0,0,58,64,2,0,3,1,10,0,463,0,0,Budget Families,-1.6594268811498103,1.7145320915059237,0.10602042793761324
1965,Graduate,Partner,75276.0,0,0,2012-09-27,2,610,105,125,137,42,21,1,9,4,9,5,0,0,0,0,0,0,0,49,1040,0,1,2,0,23,0,640,1,3,Premium Spenders,1.890339341236996,-0.5621618722458188,0.6209943604667215
1974,Graduate,Single,42373.0,1,1,2013-08-15,83,67,5,61,3,8,19,5,2,1,5,5,0,0,0,0,0,0,0,40,163,2,0,3,1,13,0,318,1,0,Budget Families,-1.1659974505077286,0.6020736708750521,0.09872943804827657
1960,Graduate,Partner,30507.0,0,0,2013-03-11,29,65,36,74,38,20,110,1,5,1,4,7,0,0,0,0,0,0,0,54,343,0,1,2,0,11,0,475,1,2,Young Starters,-0.7276386613463774,-0.3389360653833024,0.5561010592047324
1955,Postgraduate,Single,55521.0,1,2,2013-10-22,11,416,0,26,0,0,4,9,6,3,6,7,0,1,0,0,0,0,1,59,446,3,0,4,1,24,1,250,2,0,Budget Families,-0.5564726749328153,2.297611532455035,0.9030904916058279
1965,Graduate,Partner,48006.0,1,1,2014-06-09,55,23,0,11,3,2,2,1,1,0,3,6,0,0,0,0,0,0,0,49,41,2,1,4,1,5,0,20,1,0,Budget Families,-1.6735208269647601,0.8403859699113716,0.015351010574427103
1972,Postgraduate,Single,27213.0,1,0,2012-08-30,19,19,3,26,10,9,3,3,2,0,4,8,0,0,0,0,0,0,1,42,70,1,0,2,1,9,0,668,2,2,Young Starters,-1.8819110065918363,-0.5568409152070798,0.9016098804207158
1971,Postgraduate,Single,65808.0,1,1,2014-05-30,1,155,7,80,13,7,10,3,5,1,5,6,0,0,0,0,0,0,0,43,272,2,0,3,1,14,0,30,2,0,Budget Families,-0.6080832424481251,0.22406294158698659,0.431658249512033
1974,Postgraduate,Partner,30351.0,1,0,2013-06-06,19,14,0,24,3,3,2,1,3,0,2,9,0,0,0,0,0,0,0,40,46,1,1,3,1,6,0,388,2,2,Young Starters,-2.1868116008574994,-0.7038967959165804,0.5428845843011798
1963,Graduate,Partner,50437.0,0,2,2012-10-17,28,370,9,92,6,9,4,3,7,1,8,7,0,0,0,0,0,0,0,51,490,2,1,4,1,19,0,620,1,0,Budget Families,-0.5727130837679331,1.087515751467041,0.23355510769375465
1982,Undergraduate,Single,23616.0,1,0,2012-11-17,76,4,22,11,3,7,32,2,3,0,3,8,0,0,0,0,0,0,1,32,79,1,0,2,1,8,0,589,0,2,Young Starters,-2.112231642027622,-0.7523714447638195,0.257819543578722
1976,Graduate,Partner,53858.0,0,1,2012-11-09,50,407,53,221,58,150,26,4,4,3,6,4,0,0,0,0,0,0,0,38,915,1,1,3,1,17,0,597,1,1,Established Families,0.5525911931804564,-0.451660376117366,0.2225901278324631
1955,Postgraduate,Partner,66465.0,0,1,2013-03-30,1,1200,0,204,38,29,14,3,11,9,12,6,0,0,0,1,0,0,0,59,1485,1,1,3,1,35,1,456,2,1,Established Families,2.2590502179235386,1.0482268504408945,0.8535857238541597
1987,Graduate,Single,46923.0,1,0,2012-08-22,90,85,44,54,102,78,6,3,5,1,7,7,0,0,0,0,0,0,0,27,369,1,0,2,1,16,0,676,1,2,Young Starters,-0.7376506145671073,-0.7295390140300725,0.23755887166973264
1962,Graduate,Partner,75072.0,0,1,2013-01-23,83,583,34,309,0,22,125,2,5,4,8,3,0,0,0,0,0,0,0,52,1073,1,1,3,1,19,0,522,1,1,Established Families,1.6210820758237687,0.878669520496258,0.0529182122786447
1943,Postgraduate,Partner,75865.0,0,0,2014-03-31,73,483,0,591,156,0,12,1,3,5,10,1,0,0,0,0,0,0,0,71,1242,0,1,2,0,19,0,90,2,3,Premium Spenders,2.7465307752077894,1.2912492353628051,0.04059155847129801
1975,Undergraduate,Partner,19789.0,1,0,2013-11-20,24,2,5,9,28,6,28,3,2,1,3,5,1,0,0,0,0,0,0,39,78,1,1,3,1,9,1,221,0,2,Young Starters,-1.5876397003411284,-0.8732778223558086,0.3622474716359859
1994,Graduate,Partner,80134.0,0,0,2014-02-14,11,966,26,282,52,26,26,1,2,7,11,5,0,1,1,1,1,0,0,20,1378,0,1,2,0,21,4,135,1,3,Premium Spenders,1.8760700871815859,-2.4723704957945007,0.9852593378177794
1981,Graduate,Single,91065.0,0,0,2013-02-22,33,822,114,108,179,137,114,1,7,9,9,3,0,0,1,1,0,0,1,33,1474,0,0,1,0,26,2,492,1,3,Premium Spenders,2.973842715734179,-1.323664038841701,0.9627368874256108
1971,Postgraduate,Partner,49505.0,1,1,2013-03-05,4,604,0,100,19,0,28,9,10,2,8,8,0,0,0,0,0,0,0,43,751,2,1,4,1,29,0,481,2,1,Established Families,-0.047126580181047685,0.5904583763356105,0.6233624842044317
1973,Postgraduate,Partner,37401.0,1,0,2014-05-06,14,19,3,19,3,1,3,2,2,0,3,7,0,0,0,0,0,0,0,41,48,1,1,3,1,7,0,54,2,2,Young Starters,-1.6221555709512352,-0.7125018072469457,0.22038064022937123
1982,Postgraduate,Partner,18492.0,1,0,2014-06-05,75,2,2,2,2,1,1,1,1,0,2,8,0,0,0,0,0,0,0,32,10,1,1,3,1,4,0,24,2,2,Young Starters,-2.5232324861171818,-0.8737004582945749,0.048636101604754504
1974,Postgraduate,Partner,82584.0,0,0,2013-06-04,26,1076,68,103,29,91,68,1,3,4,8,1,0,1,1,0,0,0,1,40,1435,0,1,2,0,16,2,390,2,3,Premium Spenders,2.564336013364625,-1.2690546585787683,0.8339890483131799
1941,Postgraduate,Partner,93027.0,0,0,2013-04-13,77,1285,42,716,55,0,21,0,7,10,5,2,0,0,1,0,0,0,0,73,2119,0,1,2,0,22,1,442,2,3,Premium Spenders,3.931687634489301,1.6074676181025123,0.7649937312892595
1953,Graduate,Partner,48686.0,1,2,2013-12-04,8,10,0,7,2,0,1,1,1,0,2,8,0,0,0,0,0,0,0,61,20,3,1,5,1,4,0,207,1,0,Budget Families,-2.3799557989680813,1.97227445455276,0.12180226794601831
1986,Graduate,Partner,92910.0,0,0,2014-04-24,42,551,137,792,179,103,33,1,6,7,13,1,0,1,1,1,0,0,0,28,1795,0,1,2,0,27,3,66,1,3,Premium Spenders,3.627506739181204,-1.6470633961000536,0.9018830337495859
1989,Graduate,Partner,75433.0,1,0,2014-04-05,28,800,0,297,0,34,57,2,2,5,10,6,0,1,0,1,0,0,0,25,1188,1,1,3,1,19,2,85,1,1,Established Families,0.9421752787865126,-1.312462741347211,0.5684844288713422
1989,Undergraduate,Partner,10404.0,1,0,2014-05-04,52,2,2,11,10,6,12,2,1,0,4,5,0,0,0,0,0,0,0,25,43,1,1,3,1,7,0,56,0,2,Young Starters,-2.096806507098846,-1.6471706428372936,0.00873794272553425
1968,Graduate,Partner,61314.0,0,1,2013-04-25,1,378,0,189,97,172,172,2,5,5,12,3,0,0,0,0,0,0,0,46,1008,1,1,3,1,24,0,430,1,1,Established Families,1.4523090519260669,-0.20880911100485236,0.17880665181149727
1961,Postgraduate,Single,84865.0,0,0,2013-05-09,1,1248,16,349,43,16,16,1,2,4,9,4,0,1,1,1,1,0,1,53,1688,0,0,1,0,16,4,416,2,3,Premium Spenders,2.4730227602155517,-0.49639014724515645,0.9987306881656673
1989,Graduate,Partner,42387.0,1,0,2012-10-29,42,235,0,235,19,4,191,5,8,1,7,8,0,0,0,0,0,0,0,25,684,1,1,3,1,21,0,608,1,2,Young Starters,-0.48068700023832933,-1.1753056803694557,0.6443070292915238
1967,Undergraduate,Partner,67309.0,1,1,2013-01-23,76,515,47,181,149,95,95,15,9,6,9,7,0,0,0,0,0,0,0,47,1082,2,1,4,1,39,0,522,0,1,Established Families,1.4518551368289847,1.7645488084305079,0.30693912678608865
1964,Graduate,Partner,75236.0,0,1,2013-11-25,27,438,66,400,12,38,114,1,8,3,13,4,0,0,0,0,0,0,0,50,1068,1,1,3,1,25,0,216,1,1,Established Families,1.7720522333664857,0.4196453812238583,0.047310459807841876
1970,Graduate,Single,30015.0,1,0,2014-02-02,28,25,0,22,2,3,5,2,1,0,4,5,0,0,0,0,0,0,0,44,57,1,0,2,1,7,0,147,1,2,Young Starters,-1.4262328518001448,-0.5014099735945541,0.1769881832263089
1956,Postgraduate,Partner,50943.0,0,1,2013-06-21,49,31,0,7,2,0,6,1,1,0,3,5,0,0,0,0,0,0,0,58,46,1,1,3,1,5,0,373,2,0,Budget Families,-0.9061898413509846,0.6762816126593817,0.1152141044692667
1966,Graduate,Single,67272.0,0,1,2013-12-21,12,357,35,271,28,28,14,3,6,2,12,5,0,0,0,0,0,0,0,48,733,1,0,2,1,23,0,190,1,1,Established Families,0.9942434567561922,0.12610531780520368,0.1353813940242533
1949,Postgraduate,Single,51529.0,0,1,2013-09-07,14,400,4,35,6,0,22,2,9,1,5,8,0,0,0,0,0,0,0,65,467,1,0,2,1,17,0,295,2,1,Established Families,-0.26622002064408845,1.2185641546572397,0.5652721997182977
1971,Postgraduate,Partner,32011.0,1,0,2013-08-22,89,99,0,15,2,1,5,3,2,1,4,7,0,0,0,0,0,0,0,43,122,1,1,3,1,10,0,311,2,2,Young Starters,-1.479730373796518,0.14420936063051673,0.07815436989740793
1986,Undergraduate,Partner,7500.0,1,0,2013-02-07,96,1,11,5,4,6,9,2,2,0,3,8,0,0,0,0,0,0,0,28,36,1,1,3,1,7,0,507,0,2,Young Starters,-2.6261174752882344,-0.9321135131788194,0.04086598209112853
1989,Graduate,Partner,28691.0,1,0,2013-07-04,56,5,4,13,8,0,4,1,1,0,3,8,0,0,0,0,0,0,0,25,34,1,1,3,1,5,0,360,1,2,Young Starters,-2.280552899784623,-1.4497492765988365,0.1200020833098877
1948,Postgraduate,Partner,56223.0,0,1,2013-12-20,72,77,28,31,16,0,4,2,2,1,5,4,0,0,0,0,0,0,0,66,156,1,1,3,1,10,0,191,2,0,Budget Families,-0.146743675919527,1.5146416907560971,0.026963015306459556
1946,Graduate,Partner,18100.0,0,0,2013-08-06,14,3,1,2,4,3,1,1,0,0,3,5,0,0,0,0,0,0,0,68,14,0,1,2,0,4,0,327,1,2,Young Starters,-1.232587204514776,0.18042774885163204,0.18080731458113247
1974,Undergraduate,Partner,20130.0,0,0,2014-03-17,99,0,6,3,7,6,12,1,1,0,3,8,0,0,0,0,0,0,0,40,34,0,1,2,0,5,0,104,0,2,Young Starters,-1.8826414189894198,-0.7742240206606292,0.007258607356970014
1959,Graduate,Single,23295.0,0,0,2013-07-13,72,0,0,1,2,12,5,1,1,0,2,8,0,0,0,0,0,0,0,55,20,0,0,1,0,4,0,351,1,2,Young Starters,-1.7247747301770464,-0.01878322579928501,0.29782378487165323
1972,Postgraduate,Single,42618.0,1,0,2013-10-09,92,76,14,74,13,5,10,2,5,0,4,8,0,0,0,0,0,0,0,42,192,1,0,2,1,11,0,263,2,2,Young Starters,-1.286034904689597,0.2129547692092078,0.22291684622142177
1964,Graduate,Single,81246.0,0,0,2013-12-29,87,398,190,537,61,156,37,1,4,5,7,1,1,0,0,1,0,0,0,50,1379,0,0,1,0,17,2,182,1,3,Premium Spenders,2.6575696826580195,-0.023698857918745,0.7614356963246713
1976,Graduate,Partner,24027.0,1,0,2013-06-09,7,14,7,11,11,0,5,2,2,0,3,8,0,0,0,0,0,0,0,38,48,1,1,3,1,7,0,385,1,2,Young Starters,-2.1353266088572433,-0.9940627880603206,0.4301494190917369
1953,Postgraduate,Partner,55707.0,0,1,2013-12-22,91,208,7,82,30,66,35,2,3,2,9,3,0,0,0,0,0,0,0,61,428,1,1,3,1,16,0,189,2,1,Established Families,0.5349089264140916,1.4325267419711618,0.007707888099841346
1955,Graduate,Single,57959.0,0,1,2013-05-02,71,430,16,322,43,24,33,5,4,7,11,3,0,0,0,0,0,0,0,59,868,1,0,2,1,27,0,423,1,1,Established Families,1.5744444083283733,1.3615699117532984,0.09491830928012138
1969,Graduate,Partner,56796.0,0,1,2013-02-16,24,656,38,161,62,47,37,3,8,9,7,7,0,0,0,0,0,0,0,45,1001,1,1,3,1,27,0,498,1,1,Established Families,0.8480112893592625,0.15200841361930034,0.49690362054642767
1971,Postgraduate,Single,36230.0,1,0,2013-10-17,17,14,2,30,8,2,3,1,2,0,4,5,0,0,0,0,0,0,0,43,59,1,0,2,1,7,0,255,2,2,Young Starters,-1.2899683245844626,-0.6411518545746933,0.4919211702057069
1980,Undergraduate,Partner,70829.0,1,1,2013-12-01,87,141,70,106,72,19,23,2,4,2,8,3,0,0,0,0,0,0,0,34,431,2,1,4,1,16,0,210,0,1,Established Families,0.17533286895634081,0.3320083436723053,0.0022079934499782826
1976,Graduate,Partner,65991.0,0,1,2012-09-07,21,507,19,364,25,47,9,3,9,5,10,7,0,0,0,0,0,0,0,38,971,1,1,3,1,27,0,660,1,1,Established Families,0.9657981255923972,-0.30414941809277746,0.5772942186817519
1972,Graduate,Partner,38988.0,1,2,2012-08-20,90,164,24,103,12,3,42,7,5,1,6,8,0,0,0,0,0,0,0,42,348,3,1,5,1,19,0,678,1,0,Budget Families,-1.6489139701393951,1.7282529882145166,0.12790095480490318
1966,Undergraduate,Single,89572.0,0,0,2012-09-15,44,606,24,974,197,194,64,1,7,7,9,4,0,1,0,1,0,0,1,48,2059,0,0,1,0,24,2,652,0,3,Premium Spenders,3.3175983207534823,-0.2539717441411496,0.993893560750984
1984,Postgraduate,Partner,42207.0,1,0,2013-04-01,71,116,11,72,3,17,46,4,4,1,5,6,1,0,0,0,0,0,1,30,265,1,1,3,1,14,1,454,2,2,Young Starters,-0.8605824008045061,-0.8045400649421289,0.6031748145054834
1952,Graduate,Partner,50300.0,0,1,2014-05-25,52,143,15,60,24,23,5,2,2,1,8,2,0,0,0,0,0,0,0,62,270,1,1,3,1,13,0,35,1,0,Budget Families,0.2675070356046169,1.018075832498833,0.006356457092271314
1982,Undergraduate,Partner,66664.0,0,0,2012-09-25,78,398,96,447,220,96,32,1,5,7,6,3,0,0,0,0,0,0,0,32,1289,0,1,2,0,19,0,642,0,3,Premium Spenders,1.8322742388178694,-1.24429879446401,0.1924786332729768
1964,Graduate,Partner,60597.0,0,1,2014-01-01,2,522,0,257,32,16,66,4,2,2,8,7,0,0,0,1,0,0,1,50,893,1,1,3,1,16,1,179,1,1,Established Families,0.259637139000782,0.05481463909591574,0.48594763784296546
1949,Graduate,Single,70165.0,0,0,2013-09-22,60,161,0,253,199,191,122,1,3,7,11,1,0,0,0,0,0,0,0,65,926,0,0,1,0,22,0,280,1,3,Premium Spenders,2.4498433694622883,0.8298597455885975,0.13052151054128683
1958,Postgraduate,Single,50520.0,0,1,2014-01-28,25,112,0,6,2,1,14,2,3,1,3,6,0,0,0,0,0,0,0,56,135,1,0,2,1,9,0,152,2,0,Budget Families,-0.7988238147736011,0.45359931125106423,0.4251174539678875
1975,Graduate,Partner,33183.0,1,0,2014-02-24,46,7,5,39,17,15,37,2,4,0,3,7,0,0,0,0,0,0,0,39,120,1,1,3,1,9,0,125,1,2,Young Starters,-1.5605461564034326,-0.5324713708516511,0.08039768706360703
1969,Postgraduate,Single,66582.0,0,0,2014-03-03,83,789,25,420,16,38,0,1,2,8,9,1,0,0,0,0,0,0,0,45,1288,0,0,1,0,20,0,118,2,3,Premium Spenders,2.3532802932495582,-0.38641211635369843,0.0618984098533582
1955,Postgraduate,Partner,75261.0,0,0,2013-04-23,17,1239,17,413,23,34,17,1,5,6,5,2,0,1,1,0,0,0,1,59,1743,0,1,2,0,17,2,432,2,3,Premium Spenders,2.745311545865307,-0.05408523751646658,0.9660057641537744
1970,Graduate,Single,31880.0,1,0,2012-10-31,13,4,1,5,2,0,3,1,1,0,2,8,0,0,0,0,0,0,0,44,15,1,0,2,1,4,0,606,1,2,Young Starters,-2.087132452064104,-0.5699307911843671,0.8433989718196178
1951,Graduate,Partner,53790.0,0,2,2014-03-06,86,335,42,127,28,5,5,3,7,2,8,6,0,0,0,0,0,0,0,63,542,2,1,4,1,20,0,115,1,1,Established Families,-0.09137745770461876,2.413275549611716,0.005046086984251386
1971,Postgraduate,Partner,49269.0,1,0,2012-08-15,92,639,8,166,11,8,58,3,7,3,12,7,0,0,0,0,0,0,0,43,890,1,1,3,1,25,0,683,2,1,Established Families,0.45028074130965134,0.5594080926215815,0.06357019450235557
1975,Graduate,Partner,61456.0,0,1,2013-03-27,47,563,76,384,84,192,89,4,6,10,13,4,0,0,0,0,0,0,0,39,1388,1,1,3,1,33,0,459,1,1,Established Families,2.069427844869371,-0.028576970186011054,0.27909602476729817
1980,Graduate,Partner,37406.0,1,0,2013-10-10,18,2,0,8,2,2,3,1,1,0,2,8,0,0,0,0,0,0,1,34,17,1,1,3,1,4,0,262,1,2,Young Starters,-2.0588215137400763,-1.1729975099605983,0.25929831131862746
1981,Postgraduate,Partner,56937.0,1,0,2012-08-04,81,746,8,125,11,8,8,7,8,6,9,6,0,1,0,0,0,0,1,33,906,1,1,3,1,30,1,694,2,1,Established Families,0.9914826504620468,-0.10589391583275512,0.5926626576830195
1978,Graduate,Partner,38415.0,1,1,2013-01-02,91,22,1,13,4,0,4,2,1,0,3,7,0,0,0,0,0,0,0,36,44,2,1,4,1,6,0,543,1,0,Budget Families,-2.134677935627593,0.31565971382164787,0.03614609648915693
1988,Graduate,Single,20518.0,1,0,2014-05-18,58,4,1,6,4,1,9,1,1,1,2,5,0,0,0,0,0,0,0,26,25,1,0,2,1,5,0,42,1,2,Young Starters,-1.9770789478580717,-1.5268295503715383,0.06393700480481389
1956,Graduate,Partner,62503.0,0,1,2013-02-18,40,478,0,193,110,75,117,4,8,3,11,5,0,0,0,0,0,0,0,58,973,1,1,3,1,26,0,496,1,1,Established Families,1.3691976673763255,1.0897350083714885,0.1161321806865583
1972,Postgraduate,Single,41644.0,1,1,2014-05-09,67,20,3,4,2,0,2,2,1,0,3,3,0,0,0,0,0,0,0,42,31,2,0,3,1,6,0,51,2,0,Budget Families,-1.3525972591005184,0.3471587442878612,0.036838172600765516
1977,Postgraduate,Partner,55842.0,0,1,2014-05-23,19,451,0,39,0,4,24,1,7,1,8,5,0,0,0,0,0,0,0,37,518,1,1,3,1,17,0,37,2,1,Established Families,0.08010359042721243,-0.7297485676998308,0.03209256864553133
1972,Postgraduate,Partner,62010.0,0,1,2012-10-23,93,371,22,39,6,0,92,4,6,2,7,5,0,0,0,0,0,0,0,42,530,1,1,3,1,19,0,614,2,1,Established Families,0.4162778448474823,0.35009837392049903,0.08099139337818691
1977,Graduate,Partner,41124.0,1,0,2012-10-31,41,281,7,84,15,0,119,7,7,3,4,8,0,0,0,0,0,0,0,37,506,1,1,3,1,21,0,606,1,1,Established Families,-0.5370053720542146,-0.37434105031691683,0.47756265122950753
1973,Postgraduate,Partner,38961.0,1,0,2013-12-30,60,19,7,19,0,1,24,1,2,1,2,7,0,0,0,0,0,0,0,41,70,1,1,3,1,6,0,181,2,2,Young Starters,-1.6165088784413675,-0.31315695628071905,0.13362260511792032
1972,Postgraduate,Single,37760.0,1,0,2013-08-11,54,26,3,13,2,10,0,1,2,0,3,6,0,0,0,0,0,0,0,42,54,1,0,2,1,6,0,322,2,2,Young Starters,-1.4845836327474313,-0.34711373221907843,0.37621658446767986
1974,Graduate,Single,32233.0,1,0,2012-08-19,26,138,15,35,25,11,72,2,6,2,2,9,1,0,0,0,0,0,1,40,296,1,0,2,1,12,1,679,1,2,Young Starters,-1.581375923243336,-0.5045627405899734,0.980937941539404
1975,Graduate,Partner,43057.0,0,1,2013-10-30,30,213,2,44,0,2,5,4,4,2,5,5,0,0,0,0,0,0,0,39,266,1,1,3,1,15,0,242,1,2,Young Starters,-0.5299485381601795,-0.5861562778778936,0.16947304815920544
1960,Postgraduate,Partner,83151.0,0,0,2012-10-10,93,407,28,100,120,74,18,1,5,9,4,3,0,0,0,0,0,0,0,54,747,0,1,2,0,19,0,627,2,3,Premium Spenders,1.9919010999862268,0.4695389555939165,0.3094911908561546
1964,Postgraduate,Single,78825.0,0,0,2012-09-14,35,483,74,114,169,37,18,1,5,10,13,3,0,0,0,0,0,0,1,50,895,0,0,1,0,29,0,653,2,3,Premium Spenders,2.5414785284503014,-0.11841117609881259,0.5361010671024934
1976,Postgraduate,Partner,65104.0,0,1,2013-11-14,4,738,0,232,13,20,50,2,3,5,7,7,0,0,0,0,0,0,0,38,1053,1,1,3,1,17,0,227,2,1,Established Families,0.4351014123021756,-0.698715893982023,0.29156024430009786
1974,Graduate,Partner,60093.0,0,1,2013-06-26,92,502,12,109,16,6,90,2,7,2,10,6,0,0,0,0,0,0,0,40,735,1,1,3,1,21,0,368,1,1,Established Families,0.4759009885577635,0.27717045971653526,0.010138317862500261
1969,Graduate,Partner,14045.0,1,0,2014-01-26,24,11,0,5,2,1,1,1,1,0,3,7,0,0,0,0,0,0,0,45,20,1,1,3,1,5,0,154,1,2,Young Starters,-2.2698279643188393,-0.5005994135836271,0.12398621515922062
1952,Undergraduate,Single,28457.0,0,0,2012-10-28,96,24,1,108,29,29,14,1,4,1,4,8,0,0,0,0,0,0,0,62,205,0,0,1,0,10,0,609,0,2,Young Starters,-1.0211502272798243,0.822880397776514,0.26444745072800496
1958,Postgraduate,Partner,78952.0,0,1,2012-09-24,11,1170,19,594,99,76,134,2,2,5,12,6,0,0,0,0,0,0,0,56,2092,1,1,3,1,21,0,643,2,1,Established Families,2.2352746399959815,0.6370300817021569,0.5504999444206768
1976,Graduate,Single,46310.0,1,0,2012-12-03,99,185,2,88,15,5,14,2,6,1,5,8,0,0,0,0,0,0,0,38,309,1,0,2,1,14,0,573,1,2,Young Starters,-0.966485928824061,0.08778179149994102,0.2511203468124939
1955,Graduate,Partner,76005.0,0,0,2013-02-22,72,983,20,389,240,50,40,1,3,5,13,6,0,0,0,1,0,0,0,59,1722,0,1,2,0,22,1,492,1,3,Premium Spenders,2.3846207524443868,0.734258012994666,0.16026717345221794
1964,Postgraduate,Single,58308.0,0,1,2013-01-12,77,691,0,69,10,0,130,4,2,6,3,8,0,0,0,0,0,0,0,50,900,1,0,2,1,15,0,533,2,1,Established Families,0.0018495178655160377,0.7430975004978986,0.6405594966962602
1944,Postgraduate,Single,55614.0,0,0,2013-11-27,85,504,13,131,8,0,26,1,9,4,6,7,0,1,0,0,0,0,0,70,682,0,0,1,0,20,1,214,2,1,Established Families,0.8516888459354844,1.5479566804766247,0.43318156398323054
1962,Postgraduate,Single,59432.0,0,1,2013-04-13,88,317,25,265,25,19,12,3,5,3,11,5,0,0,0,0,0,0,0,52,663,1,0,2,1,22,0,442,2,1,Established Families,0.7460749174158507,1.0294485183993143,0.08002482799146832
1978,Graduate,Single,55563.0,0,1,2014-04-05,22,29,1,9,2,0,2,1,2,0,3,3,0,0,0,0,0,0,0,36,43,1,0,2,1,6,0,85,1,2,Young Starters,-0.6480005705697595,-1.0889307521336777,0.14169804269459715
1971,Postgraduate,Partner,78642.0,0,1,2013-04-21,83,1396,0,322,46,35,17,1,4,9,4,6,0,0,0,0,0,0,0,43,1816,1,1,3,1,18,0,434,2,1,Established Families,1.694777462284845,0.3572020995948399,0.13180369437376974
1949,Postgraduate,Partner,67911.0,0,1,2014-05-22,63,529,0,356,63,28,0,3,6,7,11,3,0,0,0,0,0,0,0,65,976,1,1,3,1,27,0,38,2,1,Established Families,1.9634725696062416,1.7311124144455718,0.025611456413053405
1944,Graduate,Partner,65275.0,0,0,2013-04-03,9,388,14,218,91,14,21,1,4,3,13,2,0,0,0,0,0,0,0,70,746,0,1,2,0,21,0,452,1,3,Premium Spenders,2.002184458918241,0.7102244385734543,0.14175959081706577
1950,Graduate,Partner,27203.0,1,1,2012-08-06,92,13,2,21,4,0,24,2,1,1,2,8,0,0,0,0,0,0,0,64,64,2,1,4,1,6,0,692,1,0,Budget Families,-2.2533763994637814,2.1999804610974163,0.11731162112248827
1961,Postgraduate,Partner,48330.0,0,1,2013-11-15,2,28,0,4,0,0,0,1,1,0,3,5,0,0,0,0,0,0,0,53,32,1,1,3,1,5,0,226,2,0,Budget Families,-1.0401609234465425,-0.09666791441823902,0.2749737553354101
1990,Undergraduate,Partner,24279.0,0,0,2012-12-29,6,16,36,21,20,62,108,1,4,1,3,8,0,0,0,0,0,0,0,24,263,0,1,2,0,9,0,547,0,2,Young Starters,-1.5413791166585817,-2.5926616165783445,0.6703779574066319
1985,Postgraduate,Partner,64355.0,1,0,2012-08-24,66,1047,0,140,67,38,153,2,4,3,12,8,0,0,0,0,0,0,0,29,1445,1,1,3,1,21,0,674,2,1,Established Families,0.7346420962836804,-0.6288464637529242,0.0790182848367686
1953,Graduate,Single,53653.0,0,0,2012-11-07,29,815,10,239,28,10,108,2,10,4,12,6,0,0,0,0,0,0,0,61,1210,0,0,1,0,28,0,599,1,1,Established Families,1.7788767077458074,0.5451601978233204,0.40339044447218286
1976,Graduate,Partner,65665.0,0,1,2013-12-02,77,225,162,387,106,36,29,1,5,10,8,3,0,0,0,0,0,0,0,38,945,1,1,3,1,24,0,209,1,1,Established Families,1.4301292331309357,-0.036058255008705534,0.018275693334717853
1989,Graduate,Single,81217.0,0,0,2013-07-19,77,493,70,324,146,40,84,1,3,7,11,1,0,0,0,0,0,0,0,25,1157,0,0,1,0,22,0,345,1,3,Premium Spenders,2.4919465992713983,-1.6687902390055536,0.07411462968308448
1992,Graduate,Partner,34935.0,0,0,2013-06-21,71,34,4,66,3,10,20,1,2,1,4,7,0,0,0,0,0,0,0,22,137,0,1,2,0,8,0,373,1,2,Young Starters,-1.300528414043988,-2.1509758258432266,0.07786921477120315
1959,Graduate,Single,61250.0,0,1,2012-12-16,49,382,138,65,60,26,59,6,5,2,12,5,0,0,0,0,0,0,0,55,730,1,0,2,1,25,0,560,1,1,Established Families,1.0443126606143052,0.9523982149597198,0.19668287759971653
1981,Postgraduate,Partner,39665.0,1,0,2013-05-25,97,127,1,56,0,1,31,3,4,2,3,7,1,0,0,0,0,0,0,33,216,1,1,3,1,12,1,400,2,2,Young Starters,-1.206626894076577,-0.3801995182152216,0.4139840217095764
1979,Graduate,Single,60152.0,0,1,2013-03-28,6,325,83,300,86,58,91,1,6,4,12,3,0,0,0,0,0,0,0,35,943,1,0,2,1,23,0,458,1,1,Established Families,1.1971405202686374,-0.9285478830388935,0.40591247950156994
1964,Graduate,Partner,48920.0,0,2,2013-10-20,93,238,17,68,8,10,6,3,6,2,5,7,0,1,0,0,0,0,0,50,347,2,1,4,1,16,1,252,1,0,Budget Families,-0.903471172642024,1.5396300986215867,0.09385914161521366
1959,Postgraduate,Partner,89120.0,0,0,2014-03-17,78,1168,92,408,72,129,55,1,5,6,7,1,0,0,1,0,0,0,0,55,1924,0,1,2,0,19,1,104,2,3,Premium Spenders,3.475630238846818,0.28601042562127815,0.16836868479992423
1946,Postgraduate,Partner,44124.0,0,1,2013-05-11,62,284,0,55,0,6,52,4,6,2,5,8,0,0,0,0,0,0,0,68,397,1,1,3,1,17,0,414,2,1,Established Families,-0.4615686877729056,1.826116343953318,0.1935589636786274
1975,Postgraduate,Single,81169.0,0,0,2013-04-14,47,1288,20,613,80,61,27,1,5,7,9,2,0,0,0,0,0,0,0,39,2089,0,0,1,0,22,0,441,2,3,Premium Spenders,3.2644128266355543,-1.001607388018386,0.49339278011411664
1961,Graduate,Partner,36443.0,1,1,2013-02-03,9,65,0,46,4,3,20,4,3,1,3,8,0,0,0,0,0,0,0,53,138,2,1,4,1,11,0,511,1,0,Budget Families,-1.812465398202422,0.861467987254604,0.5049920714345822
1990,Graduate,Single,26095.0,1,0,2013-06-30,77,11,7,9,3,1,11,1,1,0,3,7,0,0,0,0,0,0,0,24,42,1,0,2,1,5,0,364,1,2,Young Starters,-2.1775454809234667,-1.380830711698345,0.1353482420043777
1959,Graduate,Partner,71367.0,0,0,2013-08-23,24,227,23,389,42,21,75,1,4,5,7,2,0,0,0,0,0,0,0,55,777,0,1,2,0,17,0,310,1,3,Premium Spenders,1.7871225831953226,-0.23048199553536294,0.251440064310037
1944,Postgraduate,Partner,80184.0,0,0,2014-03-01,19,1035,134,670,25,38,0,1,6,3,10,3,0,0,1,1,0,0,0,70,1902,0,1,2,0,20,2,120,2,3,Premium Spenders,3.1217426873335166,0.8299661046013685,0.8900475389561776
1965,Graduate,Single,30630.0,1,1,2014-01-27,67,27,1,12,2,0,10,2,2,0,3,7,0,0,0,0,0,0,0,49,52,2,0,3,1,7,0,153,1,0,Budget Families,-2.12185759838808,0.9611964193526846,0.06557532482196383
1987,Postgraduate,Single,73454.0,0,0,2014-03-01,95,982,73,351,56,14,175,1,2,4,6,5,1,0,0,0,0,0,0,27,1651,0,0,1,0,13,1,120,2,3,Premium Spenders,1.5773020553678054,-1.4690084696879775,0.37785523818113337
1991,Graduate,Partner,42691.0,0,0,2013-08-16,48,179,2,64,38,17,58,1,5,1,6,5,0,0,0,0,0,0,0,23,358,0,1,2,0,13,0,317,1,2,Young Starters,-0.3042820011885772,-2.236997371409926,0.09055765310454106
1953,Graduate,Partner,70503.0,0,0,2012-09-30,73,1379,33,216,0,33,66,1,2,4,9,6,0,1,1,0,0,0,0,61,1727,0,1,2,0,16,2,637,1,3,Premium Spenders,1.9338228310901224,0.7138136728694369,0.770534341900365
1987,Graduate,Partner,25545.0,1,0,2012-09-08,35,32,1,64,16,12,85,3,2,2,3,6,0,0,0,0,0,0,1,27,210,1,1,3,1,10,0,659,1,2,Young Starters,-1.5695791548288431,-1.496095320286612,0.5237377146041481
1986,Graduate,Partner,32880.0,1,0,2012-12-04,76,8,4,15,7,6,2,1,1,0,3,8,0,0,0,0,0,0,0,28,42,1,1,3,1,5,0,572,1,2,Young Starters,-2.1399360641638325,-1.048756974298467,0.10552931542279022
1958,Postgraduate,Partner,77863.0,0,0,2013-11-27,20,881,38,319,16,25,12,1,4,5,10,2,0,0,0,0,0,0,0,56,1291,0,1,2,0,20,0,214,2,3,Premium Spenders,2.562731010782368,-0.12577374616242856,0.15724011772026766
1977,Postgraduate,Partner,50353.0,0,0,2014-06-08,72,141,15,153,67,31,35,1,4,4,6,3,0,0,0,0,0,0,0,37,442,0,1,2,0,15,0,21,2,3,Premium Spenders,0.5437109652783527,-1.0865002611797432,0.03800168557179793
1964,Graduate,Single,61839.0,0,0,2012-08-12,20,1000,155,379,224,17,120,1,4,8,4,8,0,0,0,0,0,0,0,50,1895,0,0,1,0,17,0,686,1,1,Established Families,1.4771682675463607,-0.44436288408274605,0.9081787800494221
1960,Postgraduate,Partner,49154.0,1,1,2013-11-03,69,206,10,67,30,27,71,6,4,1,8,6,0,0,0,0,0,0,0,54,411,2,1,4,1,19,0,238,2,0,Budget Families,-0.467745927445927,1.6166068117742005,0.065639677841336
1975,Undergraduate,Single,47682.0,0,1,2013-02-15,80,162,61,83,97,57,61,4,4,3,8,5,0,0,0,0,0,0,0,39,521,1,0,2,1,19,0,499,0,1,Established Families,0.0363679730156899,-0.031924005719929656,0.05858719770739344
1969,Graduate,Single,72679.0,0,1,2013-09-18,65,619,54,260,127,54,54,1,4,7,5,1,0,0,0,0,0,0,0,45,1168,1,0,2,1,17,0,284,1,3,Premium Spenders,1.7829251942340167,0.09852098996053733,0.16488024281366853
1977,Postgraduate,Partner,57954.0,1,1,2014-06-18,52,456,4,24,0,0,9,7,8,2,6,7,0,1,0,0,0,0,0,37,493,2,1,4,1,23,1,11,2,1,Established Families,-0.30446901787472536,0.4893728633568686,0.17827766340639117
1962,Graduate,Partner,65316.0,1,1,2013-04-24,65,112,6,92,3,9,38,2,3,2,5,4,0,0,0,0,0,0,0,52,260,2,1,4,1,12,0,431,1,0,Budget Families,-0.31133514171563414,1.2764707022005655,0.052634647178332876
1982,Graduate,Single,28567.0,1,0,2013-06-17,57,11,3,22,2,2,6,2,2,0,3,6,0,0,0,0,0,0,0,32,46,1,0,2,1,7,0,377,1,2,Young Starters,-1.755297490291705,-1.0091660076305655,0.2747733786023604
1951,Postgraduate,Partner,47352.0,0,1,2013-04-11,70,172,12,112,8,0,15,4,6,1,5,7,0,0,0,0,0,0,0,63,319,1,1,3,1,16,0,444,2,1,Established Families,-0.3962063944162561,1.5146394345602467,0.12908877298208163
1967,Graduate,Partner,44931.0,0,1,2014-01-18,0,78,0,11,0,0,7,1,2,1,3,5,0,0,0,0,0,0,0,47,96,1,1,3,1,7,0,162,1,2,Young Starters,-1.0136375992839042,-0.4897582060343174,0.20109365668282733
1967,Graduate,Single,76982.0,0,0,2014-02-15,19,464,151,292,65,60,30,1,8,3,4,4,0,0,1,0,0,0,1,47,1062,0,0,1,0,16,1,134,1,3,Premium Spenders,1.6919510521648518,-0.7414194328330007,0.8684798819031837
1952,Undergraduate,Partner,57247.0,0,1,2013-08-08,50,99,4,32,37,54,6,2,2,1,7,2,0,0,0,0,0,0,0,62,232,1,1,3,1,12,0,325,0,0,Budget Families,0.34118065418127763,1.0089989427597987,0.012512428463938794
1981,Postgraduate,Single,22944.0,1,0,2013-12-23,67,19,3,19,4,5,26,3,3,0,3,7,0,0,0,0,0,0,0,33,76,1,0,2,1,9,0,188,2,2,Young Starters,-1.899501563894449,-0.7885427268056971,0.2653648306919218
1977,Undergraduate,Partner,25315.0,1,0,2013-11-07,46,1,9,8,11,3,22,3,3,0,3,8,0,0,0,0,0,0,0,37,54,1,1,3,1,9,0,234,0,2,Young Starters,-1.9883413310474896,-0.6560177052588742,0.06767733258884712
1969,Graduate,Single,43638.0,0,1,2012-08-06,37,63,10,83,7,19,19,2,4,1,4,7,0,0,0,0,0,0,0,45,201,1,0,2,1,11,0,692,1,2,Young Starters,-1.067475709561604,-0.12194827518010558,0.7504869962043184
1984,Postgraduate,Single,42710.0,1,0,2012-11-28,38,252,3,42,4,3,102,2,4,5,3,6,0,0,0,0,0,0,0,30,406,1,0,2,1,14,0,578,2,2,Young Starters,-0.7337257927240376,-1.1081112407653106,0.8444647867526521
1982,Postgraduate,Partner,84169.0,0,0,2013-08-07,9,1478,19,403,0,19,0,1,7,6,6,3,0,1,1,0,0,0,1,32,1919,0,1,2,0,20,2,326,2,3,Premium Spenders,2.8304413820725167,-1.7996019691128116,0.9551155217439334
1976,Graduate,Partner,54058.0,0,1,2013-06-04,56,198,18,252,32,108,54,2,4,6,8,3,0,0,0,0,0,0,0,38,662,1,1,3,1,20,0,390,1,1,Established Families,0.6797287114239318,-0.3568194867710028,0.08767001939133437
1990,Undergraduate,Partner,24683.0,1,0,2014-03-08,98,8,4,10,6,7,6,2,2,0,4,5,0,0,0,0,0,0,0,24,41,1,1,3,1,8,0,113,0,2,Young Starters,-1.7061784680868193,-1.2115563961804516,0.004124874420086933
1964,Graduate,Single,85620.0,0,0,2014-01-07,68,416,46,925,60,107,46,1,3,6,4,1,0,0,0,0,0,0,1,50,1600,0,0,1,0,14,0,173,1,3,Premium Spenders,2.773511273857459,-0.2570621766902133,0.3488763145565946
1980,Graduate,Partner,47850.0,1,0,2013-12-03,72,42,7,43,20,12,10,1,3,0,4,6,0,0,0,0,0,0,0,34,134,1,1,3,1,8,0,208,1,2,Young Starters,-1.1432403162749396,-0.6350382308360032,0.02691799172636688
1968,Graduate,Partner,19514.0,1,1,2014-01-26,47,14,3,21,2,1,28,4,3,1,2,8,1,0,0,0,0,0,1,46,69,2,1,4,1,10,1,154,1,0,Budget Families,-2.3962226477463804,0.6407461349225236,0.29693104376017115
1973,Postgraduate,Partner,27159.0,1,1,2014-03-29,33,17,0,3,0,0,1,2,1,0,3,6,0,0,0,0,0,0,0,41,21,2,1,4,1,6,0,92,2,0,Budget Families,-2.213106369897084,0.03572473999912526,0.08120523286011691
1963,Undergraduate,Single,39548.0,1,1,2014-03-31,87,15,4,10,3,4,18,2,1,1,3,3,0,0,0,0,0,0,0,51,54,2,0,3,1,7,0,90,0,0,Budget Families,-1.2271012886502672,1.1466342599266224,0.007947481462012743
1989,Graduate,Single,21474.0,1,0,2014-04-08,0,6,16,24,11,0,34,2,3,1,2,7,1,0,0,0,0,0,1,25,91,1,0,2,1,8,1,82,1,2,Young Starters,-2.07416388954807,-1.964121459169044,0.8568227152089389
1971,Postgraduate,Single,60504.0,0,1,2014-02-07,73,458,0,24,6,4,34,2,6,2,8,6,0,0,0,0,0,0,0,43,526,1,0,2,1,18,0,142,2,1,Established Families,0.16221955989208012,0.24877274227773521,0.044102859588671106
1963,Graduate,Partner,22419.0,0,0,2013-04-18,74,30,3,47,19,21,42,1,3,2,2,8,0,0,0,0,0,0,0,51,162,0,1,2,0,8,0,437,1,2,Young Starters,-1.4349547348354728,-0.18724265026982564,0.21015190522669058
1949,Postgraduate,Partner,81698.0,0,0,2013-11-06,4,179,28,520,111,123,47,1,3,8,13,1,0,0,0,0,0,0,1,65,1008,0,1,2,0,25,0,235,2,3,Premium Spenders,2.956199912216237,0.43893373028650456,0.31738933934025776
1952,Graduate,Partner,43462.0,1,1,2012-09-12,50,90,17,97,15,6,15,6,4,1,5,8,0,0,0,0,0,0,0,62,240,2,1,4,1,16,0,655,1,0,Budget Families,-1.169769293056242,1.980539310012662,0.37867254572729225
1978,Postgraduate,Single,54880.0,1,0,2013-03-01,57,308,85,137,102,45,118,2,6,2,11,5,0,0,0,0,0,0,0,36,795,1,0,2,1,21,0,485,2,1,Established Families,0.5206993548808878,-0.37708508786056927,0.2085121149222984
1982,Graduate,Partner,79908.0,0,0,2013-04-05,30,557,129,761,29,185,111,1,5,6,7,2,0,0,1,0,0,0,0,32,1772,0,1,2,0,19,1,450,1,3,Premium Spenders,2.714446747278044,-1.6865827990355906,0.9019583777579684
1970,Undergraduate,Partner,15315.0,0,0,2013-08-03,27,7,4,13,15,8,17,2,2,0,4,5,0,0,0,0,0,0,0,44,64,0,1,2,0,8,0,330,0,2,Young Starters,-1.2743033171969356,-1.2373994293290973,0.09334218947353673
1959,Graduate,Partner,87771.0,0,1,2013-05-22,61,1492,38,287,50,57,33,1,5,10,4,6,0,1,1,1,1,0,1,55,1957,1,1,3,1,20,4,403,1,1,Established Families,2.268503404268362,1.0447535954211955,0.9876047770734382
1978,Graduate,Partner,33039.0,1,0,2013-09-09,4,30,8,12,8,8,12,1,2,0,4,5,0,0,0,0,0,0,0,36,78,1,1,3,1,7,0,293,1,2,Young Starters,-1.4246911196958907,-1.2446415448034214,0.19509985535106247
1980,Graduate,Single,81741.0,0,0,2013-06-16,75,249,153,940,58,134,38,0,6,6,7,2,0,0,0,0,0,0,0,34,1572,0,0,1,0,19,0,378,1,3,Premium Spenders,2.6153501171140743,-1.1266875869002348,0.5391578105997619
1971,Postgraduate,Partner,71499.0,0,1,2013-06-25,12,465,25,132,136,0,37,2,8,3,13,4,0,0,0,0,0,0,0,43,795,1,1,3,1,26,0,369,2,1,Established Families,1.4322876733990142,-0.1671037330886095,0.06988059994931481
1970,Undergraduate,Partner,62466.0,0,1,2014-01-15,13,129,129,259,168,121,83,5,6,3,12,4,0,0,0,0,0,0,0,44,889,1,1,3,1,26,0,165,0,1,Established Families,1.3097859930798743,-0.13494474413423174,0.02886884662740072
1963,Postgraduate,Single,48799.0,0,1,2013-11-05,9,174,18,81,28,6,24,3,3,2,7,3,0,0,0,0,0,0,0,51,331,1,0,2,1,15,0,236,2,1,Established Families,0.11256682692803467,-0.03198420487199475,0.31086472799085635
1950,Postgraduate,Partner,52157.0,0,1,2014-06-07,48,189,2,29,3,2,40,2,3,2,5,4,0,0,0,0,0,0,0,64,265,1,1,3,1,12,0,22,2,0,Budget Families,-0.05927525254122964,1.1861323075145964,0.039046091224135035
1962,Graduate,Single,66565.0,0,1,2012-12-05,80,747,10,161,65,40,42,4,4,2,9,8,0,0,0,0,0,0,0,52,1065,1,0,2,1,19,0,571,1,1,Established Families,0.590216527101574,1.0262097472042486,0.1466953918094464
1951,Postgraduate,Partner,29298.0,1,1,2013-09-07,60,6,0,2,2,0,1,1,1,0,2,5,0,0,0,0,0,0,0,63,11,2,1,4,1,4,0,295,2,0,Budget Families,-1.8868757406122703,1.6809493224536811,0.06106747487935931
1979,Graduate,Single,47691.0,0,1,2013-07-05,43,14,0,3,0,0,4,1,1,0,2,6,0,0,0,0,0,0,0,35,21,1,0,2,1,4,0,359,1,2,Young Starters,-1.4686947704486608,-0.9189279424017083,0.28963586505195754
1970,Graduate,Partner,38200.0,1,1,2012-12-07,19,12,0,4,0,0,1,1,1,0,2,7,0,0,0,0,0,0,0,44,17,2,1,4,1,4,0,569,1,0,Budget Families,-2.206381032679368,0.15508164518314713,0.3018442398001403
1974,Graduate,Partner,44989.0,0,1,2012-09-12,26,98,0,106,49,10,106,5,5,1,5,6,0,0,0,0,0,0,0,40,369,1,1,3,1,16,0,655,1,2,Young Starters,-0.4932691867598394,-0.4859949406544384,0.6332170285123341
1968,Postgraduate,Partner,38443.0,1,1,2014-01-27,58,32,0,5,0,0,1,2,1,0,3,7,0,0,0,0,0,0,0,46,38,2,1,4,1,6,0,153,2,0,Budget Families,-2.0398273172865746,0.6895813474169957,0.05684952403614705
1978,Undergraduate,Single,38593.0,1,0,2013-09-13,42,51,12,49,17,24,24,3,4,1,3,8,0,0,0,0,0,0,0,36,177,1,0,2,1,11,0,289,0,2,Young Starters,-1.4652123438158369,-0.6605826122111677,0.34174206744727675
1970,Postgraduate,Partner,64413.0,0,1,2013-08-01,27,200,5,44,0,10,20,1,5,1,5,5,0,0,0,0,0,0,0,44,279,1,1,3,1,12,0,332,2,1,Established Families,-0.1353283474713955,-0.2537593500501478,0.14257450250519496
1981,Postgraduate,Partner,36959.0,1,0,2013-10-02,56,25,6,25,6,0,0,2,2,0,3,8,0,0,0,0,0,0,0,33,62,1,1,3,1,7,0,270,2,2,Young Starters,-1.861985053717006,-0.830228256108785,0.1695173820258789
1977,Postgraduate,Partner,61996.0,0,1,2013-01-31,27,1050,12,144,0,0,24,3,6,4,8,5,0,1,0,1,1,0,1,37,1230,1,1,3,1,21,3,514,2,1,Established Families,1.0660289177120261,-0.5712752884752158,0.9731201011645108
1968,Graduate,Partner,51287.0,1,1,2014-04-01,10,117,0,22,13,0,30,3,4,1,3,7,0,0,0,0,0,0,0,46,182,2,1,4,1,11,0,89,1,0,Budget Families,-1.3327847803625879,0.4204707320043997,0.15283643257950286
1970,Graduate,Partner,13260.0,1,1,2013-08-23,48,9,4,17,10,2,7,4,3,0,3,8,0,0,0,0,0,0,0,44,49,2,1,4,1,10,0,310,1,0,Budget Families,-2.58190557907302,0.48880540067148026,0.12039529848455398
1966,Postgraduate,Partner,47472.0,1,1,2013-09-16,39,56,0,11,0,0,8,2,2,0,4,5,0,0,0,0,0,0,0,48,75,2,1,4,1,8,0,286,2,0,Budget Families,-1.3326554950671738,0.6516517813781612,0.09873827869785161
1956,Postgraduate,Partner,54603.0,1,1,2013-07-09,85,145,13,46,17,2,4,6,4,2,4,7,0,0,0,0,0,0,0,58,227,2,1,4,1,16,0,355,2,0,Budget Families,-0.7891799304227117,2.0358635274397323,0.12789557403486987
1974,Postgraduate,Partner,45207.0,1,1,2012-11-10,64,203,0,10,0,0,2,5,3,1,6,6,0,1,0,0,0,0,0,40,215,2,1,4,1,15,1,596,2,0,Budget Families,-1.106869147566461,0.5287346901385829,0.48118271933491424
1967,Undergraduate,Partner,47821.0,1,1,2013-10-20,54,9,0,16,6,6,10,1,1,0,3,8,0,0,0,0,0,0,0,47,47,2,1,4,1,5,0,252,0,0,Budget Families,-2.0228937666559244,0.7803917465835911,0.03375942608345977
1951,Postgraduate,Partner,27450.0,0,0,2013-04-15,57,37,12,23,8,11,52,1,2,1,3,7,0,0,0,0,0,0,0,63,143,0,1,2,0,7,0,440,2,2,Young Starters,-1.1025426366775424,0.423144813199477,0.3344022586103105
1983,Graduate,Partner,39453.0,1,0,2014-04-03,64,46,0,7,0,0,2,2,2,0,3,6,0,0,0,0,0,0,0,31,55,1,1,3,1,7,0,87,1,2,Young Starters,-1.4996609842681525,-0.9656350158699679,0.0237903699623865
1971,Undergraduate,Partner,26850.0,1,1,2014-04-18,10,31,1,13,7,2,9,4,2,1,4,4,0,0,0,0,0,0,0,43,63,2,1,4,1,11,0,72,0,0,Budget Families,-1.5499188932806094,-0.009870345305018685,0.05092753642226277
1955,Graduate,Single,79800.0,0,0,2012-09-23,65,1060,21,530,32,0,224,1,5,11,5,3,1,0,1,1,0,0,1,59,1867,0,0,1,0,22,3,644,1,3,Premium Spenders,3.090526461720794,0.5535301322724844,0.9987501024868894
1961,Postgraduate,Partner,61794.0,0,1,2013-09-14,74,264,47,188,54,47,11,2,4,4,10,2,0,0,0,0,0,0,0,53,611,1,1,3,1,20,0,288,2,1,Established Families,1.1437093792506483,0.809152442941181,0.01678879260454508
1955,Graduate,Partner,53863.0,0,1,2014-05-17,4,399,4,30,6,4,30,3,7,1,7,7,0,1,0,0,0,0,0,59,473,1,1,3,1,18,1,43,1,1,Established Families,-0.048305297993266834,0.7153212646968813,0.2850308745349103
1959,Graduate,Partner,24221.0,0,0,2013-08-20,94,8,9,9,2,5,22,1,1,1,3,4,0,0,0,0,0,0,0,55,55,0,1,2,0,6,0,313,1,2,Young Starters,-0.8959285852254094,0.06014694856532826,0.026614629045459477
1984,Postgraduate,Single,39684.0,1,0,2012-10-12,41,19,0,35,6,4,17,2,2,1,2,7,0,0,0,0,0,1,1,30,81,1,0,2,1,7,0,625,2,2,Young Starters,-1.6508058252166484,-1.1991938768703856,0.5356726689774843
1975,Postgraduate,Partner,92163.0,0,0,2012-12-12,25,817,183,797,106,163,20,0,5,11,5,2,0,0,1,1,0,0,1,39,2086,0,1,2,0,21,2,564,2,3,Premium Spenders,3.460293426341786,-1.1758225423495057,0.9972069678708344
1965,Postgraduate,Single,69882.0,0,0,2013-11-10,94,292,127,635,132,127,165,1,3,7,9,1,0,0,0,0,0,0,0,49,1478,0,0,1,0,20,0,231,2,3,Premium Spenders,2.637379042074006,-0.012340417021708806,0.22667141938083044
1977,Graduate,Partner,33178.0,1,0,2014-01-30,9,12,6,2,11,2,16,1,1,0,3,4,0,0,0,0,0,0,0,37,49,1,1,3,1,5,0,150,1,2,Young Starters,-1.3857629195247663,-1.2189589767034952,0.11481719679606917
1972,Postgraduate,Partner,59973.0,0,0,2013-09-11,47,130,30,168,20,34,0,1,3,4,7,1,0,0,0,0,0,0,0,42,382,0,1,2,0,15,0,291,2,3,Premium Spenders,1.0970204678730024,-1.0163359486093437,0.10053379388645693
1975,Postgraduate,Partner,17459.0,1,0,2013-09-19,12,6,4,16,3,10,30,3,3,1,2,7,0,0,0,0,0,0,1,39,69,1,1,3,1,9,0,283,2,2,Young Starters,-1.9813919324549294,-0.9071369110155801,0.5464127131700921
1969,Graduate,Single,23910.0,1,0,2012-10-26,80,16,12,18,7,1,13,1,2,0,3,7,0,0,0,0,0,0,0,45,67,1,0,2,1,6,0,611,1,2,Young Starters,-1.929492528709913,0.0711578222337059,0.3209894107252907
1969,Postgraduate,Partner,42169.0,1,1,2013-10-19,20,19,0,9,0,0,2,2,1,0,3,8,0,0,0,0,0,0,0,45,30,2,1,4,1,6,0,253,2,0,Budget Families,-2.139932945733535,0.33707356368678826,0.24669562009531296
1978,Undergraduate,Partner,26224.0,1,0,2013-06-04,39,4,7,15,13,9,15,3,2,1,3,6,0,0,0,0,0,0,0,36,63,1,1,3,1,9,0,390,0,2,Young Starters,-1.641824529805002,-0.8678151369097079,0.1053515555216729
1981,Graduate,Partner,31089.0,1,0,2012-08-17,57,31,3,31,2,8,4,3,3,0,4,8,0,0,0,0,0,0,0,33,79,1,1,3,1,10,0,681,1,2,Young Starters,-1.8129247605258858,-0.7779385418768695,0.34966383846788096
1961,Graduate,Single,30081.0,0,1,2013-02-21,27,36,0,2,0,0,4,1,1,0,3,7,0,0,0,0,0,0,0,53,42,1,0,2,1,5,0,493,1,2,Young Starters,-1.787703489155393,0.1339520184570708,0.4832655229222856
1960,Graduate,Partner,62807.0,0,1,2012-08-31,83,526,28,135,10,21,99,3,5,3,12,5,0,0,0,0,0,0,0,54,819,1,1,3,1,23,0,667,1,1,Established Families,1.0369551607520733,1.149260294122991,0.033390280123858584
1955,Graduate,Single,72906.0,0,0,2013-09-17,79,400,32,519,71,75,54,1,3,4,9,1,0,0,0,0,0,0,0,59,1151,0,0,1,0,17,0,285,1,3,Premium Spenders,2.35866755665478,0.4834054871928896,0.08942172893586452
1948,Postgraduate,Partner,61467.0,0,2,2012-12-09,69,410,16,114,0,5,49,3,5,2,10,5,0,0,0,0,0,0,0,66,594,2,1,4,1,20,0,567,2,1,Established Families,0.3275862465444214,2.4498651279456065,0.055911710269543245
1966,Postgraduate,Partner,49618.0,1,1,2013-01-26,77,80,3,26,4,2,14,4,3,1,3,7,0,0,0,0,0,0,0,48,129,2,1,4,1,11,0,519,2,0,Budget Families,-1.385364099220906,1.1572995516669142,0.18790834762539912
1986,Postgraduate,Single,21888.0,1,0,2012-12-29,15,88,10,46,2,3,64,4,5,1,2,10,0,0,0,0,0,0,1,28,213,1,0,2,1,12,0,547,2,2,Young Starters,-2.18889430315308,-1.410377603220331,0.953755495318142
1956,Graduate,Single,26150.0,2,1,2013-03-11,61,5,1,13,3,5,1,1,1,0,3,7,0,0,0,0,0,0,0,58,28,3,0,4,1,5,0,475,1,0,Budget Families,-2.7061017574825605,2.132387810492716,0.12607467159794938
1975,Undergraduate,Partner,30801.0,0,1,2012-10-26,23,8,4,5,15,2,11,2,1,0,3,7,0,0,0,0,0,0,0,39,45,1,1,3,1,6,0,611,0,2,Young Starters,-1.8578503400983462,-0.8175553923203707,0.2517446441364841
1965,Graduate,Partner,81168.0,0,0,2014-05-07,84,410,0,592,147,22,22,1,6,4,7,3,0,0,0,1,0,0,0,49,1193,0,1,2,0,18,1,53,1,3,Premium Spenders,2.2145147801725398,-0.0016235626201868854,0.06993839559416305
1969,Postgraduate,Single,26877.0,0,0,2013-08-19,74,101,13,76,20,18,40,2,3,1,6,6,0,0,0,0,0,0,0,45,268,0,0,1,0,12,0,314,2,2,Young Starters,-0.7421436471549949,-0.5678659305237281,0.25007274702672605
1944,Postgraduate,Single,45006.0,0,0,2013-07-18,90,162,25,53,16,0,10,1,3,1,7,3,0,0,0,0,0,0,0,70,266,0,0,1,0,12,0,346,2,1,Established Families,0.44280132317347504,1.211119402946004,0.03710052945536772
1973,Undergraduate,Partner,18978.0,1,0,2012-12-11,41,2,8,1,4,7,15,1,1,0,3,8,0,0,0,0,0,0,0,41,37,1,1,3,1,5,0,565,0,2,Young Starters,-2.342314385984785,-0.5523940620316036,0.18687491876499673
1969,Postgraduate,Single,48240.0,0,0,2012-11-09,73,389,91,248,64,49,41,3,6,3,13,5,0,0,0,0,0,0,1,45,882,0,0,1,0,25,0,597,2,1,Established Families,1.201729356297777,-0.2523916864696048,0.21136815322989658
1974,Graduate,Partner,45837.0,1,1,2013-07-26,88,215,13,87,17,17,24,5,6,2,5,7,0,0,0,0,0,0,0,40,373,2,1,4,1,18,0,338,1,0,Budget Families,-0.9443798554200018,0.8535495364843605,0.04293164028515237
1965,Postgraduate,Single,35791.0,2,1,2013-05-06,94,27,0,5,0,0,3,2,1,0,3,8,0,0,0,0,0,0,0,49,35,3,0,4,1,6,0,419,2,0,Budget Families,-2.667917280798662,1.933722891300572,0.1176030237890546
1976,Postgraduate,Partner,162397.0,1,1,2013-06-03,31,85,1,16,2,1,2,0,0,0,1,1,0,0,0,0,0,0,0,38,107,2,1,4,1,1,0,391,2,3,Premium Spenders,1.5585783332226788,0.07734206305091935,0.11198478709412817
1978,Graduate,Single,54162.0,1,1,2013-03-18,31,5,6,10,6,5,10,1,1,0,3,4,0,0,0,0,0,0,0,36,42,2,0,3,1,5,0,468,1,0,Budget Families,-1.3384682851838174,-0.3090800380192755,0.2881227690303762
1960,Postgraduate,Partner,30522.0,0,1,2012-08-17,6,179,8,83,19,11,26,5,1,2,9,2,0,0,0,0,0,0,0,54,326,1,1,3,1,17,0,681,2,1,Established Families,-0.012794562661598069,0.06680460624401893,0.3049736800367897
1961,Postgraduate,Partner,54456.0,0,1,2013-07-11,23,352,0,27,10,0,15,3,6,1,7,6,0,0,0,0,0,0,0,53,404,1,1,3,1,17,0,353,2,1,Established Families,-0.04617002798840262,0.4242673712912799,0.16982840138128485
1971,Graduate,Single,31632.0,0,0,2013-07-14,92,17,8,12,11,15,32,1,2,1,2,7,0,0,0,0,0,0,0,43,95,0,0,1,0,6,0,350,1,2,Young Starters,-1.3062288516049796,-0.6073915537045323,0.1972180575086991
1949,Graduate,Single,72298.0,0,0,2014-03-10,52,625,35,169,58,17,35,1,4,3,6,1,0,1,1,0,0,0,0,65,939,0,0,1,0,14,2,111,1,3,Premium Spenders,2.048453386940071,0.5799482861203731,0.5685807515482529
1978,Undergraduate,Single,36975.0,1,0,2013-12-28,50,10,6,11,0,4,2,1,1,0,3,7,0,0,0,0,0,0,0,36,33,1,0,2,1,5,0,183,0,2,Young Starters,-1.8068349676417486,-0.7702532139668843,0.09137856545379758
1955,Undergraduate,Partner,72635.0,0,0,2013-06-03,54,390,22,323,104,35,107,1,6,8,6,3,0,0,0,1,0,0,0,59,981,0,1,2,0,21,1,391,0,3,Premium Spenders,2.104621695836283,0.4415817629637296,0.4482269353377613
1976,Graduate,Partner,13624.0,1,0,2013-01-20,93,10,2,15,2,1,6,2,2,0,3,6,0,0,0,0,0,0,0,38,36,1,1,3,1,7,0,525,1,2,Young Starters,-2.0480743583603216,-0.3445535022834762,0.05253476379924036
1975,Graduate,Single,84196.0,0,1,2013-06-03,56,215,63,507,231,31,190,1,8,4,7,3,0,0,0,0,0,0,0,39,1237,1,0,2,1,20,0,391,1,3,Premium Spenders,1.8937508062623647,-0.1848173774223432,0.42063263204942425
1960,Graduate,Partner,70971.0,0,1,2012-09-21,28,1001,17,572,93,125,17,7,11,11,5,7,0,0,0,0,0,0,1,54,1825,1,1,3,1,34,0,646,1,1,Established Families,2.3859525223419924,0.9791723280180871,0.945925062230009
1977,Postgraduate,Single,34487.0,1,1,2012-09-06,94,19,18,33,24,1,8,3,3,0,3,9,0,0,0,0,0,0,0,37,103,2,0,3,1,9,0,661,2,0,Budget Families,-2.3220163992534615,0.5445118528279469,0.4190428187888315
1977,Graduate,Single,28769.0,1,0,2012-12-18,76,41,5,129,10,3,3,3,4,1,4,9,0,0,0,0,0,0,0,37,191,1,0,2,1,12,0,558,1,2,Young Starters,-1.7760566492974221,-0.26343222599460697,0.47891763840689267
1970,Postgraduate,Partner,69084.0,1,0,2013-11-19,43,1181,107,199,39,30,30,2,7,3,13,8,0,0,0,0,0,0,0,44,1586,1,1,3,1,25,0,222,2,1,Established Families,1.3510591232545475,0.2786298122597683,0.03171010534411086
1958,Postgraduate,Partner,65488.0,0,0,2014-06-13,46,603,45,207,36,18,54,1,3,4,6,1,0,0,0,0,0,0,0,56,963,0,1,2,0,14,0,16,2,3,Premium Spenders,1.8126815077986742,-0.11074504257757728,0.045352790266874526
1960,Undergraduate,Single,32218.0,0,0,2014-02-15,27,10,24,15,13,1,30,1,2,1,3,7,1,0,0,0,0,0,1,54,93,0,0,1,0,7,1,134,0,2,Young Starters,-1.1319366355036218,-0.4306509342059809,0.5953192460838932
1973,Graduate,Single,83917.0,0,0,2013-04-18,12,514,22,732,42,198,79,1,6,7,7,3,0,0,0,0,0,0,1,41,1587,0,0,1,0,21,0,437,1,3,Premium Spenders,2.693345740996603,-1.1290661844244507,0.9478107702613039
1962,Graduate,Single,46102.0,2,1,2014-03-10,3,14,0,1,0,0,1,1,1,0,2,7,0,0,0,0,0,0,0,52,16,3,0,4,1,4,0,111,1,0,Budget Families,-2.3751177752082664,1.2681980270603337,0.2691452497827554
1952,Graduate,Single,84574.0,0,0,2013-06-04,72,387,20,713,38,54,163,1,9,11,11,5,0,0,0,0,0,0,0,62,1375,0,0,1,0,32,0,390,1,3,Premium Spenders,3.0635369777631647,1.18062363519664,0.727210704269291
1962,Graduate,Partner,56181.0,0,1,2013-01-08,6,121,103,69,8,44,48,1,4,2,7,4,0,0,0,0,0,0,0,52,393,1,1,3,1,14,0,537,1,1,Established Families,0.1277835297705053,0.056586403370185,0.20742484107049983
1950,Postgraduate,Single,63120.0,0,1,2012-09-28,53,965,69,279,54,41,69,5,8,4,9,7,0,0,0,0,0,0,1,64,1477,1,0,2,1,26,0,639,2,1,Established Families,1.5504929313854252,1.6742885773611265,0.6317204310070759
1971,Graduate,Partner,73691.0,0,1,2013-11-06,58,707,21,250,85,43,73,2,6,2,8,2,1,0,0,0,0,0,0,43,1179,1,1,3,1,18,1,235,1,3,Premium Spenders,1.6873049507349172,-0.02989295286590175,0.11678119011292531
1948,Postgraduate,Partner,76140.0,0,0,2014-05-13,57,586,66,653,17,0,26,1,5,9,6,2,0,0,0,0,0,0,0,66,1348,0,1,2,0,21,0,47,2,3,Premium Spenders,2.739413473905586,0.8950062602049967,0.23029509552424055
1959,Postgraduate,Single,62859.0,0,1,2012-12-30,37,1063,89,102,16,12,25,4,9,4,6,6,0,0,0,0,0,0,0,55,1307,1,0,2,1,23,0,546,2,1,Established Families,1.29346405442722,0.8188775094864977,0.682764289973759
1964,Graduate,Single,45906.0,0,1,2013-05-07,20,305,3,27,4,3,144,2,5,4,4,5,1,0,0,0,0,0,0,50,486,1,0,2,1,15,1,418,1,1,Established Families,-0.16100275755527024,0.06498501747922451,0.8537938959945995
1947,Postgraduate,Partner,77632.0,0,0,2013-03-10,73,1200,105,758,0,42,147,1,4,2,6,2,0,1,1,0,0,0,1,67,2252,0,1,2,0,13,2,476,2,3,Premium Spenders,3.0986836605693515,0.8843181461926292,0.9181170985101592
1971,Postgraduate,Partner,46463.0,1,1,2013-08-18,56,163,2,40,8,11,11,7,3,1,6,6,0,0,0,0,0,0,0,43,235,2,1,4,1,17,0,315,2,0,Budget Families,-0.9145936140713881,0.709100172517084,0.11911240162007995
1970,Graduate,Partner,105471.0,0,0,2013-01-21,36,1009,181,104,202,21,207,0,9,8,13,3,0,0,1,1,0,0,1,44,1724,0,1,2,0,30,2,524,1,3,Premium Spenders,3.874494778023933,-0.41235027208441977,0.767567265499121
1970,Postgraduate,Single,55282.0,1,0,2013-12-13,9,125,6,73,8,4,19,1,3,1,6,4,0,0,0,0,0,0,0,44,235,1,0,2,1,11,0,198,2,0,Budget Families,-0.2849131581886394,-0.5204446452547541,0.36887679888055924
1977,Postgraduate,Partner,78710.0,0,1,2014-05-23,42,721,0,152,119,50,50,3,7,6,12,4,0,0,0,0,0,0,0,37,1092,1,1,3,1,28,0,37,2,1,Established Families,1.9139786263704495,-0.23481983042385415,0.016697484400590663
1958,Graduate,Partner,66886.0,0,1,2013-09-16,28,315,4,62,41,31,146,2,7,1,7,5,0,0,0,0,0,0,0,56,599,1,1,3,1,17,0,286,1,1,Established Families,0.610977137634044,0.6742192666186513,0.06616381013139902
1960,Postgraduate,Single,98777.0,0,0,2014-02-17,23,1000,19,711,125,115,38,0,4,6,9,1,0,1,0,0,0,0,0,54,2008,0,0,1,0,19,1,132,2,3,Premium Spenders,3.755957398108893,-0.24124915964093557,0.8043122321239959
1985,Graduate,Partner,29103.0,1,0,2012-08-27,38,16,0,17,6,3,6,2,1,0,3,9,0,0,0,0,0,0,0,29,48,1,1,3,1,6,0,671,1,2,Young Starters,-2.326730758191194,-1.2770943359169715,0.4672964069696535
1974,Graduate,Partner,67445.0,0,1,2012-08-12,63,757,80,217,29,80,11,5,9,6,12,6,0,0,0,0,0,0,0,40,1174,1,1,3,1,32,0,686,1,1,Established Families,1.6545688380957544,0.2816041326494181,0.19411103807450428
1950,Postgraduate,Partner,50616.0,0,1,2014-04-13,71,30,2,25,0,1,9,1,1,1,4,2,0,0,0,0,0,0,0,64,67,1,1,3,1,7,0,77,2,0,Budget Families,-0.22052065647953556,1.1962401154294082,0.014396390490694392
1955,Graduate,Single,49431.0,0,1,2012-08-03,9,219,3,100,26,0,17,2,7,1,5,8,0,0,0,0,0,0,0,59,365,1,0,2,1,15,0,695,1,1,Established Families,-0.5820765567133356,0.7188734049454761,0.8257659596780303
1975,Graduate,Single,153924.0,0,0,2014-02-07,81,1,1,1,1,1,1,0,0,0,0,0,0,0,0,0,0,0,0,39,6,0,0,1,0,0,0,142,1,3,Premium Spenders,2.2692983578392387,-0.8709683997006705,0.03457847214588697
1953,Graduate,Partner,61278.0,0,1,2014-01-04,87,111,3,28,2,6,15,2,3,1,4,6,0,0,0,0,0,0,0,61,165,1,1,3,1,10,0,176,1,0,Budget Families,-0.39849685664330675,1.4207265469150319,0.0234084073581127
1947,Postgraduate,Partner,73059.0,0,1,2013-08-31,36,410,112,420,0,82,71,1,9,3,13,4,0,0,0,0,0,0,0,67,1095,1,1,3,1,26,0,302,2,1,Established Families,1.9810750170503066,1.6569271467228717,0.13092938747299537
1966,Postgraduate,Single,46734.0,1,2,2013-10-21,86,100,1,39,6,1,76,4,3,2,3,6,1,0,0,0,0,0,0,48,223,3,0,4,1,12,1,251,2,0,Budget Families,-1.5853167001042485,1.8879554617031105,0.3736625010370861
1963,Graduate,Partner,56253.0,0,1,2012-12-07,83,509,0,65,7,11,5,4,7,2,9,6,0,0,0,0,0,0,0,51,597,1,1,3,1,22,0,569,1,1,Established Families,0.4387390079478586,0.9484324090066781,0.03835777006967343
1975,Graduate,Single,58330.0,0,1,2013-12-25,87,445,53,213,104,98,151,1,6,4,13,4,0,0,0,0,0,0,0,39,1064,1,0,2,1,24,0,186,1,1,Established Families,1.2061208263376197,0.12624549452778383,0.012341930888482048
1980,Undergraduate,Partner,25965.0,0,0,2012-09-07,29,2,2,11,41,7,11,1,2,0,3,8,0,0,0,0,0,0,0,34,74,0,1,2,0,6,0,660,0,2,Young Starters,-1.727452427002456,-1.7650703270376586,0.3071950219235996
1956,Postgraduate,Partner,14661.0,0,0,2013-01-01,88,4,1,11,6,2,2,1,1,0,3,6,0,0,0,0,0,0,0,58,26,0,1,2,0,5,0,544,2,2,Young Starters,-1.5028782812593198,0.22836679216855854,0.12356221797065137
1959,Graduate,Partner,18690.0,0,0,2012-12-28,77,6,1,7,23,4,19,1,1,1,2,8,0,0,0,0,0,0,0,55,60,0,1,2,0,5,0,548,1,2,Young Starters,-1.740891997697768,0.027662531106021435,0.1854101577421136
1974,Postgraduate,Partner,45068.0,0,1,2013-05-16,25,14,0,3,0,0,3,1,1,0,2,7,0,0,0,0,0,0,0,40,20,1,1,3,1,4,0,409,2,2,Young Starters,-1.6466270709036328,-0.7148937671475023,0.41502988756820686
1987,Undergraduate,Single,21063.0,1,0,2013-09-25,34,1,10,11,19,3,15,2,2,0,3,6,0,0,0,0,0,0,0,27,59,1,0,2,1,7,0,277,0,2,Young Starters,-1.9777772037820196,-1.5874073237360136,0.16944428038785928
1968,Postgraduate,Partner,29187.0,1,0,2013-05-09,43,26,0,6,0,0,2,1,1,0,3,8,0,0,0,0,0,0,0,46,34,1,1,3,1,5,0,416,2,2,Young Starters,-2.050870441650435,-0.15304556943460526,0.32236494035061425
1971,Undergraduate,Partner,54690.0,1,1,2013-11-07,76,111,16,37,7,9,18,3,3,1,5,3,0,0,0,0,0,0,0,43,198,2,1,4,1,12,0,234,0,0,Budget Families,-0.5434349991828843,0.6848522710877231,0.007742582855077158
1964,Postgraduate,Partner,59304.0,0,1,2013-07-29,81,418,61,428,80,51,10,3,7,8,10,5,0,0,0,0,0,0,0,50,1048,1,1,3,1,28,0,335,2,1,Established Families,1.3960594741157981,0.9521257314938397,0.0621526808968716
1962,Postgraduate,Single,59247.0,0,2,2013-11-08,87,327,9,122,19,14,83,5,5,2,9,6,0,0,0,0,0,0,0,52,574,2,0,3,1,21,0,233,2,1,Established Families,0.007482634283570055,1.7282399629934535,0.055165189976072004
1970,Graduate,Single,66731.0,0,1,2012-09-12,33,371,159,194,58,106,141,4,4,3,6,3,0,0,0,0,0,0,0,44,1029,1,0,2,1,17,0,655,1,1,Established Families,1.178771419143099,-0.19347178167745485,0.6076592057541222
1980,Graduate,Partner,77353.0,0,1,2013-12-16,38,275,59,107,69,101,59,2,6,4,8,4,0,0,0,0,0,0,0,34,670,1,1,3,1,20,0,195,1,1,Established Families,1.0276445441069468,-0.6447255405134762,0.06673025520314856
1974,Graduate,Partner,26751.0,2,0,2014-05-22,26,1,1,5,0,3,1,1,1,0,2,8,0,0,0,0,0,0,0,40,11,2,1,4,1,4,0,38,1,0,Budget Families,-2.6873322214859763,-0.0581365945851458,0.06290125123264981
1963,Postgraduate,Partner,81300.0,0,1,2012-10-30,17,1004,12,145,32,12,36,3,10,3,5,5,0,0,0,1,0,0,1,51,1241,1,1,3,1,21,1,607,2,1,Established Families,1.676708972670815,0.3638725213440767,0.8532793135944237
1979,Graduate,Single,70337.0,0,0,2014-01-02,75,187,81,149,25,43,91,1,2,2,12,1,0,0,0,0,0,0,0,35,576,0,0,1,0,17,0,178,1,3,Premium Spenders,1.55439862498528,-1.1506526716759653,0.016087965034038323
1985,Undergraduate,Partner,36145.0,1,0,2013-06-16,13,56,4,76,17,1,18,4,4,1,3,9,1,0,0,0,0,0,1,29,172,1,1,3,1,12,1,378,0,2,Young Starters,-1.712355883720568,-1.3390351465788772,0.788900571483777
1980,Postgraduate,Single,65295.0,0,0,2013-12-23,19,365,32,117,34,110,6,1,3,3,13,2,0,0,0,0,0,0,0,34,664,0,0,1,0,20,0,188,2,3,Premium Spenders,1.499197470653019,-1.6395422841514342,0.14320315469133466
1963,Graduate,Single,68118.0,0,1,2013-10-18,51,595,23,123,10,23,154,2,8,9,4,6,0,0,0,0,0,0,0,51,928,1,0,2,1,23,0,254,1,1,Established Families,1.0543145926442414,0.7179656292342418,0.3073365007952186
1967,Graduate,Single,68743.0,0,0,2012-08-30,81,1132,134,384,175,134,115,1,11,5,13,7,0,0,0,0,0,0,0,47,2074,0,0,1,0,30,0,668,1,3,Premium Spenders,2.6865571483502366,0.18852338937854424,0.38654150627285994
1982,Undergraduate,Partner,41039.0,0,0,2013-07-25,32,34,11,137,179,61,45,1,8,1,5,8,0,0,0,0,0,0,0,32,467,0,1,2,0,15,0,339,0,2,Young Starters,-0.5366172001458465,-1.6156202548620204,0.1843149722466879
1955,Graduate,Partner,38946.0,0,1,2013-10-24,84,116,6,82,6,6,41,2,3,1,6,5,0,0,0,0,0,0,0,59,257,1,1,3,1,12,0,248,1,0,Budget Families,-0.589216852081657,1.1608002210738522,0.018353173363833054
1967,Graduate,Partner,65777.0,0,0,2013-12-19,87,565,32,435,28,32,54,1,2,8,6,1,0,0,0,0,0,0,0,47,1146,0,1,2,0,17,0,192,1,3,Premium Spenders,2.0614675017089636,-0.2822006886014965,0.041112357553599134
1976,Postgraduate,Single,66476.0,0,1,2013-03-07,99,372,18,126,47,48,78,2,5,2,11,4,0,0,0,0,0,0,0,38,689,1,0,2,1,20,0,479,2,1,Established Families,0.8389438215840017,0.12837231124202883,0.051287450849684675
1972,Postgraduate,Single,86857.0,0,0,2012-09-12,96,899,102,838,133,102,40,1,5,6,10,2,0,0,0,0,0,0,1,42,2114,0,0,1,0,22,0,655,2,3,Premium Spenders,3.459820996677553,-0.33207087417709646,0.4977574105144898
1982,Postgraduate,Partner,160803.0,0,0,2012-08-04,21,55,16,1622,17,3,4,15,0,28,1,0,0,0,0,0,0,0,0,32,1717,0,1,2,0,44,0,694,2,3,Premium Spenders,6.349079951483326,-0.91331373461766,0.9997979408004728
1989,Postgraduate,Partner,77845.0,0,0,2014-05-16,40,760,40,480,0,40,26,1,3,5,12,1,0,0,1,1,0,0,0,25,1346,0,1,2,0,21,2,44,2,3,Premium Spenders,2.509878254233317,-2.051186717853217,0.5465588042126496
1969,Postgraduate,Partner,69476.0,0,0,2013-09-30,3,260,86,559,63,9,67,1,4,6,4,2,0,0,0,0,0,0,0,45,1044,0,1,2,0,15,0,272,2,3,Premium Spenders,1.746851408293373,-1.160938320231299,0.7163087408805147
1960,Postgraduate,Single,50611.0,0,1,2012-10-04,98,459,0,24,6,0,4,6,4,5,7,6,0,1,0,0,0,0,1,54,493,1,0,2,1,22,1,633,2,1,Established Families,0.25049385508929706,1.2663287913279924,0.546977901191727
1970,Graduate,Single,61209.0,0,0,2013-08-25,73,466,0,224,119,49,99,1,5,3,4,2,0,0,0,0,0,0,0,44,957,0,0,1,0,13,0,308,1,3,Premium Spenders,1.3629562271499314,-0.6725607146594552,0.16807097365263632
1958,Postgraduate,Partner,42315.0,0,1,2013-07-12,90,67,15,80,17,11,80,3,1,4,4,3,0,0,0,0,0,0,0,56,270,1,1,3,1,12,0,352,2,0,Budget Families,-0.19994176349055587,0.9429000850417373,0.08633178064548853
1952,Undergraduate,Partner,13084.0,0,0,2013-11-02,29,2,0,7,3,7,10,1,1,0,3,6,0,0,0,0,0,0,0,62,29,0,1,2,0,5,0,239,0,2,Young Starters,-1.5055019431592125,-0.04430383324794875,0.08295296041887228
1949,Postgraduate,Single,47570.0,1,1,2013-05-29,3,67,1,20,0,2,31,3,2,2,2,7,0,0,0,0,0,0,1,65,121,2,0,3,1,9,0,396,2,0,Budget Families,-1.3901424284086552,1.5749237618079803,0.8099675922364299
1961,Postgraduate,Partner,61923.0,0,2,2013-07-26,94,92,4,18,3,3,6,1,2,1,4,3,0,0,0,0,0,0,0,53,126,2,1,4,1,8,0,338,2,0,Budget Families,-0.5569799976850223,1.4626109678550374,0.014738496797028329
1995,Graduate,Single,34824.0,0,0,2014-03-26,65,4,2,11,2,0,4,1,1,0,2,6,0,0,0,0,0,0,0,19,23,0,0,1,0,4,0,95,1,2,Young Starters,-1.4992953808945484,-2.537547250233737,0.09090852085232677
1949,Postgraduate,Single,26518.0,1,1,2013-04-08,33,20,1,28,3,3,2,3,2,0,3,8,0,0,0,0,0,0,1,65,57,2,0,3,1,8,0,447,2,0,Budget Families,-2.1595194499458574,1.776484351473731,0.6386901533212745
1961,Graduate,Single,45938.0,0,0,2013-11-03,46,273,11,178,62,83,29,2,8,4,6,6,0,0,0,0,0,0,0,53,636,0,0,1,0,20,0,238,1,1,Established Families,0.563505106803647,-0.03135255907792396,0.294637361887899
1960,Graduate,Partner,78468.0,0,0,2014-04-09,29,434,22,388,104,22,34,1,10,7,10,4,0,0,0,1,0,0,0,54,1004,0,1,2,0,28,1,81,1,3,Premium Spenders,2.4449113814631898,0.10851220438415221,0.4736134642389715
1973,Graduate,Single,78901.0,0,1,2013-09-17,99,321,11,309,33,26,34,3,9,3,5,4,0,0,0,0,0,0,0,41,734,1,0,2,1,20,0,285,1,1,Established Families,1.202471916357391,0.3825190290489298,0.07230503576606771
1978,Graduate,Partner,71427.0,2,0,2014-03-12,26,212,123,177,15,64,23,2,8,2,8,4,0,0,0,0,0,0,0,36,614,2,1,4,1,20,0,109,1,1,Established Families,0.42289958268364714,0.04304925029162261,0.027723934500317682
1978,Graduate,Single,71022.0,0,1,2014-02-11,30,909,12,278,0,12,242,3,5,2,11,8,1,0,0,0,0,0,0,36,1453,1,0,2,1,21,1,138,1,1,Established Families,0.9664013361123596,-0.4553967917231999,0.5859112757254298
1988,Postgraduate,Single,90247.0,0,0,2014-04-29,27,1184,32,352,21,16,16,1,3,4,7,1,0,1,1,1,0,0,1,26,1621,0,0,1,0,15,3,61,2,3,Premium Spenders,2.7000751309187563,-2.20008559278369,0.9632066972531109
1968,Postgraduate,Single,41335.0,1,0,2013-12-26,24,112,19,21,16,14,5,3,4,1,4,7,0,0,0,0,0,0,0,46,187,1,0,2,1,12,0,185,2,2,Young Starters,-1.0678544667703072,-0.1586606329871994,0.5346552545239744
1970,Postgraduate,Single,35682.0,1,0,2014-06-27,34,23,0,8,6,2,18,1,1,1,3,2,0,0,0,0,0,0,0,44,57,1,0,2,1,6,0,2,2,2,Young Starters,-0.8555098508069292,-0.5724461888708929,0.16433080592844812
1951,Graduate,Single,43185.0,0,1,2013-04-10,88,537,6,42,16,6,30,2,9,3,6,8,0,0,0,0,0,0,0,63,637,1,0,2,1,20,0,445,1,1,Established Families,-0.1536733131125835,1.779633348595093,0.11375606698323087
1948,Postgraduate,Partner,66375.0,0,1,2013-11-21,96,712,0,45,0,0,191,3,2,4,5,7,1,0,0,0,0,0,0,66,948,1,1,3,1,14,1,220,2,1,Established Families,0.5111966343149497,1.958823967614736,0.09818278915612547
1986,Graduate,Partner,25252.0,1,0,2013-07-12,26,1,3,4,2,2,6,1,1,0,2,8,0,0,0,0,0,0,0,28,18,1,1,3,1,4,0,352,1,2,Young Starters,-2.4067521865637187,-1.5574283985271946,0.25779143203391713
1965,Postgraduate,Single,55250.0,0,1,2012-10-21,49,664,58,83,32,0,66,4,7,5,10,5,0,0,0,0,0,0,0,49,903,1,0,2,1,26,0,616,2,1,Established Families,1.0451418217201682,0.537520541920845,0.46718301126042977
1975,Graduate,Single,33249.0,1,0,2013-02-20,11,6,10,21,19,14,42,2,2,1,3,6,0,0,0,0,0,0,0,39,112,1,0,2,1,8,0,494,1,2,Young Starters,-1.4648628180924774,-0.9145518434083952,0.7260692717057259
1953,Graduate,Partner,58398.0,0,0,2013-05-14,44,299,5,201,21,21,49,3,5,4,8,4,0,0,0,0,0,0,0,61,596,0,1,2,0,20,0,411,1,1,Established Families,1.2363058278170624,0.4604913934797757,0.10372378293442776
1982,Graduate,Partner,50272.0,1,0,2013-08-07,75,99,13,66,43,8,4,3,4,1,5,7,0,0,0,0,0,0,0,32,233,1,1,3,1,13,0,326,1,2,Young Starters,-0.8978927795587802,-0.5777848951625882,0.07503350752367745
1975,Postgraduate,Partner,76618.0,0,0,2012-12-07,64,749,40,294,121,160,147,1,3,2,5,1,0,0,0,0,0,0,0,39,1511,0,1,2,0,11,0,569,2,3,Premium Spenders,2.195664363970945,-1.1381587002413247,0.35420704679155085
1960,Undergraduate,Single,87305.0,0,0,2012-09-23,19,345,25,501,63,138,80,1,5,3,8,2,0,0,1,0,0,0,1,54,1152,0,0,1,0,17,1,644,0,3,Premium Spenders,2.472876599058349,-0.2910453503870001,0.9484328027399666
1978,Graduate,Partner,25851.0,1,0,2013-02-11,45,9,4,18,7,5,5,2,2,0,3,7,0,0,0,0,0,0,0,36,48,1,1,3,1,7,0,503,1,2,Young Starters,-1.9423450817578471,-0.8185693472193097,0.21028473483509574
1970,Graduate,Single,58710.0,0,1,2013-03-31,77,440,81,368,0,122,174,6,11,5,9,6,0,0,0,0,0,0,0,44,1185,1,0,2,1,31,0,455,1,1,Established Families,1.4441108455297267,0.6153354569990863,0.5397748956464422
1958,Graduate,Single,45160.0,1,1,2014-03-29,9,8,2,5,3,0,3,1,1,0,2,7,0,0,0,0,0,0,0,56,21,2,0,3,1,4,0,92,1,0,Budget Families,-1.914363133098716,0.9018712142110907,0.25695282015914217
1965,Postgraduate,Partner,74806.0,0,1,2012-12-19,1,670,9,249,0,28,9,2,5,4,5,4,0,0,0,0,0,0,0,49,965,1,1,3,1,16,0,557,2,1,Established Families,1.1397926786620107,-0.0895868629991344,0.631128278520888
1954,Graduate,Partner,59111.0,0,0,2013-05-02,90,524,0,134,28,28,155,1,11,1,8,7,0,0,0,0,0,0,0,60,869,0,1,2,0,21,0,423,1,1,Established Families,1.047820505900262,0.9503899567870625,0.035504751332750634
1984,Postgraduate,Partner,18988.0,1,0,2014-05-23,43,6,0,6,2,1,1,2,1,0,3,7,0,0,0,0,0,0,0,30,16,1,1,3,1,6,0,37,2,2,Young Starters,-2.2528002341674256,-1.2920766640018693,0.10474126216119095
1965,Graduate,Partner,72190.0,0,0,2013-02-13,79,597,166,597,172,166,249,1,5,6,4,3,0,0,0,0,0,0,0,49,1947,0,1,2,0,16,0,501,1,3,Premium Spenders,2.530376926401253,-0.1690058404032583,0.5415741452289029
1976,Graduate,Partner,7500.0,1,0,2012-08-01,19,7,0,12,13,7,32,5,4,1,2,9,1,0,0,0,0,0,1,38,71,1,1,3,1,12,1,697,1,2,Young Starters,-2.380257408922738,-0.8002899291608153,0.9505788540157312
1955,Graduate,Partner,80395.0,0,0,2013-11-23,62,445,25,706,80,76,48,1,6,5,12,2,0,0,0,1,0,0,0,59,1380,0,1,2,0,24,1,218,1,3,Premium Spenders,2.9678575513813286,0.5564938991536755,0.2362597323107986
1976,Postgraduate,Single,75012.0,0,0,2014-01-25,41,294,142,218,164,58,151,1,3,8,11,1,0,0,0,0,0,0,0,38,1027,0,0,1,0,23,0,155,2,3,Premium Spenders,2.422187872305576,-1.1184420804899553,0.3254527085543953
1965,Postgraduate,Partner,56962.0,2,1,2013-10-11,60,292,3,77,10,3,26,7,6,3,5,7,0,0,0,0,0,0,0,49,411,3,1,5,1,21,0,261,2,0,Budget Families,-0.8220581465314828,2.0072734921827817,0.11333186105759864
1991,Graduate,Partner,89891.0,0,0,2013-04-15,17,412,22,132,59,28,183,1,11,6,8,4,0,0,1,0,0,0,0,23,836,0,1,2,0,26,1,440,1,3,Premium Spenders,2.128962901863176,-2.0734301700665947,0.8406231183474925
1949,Postgraduate,Single,35946.0,1,1,2013-09-27,24,8,0,3,0,0,0,1,0,0,3,5,0,0,0,0,0,0,0,65,11,2,0,3,1,4,0,275,2,0,Budget Families,-1.7148132831220502,1.5184313322168814,0.32734292489032335
1953,Postgraduate,Partner,53593.0,1,1,2012-08-07,60,349,4,78,6,0,43,8,7,2,6,8,0,0,0,0,0,0,0,61,480,2,1,4,1,23,0,691,2,1,Established Families,-0.33022138315453525,2.1997638317916928,0.43749610489989565
1948,Postgraduate,Single,45072.0,1,2,2013-10-16,74,144,2,99,7,2,30,5,6,1,4,8,0,0,0,0,0,0,0,66,284,3,0,4,1,16,0,256,2,0,Budget Families,-1.4840020722187082,3.157318743587744,0.3102607956541805
1973,Graduate,Single,89694.0,1,1,2013-10-09,22,1126,28,211,37,28,42,3,4,3,4,5,0,1,1,1,0,0,0,41,1472,2,0,3,1,14,3,263,1,1,Established Families,1.1287809913589997,0.28486705353040676,0.9657610334667543
1949,Graduate,Partner,72025.0,0,0,2014-04-29,46,967,0,617,43,50,0,1,4,8,13,2,0,1,1,1,0,0,1,65,1677,0,1,2,0,26,3,61,1,3,Premium Spenders,3.1994453355279893,0.8106027199244525,0.7939679471260896
1973,Graduate,Partner,67432.0,0,1,2013-03-29,69,432,79,341,177,136,170,2,8,5,4,4,0,0,0,0,0,0,0,41,1335,1,1,3,1,19,0,457,1,1,Established Families,1.3822575963744208,0.008269238860907429,0.18509302474134495
1952,Postgraduate,Partner,70545.0,0,1,2014-06-03,29,138,39,63,55,18,21,1,4,1,7,2,0,0,0,0,0,0,0,62,334,1,1,3,1,13,0,26,2,1,Established Families,0.7967871308539374,0.8954687254255652,0.016561659877972514
1989,Undergraduate,Partner,17487.0,1,0,2013-03-18,37,0,0,1,7,4,6,1,1,0,2,7,0,0,0,0,0,0,0,25,18,1,1,3,1,4,0,468,0,2,Young Starters,-2.4553694784236098,-1.7359372647330964,0.11300484296678984
1969,Graduate,Partner,62882.0,0,1,2012-08-09,26,509,133,497,78,24,97,2,7,5,6,4,0,0,0,0,0,0,0,45,1338,1,1,3,1,20,0,689,1,1,Established Families,1.3697424361434072,-0.10920059373159809,0.6596749845388339
1953,Postgraduate,Single,64108.0,0,1,2013-03-23,8,948,10,86,13,21,21,4,6,9,11,5,0,0,0,0,0,0,0,61,1099,1,0,2,1,30,0,463,2,1,Established Families,1.7716793578754282,1.0956224313479561,0.6605145090122553
1956,Postgraduate,Partner,34941.0,1,1,2013-03-06,26,39,2,25,4,3,24,2,3,0,3,8,0,0,0,0,0,0,0,58,97,2,1,4,1,8,0,480,2,0,Budget Families,-2.000832520810975,1.2773386175444552,0.47897595295942597
1950,Postgraduate,Single,48767.0,1,2,2014-01-01,79,28,1,21,3,0,10,3,2,1,3,5,0,0,0,0,0,0,0,64,63,3,0,4,1,9,0,179,2,0,Budget Families,-1.516025728924776,2.805024946716441,0.07651684770319751
1978,Undergraduate,Partner,38702.0,1,0,2013-08-01,71,13,11,24,13,8,40,2,3,0,4,6,0,0,0,0,0,0,0,36,109,1,1,3,1,9,0,332,0,2,Young Starters,-1.3022950698596512,-0.5252817035948333,0.03098577236241688
1964,Graduate,Partner,82224.0,0,0,2014-01-25,83,307,26,360,138,31,40,1,6,9,5,3,0,0,0,1,0,0,0,50,902,0,1,2,0,21,1,155,1,3,Premium Spenders,2.174228140848361,0.14495657021823852,0.19216322609307232
1952,Graduate,Partner,83844.0,0,0,2013-05-12,57,901,31,345,75,31,191,1,4,4,11,1,0,0,1,0,0,0,0,62,1574,0,1,2,0,20,1,413,1,3,Premium Spenders,3.1794550208037333,0.5833757999872331,0.20323275427298712
1975,Undergraduate,Partner,17003.0,1,0,2013-12-09,37,2,5,12,4,8,7,3,2,0,4,5,0,0,0,0,0,0,0,39,38,1,1,3,1,9,0,202,0,2,Young Starters,-1.685487221777296,-0.7657938753765912,0.035869539162144394
1995,Graduate,Single,71163.0,0,0,2014-03-09,30,283,17,372,138,106,44,1,3,8,12,1,0,0,0,0,0,0,0,19,960,0,0,1,0,24,0,112,1,3,Premium Spenders,2.130672915218135,-2.486349187206145,0.19971625367854112
1970,Graduate,Single,33697.0,1,0,2013-09-15,34,4,3,7,0,3,11,1,1,0,2,7,1,0,0,0,0,0,0,44,28,1,0,2,1,4,1,287,1,2,Young Starters,-1.8650813464667728,-0.41462647394227764,0.7333136502517221
1954,Undergraduate,Partner,63564.0,0,0,2014-01-29,0,769,80,252,15,34,65,1,10,10,7,6,1,0,0,0,0,0,1,60,1215,0,1,2,0,28,1,151,0,1,Established Families,2.002044590025176,0.25839505464614015,0.6315809603292305
1972,Postgraduate,Partner,83443.0,0,0,2013-12-31,89,518,42,742,55,56,84,1,6,10,5,2,0,0,0,0,0,0,0,42,1497,0,1,2,0,22,0,180,2,3,Premium Spenders,2.8507731420175118,-0.3809258840964311,0.26521965087379207
1958,Postgraduate,Partner,51518.0,0,1,2013-10-03,92,350,8,66,17,4,4,2,3,2,10,3,0,0,0,0,0,0,0,56,449,1,1,3,1,17,0,269,2,1,Established Families,0.4593081731003447,1.1091960642290737,0.0038889917092404394
1969,Graduate,Partner,80952.0,0,0,2013-02-28,20,778,178,689,41,27,44,1,8,5,11,8,0,1,1,1,0,0,1,45,1757,0,1,2,0,25,3,486,1,3,Premium Spenders,2.220093916048143,-0.503956972924916,0.9951765798936395
1979,Graduate,Partner,75507.0,0,0,2014-05-02,56,709,93,374,104,80,80,1,8,6,6,3,0,0,0,0,0,0,0,35,1440,0,1,2,0,21,0,58,1,3,Premium Spenders,2.313444090841727,-1.1637634355483617,0.09786615992147717
1978,Undergraduate,Partner,63855.0,0,0,2013-02-09,28,359,35,314,93,116,89,1,7,3,13,4,0,0,0,0,0,0,0,36,1006,0,1,2,0,24,0,505,0,3,Premium Spenders,1.6816470806529573,-1.268435573533074,0.17552264960716202
1972,Postgraduate,Partner,62220.0,0,1,2012-08-11,55,799,12,375,16,12,12,5,7,6,5,6,0,0,0,0,0,0,1,42,1226,1,1,3,1,23,0,687,2,1,Established Families,1.0758853444339418,0.10876152823562844,0.6135910332317477
1964,Graduate,Partner,58512.0,0,1,2013-09-19,25,895,10,101,13,0,152,5,3,4,8,8,0,0,0,0,0,0,0,50,1171,1,1,3,1,20,0,283,1,1,Established Families,0.5180289235320495,0.3761709911428142,0.12687295692350495
1979,Postgraduate,Partner,40662.0,1,0,2013-03-15,0,40,2,23,0,4,23,2,2,1,3,4,0,0,0,0,0,0,0,35,92,1,1,3,1,8,0,471,2,2,Young Starters,-1.0215362534899308,-1.3344150254007157,0.6083554815734692
1959,Postgraduate,Partner,38829.0,0,1,2014-04-06,86,76,0,7,0,0,16,1,3,2,2,5,0,0,0,0,0,0,0,55,99,1,1,3,1,8,0,84,2,0,Budget Families,-0.9993666209921168,0.823884475259199,0.031061749505486232
1981,Undergraduate,Partner,35523.0,1,0,2013-10-03,8,11,5,22,12,5,11,2,3,0,3,7,0,0,0,0,0,0,0,33,66,1,1,3,1,8,0,269,0,2,Young Starters,-1.6783213997122528,-1.2907339514904794,0.2080933163810951
1967,Graduate,Single,79146.0,1,1,2014-04-24,33,245,16,223,21,43,16,2,8,1,8,6,0,0,0,0,0,0,0,47,564,2,0,3,1,19,0,66,1,1,Established Families,0.2923769040645346,0.9439503675290941,0.07783125056818195
1988,Postgraduate,Partner,78285.0,0,0,2013-10-28,13,647,107,391,175,67,40,1,6,4,10,3,0,0,0,0,0,0,0,26,1427,0,1,2,0,21,0,244,2,3,Premium Spenders,2.266466767238326,-2.145864660150234,0.26437846205862336
1978,Postgraduate,Single,31626.0,1,0,2013-05-10,12,39,1,9,2,1,34,1,2,1,2,7,1,0,0,0,0,0,1,36,86,1,0,2,1,6,1,415,2,2,Young Starters,-1.8366045670355466,-1.1173333427209342,0.945291066847154
1952,Graduate,Single,75127.0,0,0,2014-05-22,92,203,35,305,46,17,227,1,2,11,5,1,0,0,0,0,0,0,0,62,833,0,0,1,0,19,0,38,1,3,Premium Spenders,2.2884477422643545,0.8744886685130652,0.1515871375729316
1955,Graduate,Partner,48726.0,0,1,2013-04-27,90,138,3,38,4,0,59,3,3,2,4,6,0,0,0,0,0,0,0,59,242,1,1,3,1,12,0,428,1,0,Budget Families,-0.5344069782469423,1.3011550640020677,0.04957383494104781
1977,Graduate,Partner,74985.0,0,0,2012-09-11,8,587,51,898,247,0,86,1,3,6,7,2,0,0,0,0,0,0,0,37,1869,0,1,2,0,17,0,656,1,3,Premium Spenders,2.6143347236486694,-1.6224626519983578,0.7793174177102383
1987,Graduate,Partner,67430.0,0,0,2012-09-05,6,595,97,291,127,133,121,1,11,5,12,6,0,0,0,0,0,0,0,27,1364,0,1,2,0,29,0,662,1,3,Premium Spenders,1.9334983771946137,-1.873500630616413,0.7396146913873214
1965,Undergraduate,Partner,46891.0,0,1,2013-09-01,91,43,12,23,29,15,61,1,2,1,4,4,0,0,0,0,0,0,0,49,183,1,1,3,1,8,0,301,0,0,Budget Families,-0.6346313652869997,0.4546985987888225,0.009468407508684709
1956,Postgraduate,Partner,62058.0,0,1,2013-05-26,52,301,7,74,10,0,58,4,6,1,7,6,0,0,0,0,0,0,0,58,450,1,1,3,1,18,0,399,2,1,Established Families,0.28773632559912093,1.077750286051336,0.10551445037087691
1979,Graduate,Partner,72063.0,0,1,2013-07-03,3,180,32,348,76,32,90,2,5,2,12,2,0,0,0,0,0,0,0,35,758,1,1,3,1,21,0,361,1,3,Premium Spenders,1.3691543245247817,-0.9834597311940387,0.15083688265181108
1951,Postgraduate,Partner,78939.0,0,0,2013-12-12,57,794,115,243,150,0,205,1,8,5,6,3,0,0,0,0,0,0,0,63,1507,0,1,2,0,20,0,199,2,3,Premium Spenders,2.6877769668235505,0.7169814561942397,0.17504528093547714
1965,Graduate,Single,42720.0,1,1,2013-04-24,9,392,5,91,28,26,112,8,7,3,7,8,0,0,0,0,0,0,1,49,654,2,0,3,1,25,0,431,1,1,Established Families,-0.4574091738939086,0.9210685632331352,0.6673290370547276
1972,Graduate,Partner,33622.0,1,1,2013-04-13,22,39,1,22,3,4,12,3,2,0,4,7,0,0,0,0,0,0,0,42,81,2,1,4,1,9,0,442,1,0,Budget Families,-1.9918670036741404,0.14094702721488248,0.2122532880453016
1957,Postgraduate,Partner,6835.0,0,1,2012-12-08,76,107,2,12,2,2,12,0,0,0,1,20,0,0,0,0,0,0,0,57,137,1,1,3,1,1,0,568,2,2,Young Starters,-4.575034223084343,1.1976746958993472,0.5800391933688271
1953,Graduate,Partner,41452.0,1,1,2013-03-06,86,13,0,3,0,0,0,1,1,0,2,7,0,0,0,0,0,0,0,61,16,2,1,4,1,4,0,480,1,0,Budget Families,-1.9409981386661594,1.919823514681295,0.04513359529349233
1965,Postgraduate,Single,40760.0,0,1,2013-08-30,64,70,0,17,0,0,6,2,2,1,3,6,0,0,0,0,0,0,0,49,93,1,0,2,1,8,0,303,2,0,Budget Families,-1.189924460549702,0.2721150452019817,0.27467887347101616
1958,Postgraduate,Partner,74250.0,0,0,2014-01-26,90,680,11,392,75,0,0,1,2,11,4,1,0,0,0,0,0,0,0,56,1158,0,1,2,0,18,0,154,2,3,Premium Spenders,2.4244956237305986,0.41015412587561334,0.06407341454546259
1955,Postgraduate,Single,51124.0,1,1,2013-12-18,79,26,1,11,0,1,4,2,1,0,3,3,0,0,0,0,0,0,0,59,43,2,0,3,1,6,0,193,2,0,Budget Families,-0.9381059923832823,1.6402438599149491,0.05183329853819418
1971,Graduate,Single,72258.0,0,1,2013-09-12,28,522,0,522,227,120,134,2,6,9,5,2,0,0,0,0,0,0,0,43,1525,1,0,2,1,22,0,290,1,3,Premium Spenders,2.174858719252887,-0.23151964571351888,0.7492146249133478
1974,Postgraduate,Single,71466.0,0,0,2014-04-05,86,412,12,546,78,182,0,1,4,4,10,1,0,0,0,0,0,0,0,40,1230,0,0,1,0,19,0,85,2,3,Premium Spenders,2.309534045714947,-0.6945476727686909,0.1128088936351653
1976,Graduate,Partner,36283.0,1,1,2014-04-14,42,6,5,5,8,0,5,2,1,0,3,4,0,0,0,0,0,0,0,38,29,2,1,4,1,6,0,76,1,0,Budget Families,-1.691599352879486,-0.12948907056978273,0.02611943817648008
1970,Graduate,Single,20587.0,1,0,2014-05-11,39,2,3,6,4,1,9,1,1,1,2,7,0,0,0,0,0,0,0,44,25,1,0,2,1,5,0,49,1,2,Young Starters,-2.1189322214601556,-0.40345506219847355,0.18880547706921538
1972,Graduate,Partner,30467.0,1,0,2014-03-19,8,1,3,8,2,5,5,1,1,0,2,7,0,0,0,0,0,0,0,42,24,1,1,3,1,4,0,102,1,2,Young Starters,-1.9701362014198966,-0.7987151446295734,0.16652117594241791
1972,Graduate,Partner,31590.0,1,0,2013-06-18,40,6,2,15,6,6,3,1,1,0,3,8,0,0,0,0,0,0,0,42,38,1,1,3,1,5,0,376,1,2,Young Starters,-2.033094880922489,-0.4388867520677756,0.1876977249885338
1986,Undergraduate,Partner,20425.0,1,0,2012-10-29,5,4,12,5,3,16,17,2,2,0,3,7,0,0,0,0,0,0,0,28,57,1,1,3,1,7,0,608,0,2,Young Starters,-2.1534199077248166,-1.7433003021690017,0.5257347906047685
1960,Postgraduate,Partner,17144.0,1,1,2014-02-15,96,18,2,19,0,2,6,5,3,0,4,7,0,0,0,0,0,0,0,54,47,2,1,4,1,12,0,134,2,0,Budget Families,-2.0990997091789603,1.617633161067264,0.024368043530450596
1968,Postgraduate,Single,42564.0,0,1,2013-01-02,28,324,48,186,39,18,198,6,6,8,4,7,1,0,0,0,0,0,1,46,813,1,0,2,1,24,1,543,2,1,Established Families,0.18910131465620655,0.13222955982468818,0.9790903833765225
1978,Postgraduate,Partner,43783.0,1,0,2014-05-29,22,327,9,125,25,4,139,6,7,1,8,7,1,0,0,0,0,0,0,36,629,1,1,3,1,22,1,31,2,1,Established Families,-0.16052911930165117,-0.6270472197546396,0.44878067285751067
1976,Graduate,Single,40780.0,0,1,2012-09-08,30,229,27,71,13,3,34,4,7,1,5,9,0,0,0,0,0,0,0,38,377,1,0,2,1,17,0,659,1,2,Young Starters,-1.0419963451577703,-0.45283554648206775,0.8627904363616061
1945,Postgraduate,Partner,62847.0,0,0,2013-01-15,45,521,168,706,80,76,61,1,3,6,4,2,0,0,0,0,0,0,0,69,1612,0,1,2,0,14,0,530,2,3,Premium Spenders,2.2764169901849423,0.7541389540191795,0.7817502051022479
1957,Postgraduate,Partner,82017.0,0,0,2012-11-07,58,184,23,446,30,23,23,1,5,4,7,2,0,1,1,1,0,0,1,57,729,0,1,2,0,17,3,599,2,3,Premium Spenders,2.0244322466791447,0.26116030227424747,0.9838706869613609
1950,Graduate,Single,16813.0,0,0,2013-07-19,49,4,8,11,12,2,13,1,2,0,3,7,1,0,0,0,0,0,0,64,50,0,0,1,0,6,1,345,1,2,Young Starters,-1.4819321497180316,0.3523998544523805,0.7393145327884451
1978,Graduate,Partner,51267.0,1,1,2013-10-29,37,183,2,64,7,2,12,4,3,3,5,4,0,0,0,0,0,0,0,36,270,2,1,4,1,15,0,243,1,0,Budget Families,-0.6341036621255921,-0.045642304819745703,0.05752182051839788
1961,Graduate,Single,46524.0,0,1,2013-04-05,70,31,19,35,26,14,52,2,1,1,5,3,0,0,0,0,0,0,0,53,177,1,0,2,1,9,0,450,1,0,Budget Families,-0.38781267946060227,0.5130344989791589,0.1162498993663391
1962,Postgraduate,Single,45183.0,0,0,2013-01-20,33,219,3,60,12,9,12,1,4,1,7,7,0,1,0,0,0,0,0,52,315,0,0,1,0,13,1,525,2,2,Young Starters,-0.3096415985001944,-0.3248925588843291,0.9303164326587137
1954,Postgraduate,Partner,70421.0,0,1,2014-06-28,98,479,28,136,75,14,35,3,10,3,7,6,0,0,0,0,0,0,0,60,767,1,1,3,1,23,0,1,2,1,Established Families,1.0733596981392777,1.7669527114839554,0.011593890575625319
1965,Undergraduate,Single,60161.0,0,1,2012-10-23,17,584,44,212,46,8,177,3,11,4,8,8,0,0,0,0,0,0,0,49,1071,1,0,2,1,26,0,614,0,1,Established Families,0.8059125761566224,0.3880774802985458,0.7896648151114889
1973,Graduate,Partner,73926.0,0,0,2013-03-02,54,627,91,597,159,91,15,1,6,5,12,3,0,0,0,0,0,0,0,41,1580,0,1,2,0,24,0,484,1,3,Premium Spenders,2.631354754425461,-0.7222021713055351,0.16591366822616158
1968,Graduate,Partner,19329.0,1,0,2013-12-14,39,24,1,16,12,2,5,3,4,0,3,8,0,0,0,0,0,0,0,46,60,1,1,3,1,10,0,197,1,2,Young Starters,-1.9738074768188252,-0.11745954509912626,0.13776883532259282
1970,Postgraduate,Partner,61872.0,0,1,2013-12-13,81,330,5,159,36,27,16,4,4,4,9,4,0,0,0,0,0,0,0,44,573,1,1,3,1,21,0,198,2,1,Established Families,0.7486103692707246,0.3774069970813078,0.025172955559985877
1956,Graduate,Single,46984.0,1,1,2013-03-26,71,19,1,10,2,1,8,1,1,0,3,5,0,0,0,0,0,0,0,58,41,2,0,3,1,5,0,460,1,0,Budget Families,-1.4361623205712468,1.543825667333797,0.11983789479403854
1951,Graduate,Partner,34838.0,1,1,2013-01-19,62,28,23,29,29,14,47,3,2,1,4,6,0,0,0,0,0,0,0,63,170,2,1,4,1,10,0,526,1,0,Budget Families,-1.4380814469801015,1.897730995296048,0.11143806553138909
1944,Postgraduate,Single,82716.0,0,0,2013-11-05,8,606,148,228,15,148,22,1,6,8,13,2,0,0,0,0,0,0,0,70,1167,0,0,1,0,28,0,236,2,3,Premium Spenders,3.1777865390170255,0.9204448555863792,0.6601854051084592
1958,Graduate,Partner,48192.0,0,0,2013-04-06,76,1039,43,204,153,58,29,3,2,8,12,8,0,1,0,1,1,0,1,56,1526,0,1,2,0,25,3,449,1,1,Established Families,1.3731778327817776,0.6105263602741138,0.7460766380715835
1976,Postgraduate,Partner,49681.0,0,2,2013-11-04,66,411,0,26,0,0,21,6,7,1,7,7,0,0,0,0,0,0,0,38,458,2,1,4,1,21,0,237,2,1,Established Families,-0.6324573993889723,0.6023054344291358,0.03702541340165574
1971,Postgraduate,Partner,56850.0,0,1,2014-03-23,83,34,1,19,2,7,0,1,1,1,3,2,0,0,0,0,0,0,0,43,63,1,1,3,1,6,0,98,2,0,Budget Families,-0.35243927751508175,-0.10306067686741928,0.01091803203746467
1957,Graduate,Partner,55267.0,0,1,2013-10-21,28,161,28,136,32,3,45,4,3,4,6,3,0,0,0,0,0,0,0,57,405,1,1,3,1,17,0,251,1,1,Established Families,0.5101083958774888,0.6150896689242599,0.08833593523592655
1972,Graduate,Partner,59666.0,1,1,2013-03-22,87,623,53,178,23,17,133,7,3,2,8,8,0,1,0,0,0,0,0,42,1027,2,1,4,1,20,1,464,1,1,Established Families,-0.08706361991610226,1.097244249509988,0.13809066459601502
1972,Graduate,Single,72504.0,0,1,2013-04-06,43,604,26,470,123,161,94,2,5,9,6,2,0,0,0,0,0,0,0,42,1478,1,0,2,1,22,0,449,1,3,Premium Spenders,2.1325343290450416,-0.15952157277199827,0.7075011640576205
1981,Graduate,Partner,26872.0,0,0,2013-10-16,0,3,10,8,3,16,32,1,1,1,2,6,0,0,0,0,0,0,0,33,72,0,1,2,0,5,0,256,1,2,Young Starters,-1.4517505541131694,-2.198968895768312,0.36179498774997204
1972,Graduate,Single,21359.0,1,0,2013-04-20,1,12,2,17,6,1,10,2,2,0,3,8,0,0,0,0,0,0,1,42,48,1,0,2,1,7,0,435,1,2,Young Starters,-2.1574492333183404,-0.7911284728855887,0.7953827068304509
1975,Graduate,Single,73170.0,0,0,2014-05-31,1,184,174,256,50,30,32,1,5,4,6,2,0,0,0,0,0,0,0,39,726,0,0,1,0,16,0,29,1,3,Premium Spenders,1.5568998615819722,-1.5278607455620976,0.48452573911606
1955,Postgraduate,Partner,52750.0,0,1,2013-02-04,72,393,0,239,90,69,69,6,5,7,9,4,0,0,0,0,0,0,0,59,860,1,1,3,1,27,0,510,2,1,Established Families,1.2801774951758342,1.3904853572254685,0.1953764008136871
1986,Postgraduate,Partner,91820.0,0,0,2013-11-23,72,410,73,747,76,161,30,0,5,5,12,1,0,0,0,0,0,0,0,28,1497,0,1,2,0,22,0,218,2,3,Premium Spenders,3.0636464880509493,-1.482081804444918,0.052288086559524806
1970,Postgraduate,Partner,65968.0,0,1,2014-05-12,12,376,9,83,19,4,4,2,5,4,7,3,0,0,0,0,0,0,0,44,495,1,1,3,1,18,0,48,2,1,Established Families,0.7586516407456984,-0.3382546711761534,0.06593188222873675
1976,Graduate,Partner,30772.0,1,1,2014-03-12,89,7,2,4,2,1,4,1,1,0,2,6,0,0,0,0,0,0,0,38,20,2,1,4,1,4,0,109,1,0,Budget Families,-2.2660694570814663,0.31076620773768004,0.006328844036656869
1954,Graduate,Single,22507.0,0,0,2012-11-24,67,68,0,226,51,157,68,3,10,2,4,9,0,0,0,0,0,0,0,60,570,0,0,1,0,19,0,582,1,1,Established Families,-0.5209231775742809,0.633757014916919,0.7897747583943463
1972,Graduate,Partner,65685.0,0,1,2014-03-29,54,642,14,49,0,7,57,1,9,2,9,5,0,0,0,0,0,0,0,42,769,1,1,3,1,21,0,92,1,1,Established Families,0.8162234165974019,0.04792848184510368,0.010175387294161377
1978,Undergraduate,Partner,25804.0,1,0,2013-09-01,34,8,7,9,13,6,12,2,2,0,3,8,0,0,0,0,0,0,0,36,55,1,1,3,1,7,0,301,0,2,Young Starters,-2.103808776939364,-0.8764488046575495,0.09437612301664033
1980,Postgraduate,Single,76412.0,0,0,2013-05-05,15,840,53,804,23,71,17,1,5,4,8,3,0,0,1,1,0,0,1,34,1808,0,0,1,0,18,2,420,2,3,Premium Spenders,2.4588556232453165,-1.686000226879023,0.9926313918529873
1972,Graduate,Partner,22063.0,1,0,2013-08-08,43,7,10,13,3,11,11,2,2,0,3,7,0,0,0,0,0,0,0,42,55,1,1,3,1,7,0,325,1,2,Young Starters,-1.9633220437074883,-0.45013455347673725,0.14615568364649745
1961,Graduate,Single,57091.0,0,0,2014-06-15,0,464,5,64,7,0,37,1,7,3,7,5,0,0,0,0,1,0,1,53,577,0,0,1,0,18,1,14,1,1,Established Families,0.8180891852907662,-0.48526563211592333,0.49258874302819367
1959,Undergraduate,Single,78353.0,0,1,2013-04-16,51,752,122,476,39,153,34,1,10,2,11,8,0,0,0,0,0,0,0,55,1576,1,0,2,1,24,0,439,0,1,Established Families,1.6205074601719573,1.1088062105906806,0.2572406777319087
1954,Graduate,Partner,93404.0,1,2,2013-05-07,97,1279,15,287,20,0,15,3,3,4,7,5,0,1,1,0,0,0,0,60,1616,3,1,5,1,17,2,418,1,1,Established Families,1.2884598445544146,3.0068146569032455,0.17613053030160014
1962,Graduate,Single,37859.0,1,2,2013-01-12,75,22,1,8,2,1,2,2,1,0,3,8,0,0,0,0,0,0,0,52,36,3,0,4,1,6,0,533,1,0,Budget Families,-2.5899157408888964,1.972348196798868,0.15183515297877687
1958,Postgraduate,Single,80995.0,0,1,2013-05-11,83,860,28,409,73,56,56,1,8,9,4,4,0,0,0,0,0,0,0,56,1482,1,0,2,1,22,0,414,2,1,Established Families,2.161048447091602,1.2662357420293735,0.38917219673276804
1984,Graduate,Partner,16529.0,1,0,2014-03-01,23,3,0,5,13,0,1,1,1,0,3,6,0,0,0,0,0,0,0,30,22,1,1,3,1,5,0,120,1,2,Young Starters,-2.2023219629562325,-1.5499919843466474,0.08825740040263291
1976,Postgraduate,Single,55412.0,1,1,2013-11-22,65,10,5,28,11,1,8,1,2,0,3,5,0,0,0,0,0,0,0,38,63,2,0,3,1,6,0,219,2,0,Budget Families,-1.3711457794255089,0.20360014721047678,0.11540164826011694
1992,Graduate,Single,48789.0,0,0,2012-09-10,94,351,16,156,7,5,145,1,6,4,7,6,0,0,0,0,0,0,0,22,680,0,0,1,0,18,0,657,1,2,Young Starters,0.23614142835012594,-1.7174008791989648,0.3787301356048083
1967,Postgraduate,Partner,56575.0,0,2,2013-05-05,42,421,5,90,0,16,10,3,7,3,7,5,0,0,0,0,0,0,0,47,542,2,1,4,1,20,0,420,2,1,Established Families,-0.03612737492494092,0.9084094903652898,0.13104877761343608
1980,Undergraduate,Partner,25130.0,1,0,2013-10-02,10,2,5,7,0,18,18,2,2,0,3,7,0,0,0,0,0,0,0,34,50,1,1,3,1,7,0,270,0,2,Young Starters,-1.9844823129430105,-1.2734836468929485,0.14422430549738838
1967,Graduate,Partner,35441.0,1,1,2013-02-14,94,25,1,9,2,1,1,2,1,0,3,8,0,0,0,0,0,0,0,47,39,2,1,4,1,6,0,500,1,0,Budget Families,-2.2579229374820065,1.1121536802093392,0.03846149450868758
1956,Graduate,Partner,71391.0,0,1,2013-03-29,50,336,123,274,46,123,141,5,6,5,12,3,0,0,0,0,0,0,0,58,1043,1,1,3,1,28,0,457,1,1,Established Families,2.0851104192174255,1.1778769430326148,0.10163534198422113
1972,Postgraduate,Single,49494.0,1,0,2013-04-25,46,191,9,97,0,6,82,2,6,1,5,7,0,0,0,0,0,0,0,42,385,1,0,2,1,14,0,430,2,2,Young Starters,-0.628721820457348,-0.15545575469198036,0.6469067053313613
1980,Graduate,Single,81702.0,0,0,2012-09-23,98,563,50,774,28,31,187,1,7,7,12,3,0,0,0,0,0,0,0,34,1633,0,0,1,0,27,0,644,1,3,Premium Spenders,2.9674616100677818,-0.6928726861982868,0.4869329445691979
1980,Undergraduate,Single,45889.0,0,1,2013-07-02,42,31,0,6,0,1,8,1,1,0,3,6,0,0,0,0,0,0,0,34,46,1,0,2,1,5,0,362,0,2,Young Starters,-1.442871747600485,-0.9810806437200337,0.17656453608214187
1977,Graduate,Single,56628.0,0,1,2014-03-21,30,479,5,82,7,17,171,2,7,6,5,5,1,0,0,0,0,0,0,37,761,1,0,2,1,20,1,100,1,1,Established Families,0.4812361251552876,-0.5684554208797664,0.660130282473939
1950,Graduate,Partner,34026.0,1,1,2013-08-05,11,18,6,15,12,8,17,3,2,1,3,5,0,0,0,0,0,0,0,64,76,2,1,4,1,9,0,328,1,0,Budget Families,-1.4288187732473958,1.4381889168803015,0.2097259690510244
1974,Graduate,Partner,40049.0,0,1,2012-11-29,61,91,65,52,10,44,28,3,3,2,6,5,0,0,0,0,0,0,0,40,290,1,1,3,1,14,0,577,1,2,Young Starters,-0.6225663997017681,-0.27562586129900435,0.1747793839428721
1988,Graduate,Single,34176.0,1,0,2014-05-12,12,5,7,24,19,14,20,4,3,0,4,6,0,0,0,0,0,0,0,26,89,1,0,2,1,11,0,48,1,2,Young Starters,-1.4256240749043105,-1.7048044499119948,0.30479533465335135
1981,Graduate,Partner,19419.0,1,0,2012-11-10,76,2,14,28,16,3,7,4,4,0,3,9,0,0,0,0,0,0,0,33,70,1,1,3,1,11,0,596,1,2,Young Starters,-2.2000329539199464,-0.5909630504497564,0.2538528748876667
1960,Undergraduate,Partner,82504.0,0,0,2013-07-27,2,362,50,431,134,35,54,1,3,6,7,1,0,0,0,0,0,0,0,54,1066,0,1,2,0,17,0,337,0,3,Premium Spenders,2.447595351191632,-0.5043794707273479,0.30249453120754916
1970,Graduate,Partner,81205.0,0,0,2014-01-13,43,724,74,929,97,55,130,1,5,6,7,2,1,0,1,0,1,0,1,44,2009,0,1,2,0,19,3,167,1,3,Premium Spenders,3.0755628214838877,-0.7674047613403377,0.9795976335843251
1991,Undergraduate,Single,61618.0,0,0,2012-09-29,27,605,91,399,0,45,205,2,3,6,8,3,0,0,0,0,0,0,0,23,1345,0,0,1,0,19,0,638,0,3,Premium Spenders,1.6580204313710374,-2.336541567605678,0.7709942839850598
1956,Postgraduate,Single,55284.0,0,1,2012-12-24,60,547,7,140,0,7,63,3,7,5,8,5,0,0,0,0,0,0,0,58,764,1,0,2,1,23,0,552,2,1,Established Families,0.8502652986410911,1.1794750602912294,0.42960585058603273
1963,Graduate,Single,49980.0,0,1,2013-10-23,79,104,1,54,13,9,14,2,3,1,5,5,0,0,0,0,0,0,0,51,195,1,0,2,1,11,0,249,1,0,Budget Families,-0.5238254674202052,0.6056018826753562,0.06010160837176309
1980,Graduate,Partner,15072.0,2,0,2013-05-10,96,8,2,15,0,10,18,4,3,1,3,5,0,0,0,0,0,0,0,34,53,2,1,4,1,11,0,415,1,0,Budget Families,-2.0812877622205566,0.15523621270540972,0.03234622450353681
1974,Graduate,Single,49166.0,0,1,2013-06-13,17,224,2,25,7,0,110,2,5,3,3,6,0,0,0,0,0,0,0,40,368,1,0,2,1,13,0,381,1,2,Young Starters,-0.5700029611275472,-0.618973627869951,0.7876626273164479
1957,Undergraduate,Partner,82347.0,0,0,2012-11-06,38,556,54,845,202,133,63,1,7,7,10,3,1,0,0,1,0,0,0,57,1853,0,1,2,0,25,2,600,0,3,Premium Spenders,3.286372209911925,0.2560290711710849,0.9512671196334599
1966,Postgraduate,Partner,30843.0,1,1,2014-05-26,43,24,0,2,0,0,9,2,1,1,2,5,1,0,0,0,0,0,0,48,35,2,1,4,1,6,1,34,2,0,Budget Families,-1.874538679133674,0.5702766880124118,0.20512454239562716
1974,Postgraduate,Partner,46374.0,0,1,2014-03-17,1,408,0,21,0,0,17,3,7,1,7,8,0,1,0,1,0,0,1,40,446,1,1,3,1,18,2,104,2,1,Established Families,-0.612522116688665,-0.5789235026626828,0.7879941721632324
1979,Graduate,Single,60474.0,0,1,2013-04-01,25,265,199,303,234,9,170,7,10,2,12,7,0,0,0,0,0,0,0,35,1180,1,0,2,1,31,0,454,1,1,Established Families,1.2140057808146396,-0.4108153304213883,0.484276238639935
1973,Postgraduate,Partner,38576.0,0,1,2014-03-04,2,34,0,7,0,0,0,1,1,0,3,7,0,0,0,0,0,0,0,41,41,1,1,3,1,5,0,117,2,2,Young Starters,-1.7177645318496715,-0.8622847725523172,0.3125902780422582
1985,Graduate,Partner,55357.0,2,0,2013-02-19,66,374,64,116,84,25,64,3,6,2,11,5,0,0,0,0,0,0,0,29,727,2,1,4,1,22,0,495,1,1,Established Families,0.023877928544653804,-0.052351579226635886,0.019345852567004156
1966,Graduate,Partner,37758.0,1,1,2012-10-04,49,27,2,10,0,0,1,2,1,0,3,8,0,0,0,0,0,0,0,48,40,2,1,4,1,6,0,633,1,0,Budget Families,-2.199341939565436,0.7817704790844795,0.22628170057332855
1989,Undergraduate,Partner,85710.0,0,0,2013-05-05,5,600,20,350,29,30,33,1,6,9,10,2,0,0,1,0,0,0,0,25,1062,0,1,2,0,26,1,420,0,3,Premium Spenders,2.571221161145741,-2.161513920129761,0.6438291928519437
1969,Graduate,Partner,23228.0,1,0,2014-01-26,71,13,2,18,6,1,0,2,2,0,3,8,0,0,0,0,0,0,0,45,40,1,1,3,1,7,0,154,1,2,Young Starters,-2.0769840601723755,0.053512666809409776,0.049605056911186156
1969,Postgraduate,Partner,44602.0,1,1,2014-02-15,35,167,2,89,0,0,34,6,6,1,4,8,0,0,0,0,0,0,0,45,292,2,1,4,1,17,0,134,2,0,Budget Families,-1.221405776827757,0.7270928319480403,0.260597853050515
1987,Graduate,Partner,7500.0,0,0,2013-01-09,94,0,2,3,4,1,5,1,0,0,3,6,0,0,0,0,0,0,0,27,15,0,1,2,0,4,0,536,1,2,Young Starters,-2.0631574885223873,-1.8563018620663225,0.04229229458641827
1989,Undergraduate,Partner,38683.0,1,0,2012-10-04,80,46,35,69,84,41,66,6,4,1,6,7,0,0,0,0,0,0,0,25,341,1,1,3,1,17,0,633,0,2,Young Starters,-0.9212427278290517,-0.9662188826960241,0.1094881362036976
1975,Undergraduate,Single,49514.0,1,0,2013-12-17,61,88,39,78,58,13,93,2,6,1,4,7,0,0,0,0,0,0,0,39,369,1,0,2,1,13,0,194,0,2,Young Starters,-0.728560077418861,-0.24371215445960506,0.12069382351092188
1973,Postgraduate,Partner,57906.0,0,1,2013-06-11,29,243,11,119,10,3,15,3,4,2,8,4,0,0,0,0,0,0,0,41,401,1,1,3,1,17,0,383,2,1,Established Families,0.23700615547693943,-0.3977922053134833,0.1300006684609617
1966,Postgraduate,Single,43456.0,0,1,2013-03-26,0,275,11,68,25,7,7,3,5,1,8,5,0,0,0,0,0,0,0,48,393,1,0,2,1,17,0,460,2,1,Established Families,-0.2072769431307738,-0.2105073649063238,0.5860058102002387
1986,Postgraduate,Single,19485.0,2,0,2013-09-24,80,6,0,4,0,0,0,1,1,0,2,7,0,0,0,0,0,0,0,28,10,2,0,3,1,4,0,278,2,2,Young Starters,-2.8121754396885104,-0.4500515548178524,0.16113360322442147
1978,Graduate,Partner,53172.0,0,1,2013-05-06,54,121,62,90,68,20,125,3,2,3,8,3,0,0,0,0,0,0,0,36,486,1,1,3,1,16,0,419,1,1,Established Families,0.2563227101014563,-0.5979868275804264,0.049326983887944716
1979,Graduate,Partner,30545.0,1,0,2012-10-17,71,4,12,15,19,7,12,2,2,0,3,7,0,0,0,0,0,0,0,35,69,1,1,3,1,7,0,620,1,2,Young Starters,-1.8196141924944176,-0.6306291419727367,0.1821767530400568
1983,Postgraduate,Partner,70123.0,0,0,2013-09-28,27,1308,0,396,23,0,0,1,5,7,4,3,0,1,0,0,1,0,0,31,1727,0,1,2,0,17,2,274,2,3,Premium Spenders,2.1538813121549967,-1.8260211192283389,0.920849522924015
1959,Graduate,Single,62450.0,0,1,2014-01-06,61,515,47,267,62,66,38,2,5,5,4,3,0,1,0,0,0,0,0,55,995,1,0,2,1,16,1,174,1,1,Established Families,1.1108348026021309,0.759600438656434,0.42161846471578446
1976,Graduate,Partner,21675.0,1,0,2014-06-11,55,4,0,16,17,4,4,3,4,0,3,7,0,0,0,0,0,0,0,38,45,1,1,3,1,10,0,18,1,2,Young Starters,-1.847873718338043,-0.5418262837927279,0.03641751866712978
1981,Undergraduate,Single,42395.0,1,1,2014-04-04,35,48,13,57,24,15,25,4,3,1,4,7,0,0,0,0,0,0,0,33,182,2,0,3,1,12,0,86,0,0,Budget Families,-1.6173245692228397,-0.24305483283093268,0.09322608251900344
1978,Postgraduate,Partner,61346.0,1,0,2013-10-06,34,562,58,168,43,16,142,1,5,7,10,3,0,0,0,0,0,0,0,36,989,1,1,3,1,23,0,266,2,1,Established Families,1.2798187315657468,-0.604539756845208,0.08619677956340428
1953,Graduate,Partner,80812.0,0,0,2013-09-17,95,769,22,500,210,143,33,1,4,8,5,2,1,0,1,1,0,0,0,61,1677,0,1,2,0,18,3,285,1,3,Premium Spenders,2.91178138441664,0.8380048993363505,0.879752441390374
1971,Postgraduate,Single,42835.0,1,1,2013-06-30,64,379,4,93,12,9,98,7,6,6,4,6,0,0,0,0,0,0,0,43,595,2,0,3,1,23,0,364,2,1,Established Families,-0.34521444711832056,0.888038094203145,0.4410401475897486
1983,Graduate,Partner,39922.0,1,0,2013-02-14,30,29,12,59,19,1,36,2,3,0,4,8,0,0,0,0,0,0,0,31,156,1,1,3,1,9,0,500,1,2,Young Starters,-1.621556445327314,-1.145286356883237,0.35299772082646486
1956,Postgraduate,Single,86424.0,0,0,2014-04-05,12,387,68,569,89,45,68,1,6,9,12,1,0,0,0,0,0,0,0,58,1226,0,0,1,0,28,0,85,2,3,Premium Spenders,3.3552042468332886,0.12076155964731135,0.4966444177224163
1978,Undergraduate,Partner,17117.0,1,0,2013-01-17,96,12,23,38,30,18,7,4,3,1,3,9,0,0,0,0,0,0,0,36,128,1,1,3,1,11,0,528,0,2,Young Starters,-2.1700900860877677,-0.2208598883943594,0.06910409066629207
1972,Graduate,Single,24762.0,1,0,2014-02-10,16,6,10,12,3,15,40,3,3,1,2,8,1,0,0,0,0,0,1,42,86,1,0,2,1,9,1,139,1,2,Young Starters,-1.9266630728494816,-0.5955506494001289,0.841770552564327
1975,Graduate,Partner,35797.0,0,1,2012-10-16,16,27,1,14,4,1,21,2,2,0,3,8,0,0,0,0,0,0,0,39,68,1,1,3,1,7,0,621,1,2,Young Starters,-1.8281015059560835,-0.7945486339898136,0.5563081429484438
1975,Graduate,Single,36627.0,2,0,2013-07-23,78,9,1,5,0,0,1,1,0,0,3,5,0,0,0,0,0,0,0,39,16,2,0,3,1,4,0,341,1,0,Budget Families,-1.9579764437307259,0.26190166972969203,0.04589902300840617
1981,Undergraduate,Partner,51111.0,1,1,2014-06-19,83,22,0,19,6,5,3,2,2,0,3,6,0,0,0,0,0,0,0,33,55,2,1,4,1,7,0,10,0,0,Budget Families,-1.6358327469538054,0.07754664192275217,0.003076565489940963
1970,Postgraduate,Partner,82072.0,0,0,2013-07-02,67,889,55,685,168,92,129,1,3,2,13,1,0,0,0,0,0,0,0,44,2018,0,1,2,0,19,0,362,2,3,Premium Spenders,3.2722462794679172,-0.5888950440221831,0.035766890136493305
1953,Postgraduate,Single,46231.0,2,1,2012-11-26,87,189,2,55,0,5,12,4,6,1,4,9,0,0,0,0,0,0,0,61,263,3,0,4,1,15,0,580,2,0,Budget Families,-1.7469921803741535,2.9640089451993483,0.45587407839605376
1959,Graduate,Partner,42243.0,1,1,2013-12-11,34,48,0,2,0,0,5,2,2,0,3,7,0,0,0,0,0,0,0,55,55,2,1,4,1,7,0,200,1,0,Budget Families,-1.787467321104643,1.1165276320213995,0.07179424767681304
1962,Graduate,Partner,51195.0,1,1,2013-04-01,46,230,14,156,82,24,58,8,9,2,5,8,0,0,0,0,0,0,0,52,564,2,1,4,1,24,0,454,1,1,Established Families,-0.3540997564516431,1.4763428141607573,0.3229271369389435
1978,Postgraduate,Single,68092.0,0,0,2013-12-16,7,852,60,207,78,36,48,2,2,6,10,5,0,0,0,0,0,0,0,36,1281,0,0,1,0,20,0,195,2,3,Premium Spenders,1.6179635756793274,-1.5040434205825735,0.5253994546943358
1973,Graduate,Partner,31814.0,1,0,2013-02-09,73,35,3,20,4,1,20,2,2,0,3,9,1,0,0,0,0,0,0,41,83,1,1,3,1,7,1,505,1,2,Young Starters,-2.0434300562691434,-0.11941195824939546,0.4734658048073043
1965,Postgraduate,Single,51390.0,1,1,2012-09-08,54,205,20,47,23,2,56,6,5,2,5,5,0,0,0,0,0,0,0,49,353,2,0,3,1,18,0,659,2,0,Budget Families,-0.41257701972476063,1.0914065551132173,0.6379600185246516
1983,Graduate,Partner,76630.0,0,0,2014-01-14,93,255,31,446,40,56,175,1,3,10,11,1,0,0,0,0,0,0,0,31,1003,0,1,2,0,25,0,166,1,3,Premium Spenders,2.490613625598587,-1.0632348645354361,0.022483792223014696
1991,Undergraduate,Single,26868.0,1,0,2014-04-30,52,0,0,1,8,3,2,1,1,0,2,7,0,0,0,0,0,0,0,23,14,1,0,2,1,4,0,60,0,2,Young Starters,-2.2555543883418143,-1.6931528367542437,0.052679773677253156
1972,Postgraduate,Single,55260.0,0,1,2012-12-12,81,825,8,53,11,0,242,2,8,10,5,6,0,0,0,0,0,0,0,42,1139,1,0,2,1,25,0,564,2,1,Established Families,0.9568000950626622,0.364512189500544,0.5311235341144973
1956,Graduate,Partner,64090.0,0,1,2013-08-07,8,316,58,161,76,51,135,1,6,9,4,5,0,0,0,0,0,0,1,58,797,1,1,3,1,20,0,326,1,1,Established Families,0.9047986703438731,0.675550286852946,0.38796337504527534
1958,Graduate,Single,78331.0,0,1,2014-01-23,97,756,138,354,160,169,61,2,10,6,7,4,0,0,0,0,0,0,0,56,1638,1,0,2,1,25,0,157,1,3,Premium Spenders,2.40681298960199,1.4437365795564878,0.10333697814496404
1974,Postgraduate,Partner,37087.0,1,0,2013-08-11,50,194,55,134,15,0,3,3,4,2,8,6,0,0,0,0,0,0,0,40,401,1,1,3,1,17,0,322,2,2,Young Starters,-0.5909659031974338,-0.2814735463420722,0.1367546748943507
1986,Graduate,Single,21846.0,1,0,2013-10-22,38,7,17,18,6,10,26,4,4,0,3,8,0,0,0,0,0,0,0,28,84,1,0,2,1,11,0,250,1,2,Young Starters,-2.0249725859609295,-1.3039148135941605,0.4677523758342923
1958,Graduate,Partner,81320.0,0,0,2013-02-06,61,183,33,493,59,103,57,1,4,3,10,2,0,0,0,0,0,0,0,56,928,0,1,2,0,18,0,508,1,3,Premium Spenders,2.2257118167735257,0.23176712205586114,0.16781473476144543
1970,Graduate,Single,54137.0,0,1,2013-08-16,46,171,0,11,0,1,20,2,4,1,4,6,0,0,0,0,0,0,0,44,203,1,0,2,1,11,0,317,1,2,Young Starters,-0.6621342386697235,-0.10399491278032294,0.28005243900131843
1967,Graduate,Partner,66825.0,0,0,2013-07-14,73,243,101,405,29,40,40,1,4,5,6,2,0,0,0,0,0,0,0,47,858,0,1,2,0,16,0,350,1,3,Premium Spenders,1.6156197185063805,-0.3715939637388037,0.08388029584579182
1973,Graduate,Partner,57100.0,0,0,2013-12-04,19,181,21,69,39,3,96,1,3,3,6,3,0,0,0,0,0,0,0,41,409,0,1,2,0,13,0,207,1,3,Premium Spenders,0.5926505676485718,-1.3130784973504848,0.1401426409389457
1969,Graduate,Partner,58917.0,1,2,2013-03-24,10,151,7,89,0,7,28,5,4,1,6,5,0,0,0,0,0,0,0,45,282,3,1,5,1,16,0,462,1,0,Budget Families,-0.8958432962919787,1.0989309309717283,0.2513326276078139
1977,Graduate,Single,85072.0,0,0,2014-04-09,94,494,92,391,194,11,241,1,3,4,10,0,0,0,0,0,0,0,0,37,1423,0,0,1,0,18,0,81,1,3,Premium Spenders,2.872673769546707,-0.8389448784162428,0.020009338649206645
1961,Graduate,Single,86429.0,0,0,2013-11-21,10,464,28,873,29,18,37,0,7,4,7,2,0,0,0,1,0,0,1,53,1449,0,0,1,0,18,1,220,1,3,Premium Spenders,2.751659499019764,-0.4346554512093644,0.919166938026412
1971,Graduate,Single,45684.0,1,0,2013-12-02,37,5,1,5,10,0,7,1,1,0,2,7,0,0,0,0,0,0,0,43,28,1,0,2,1,4,0,209,1,2,Young Starters,-1.5917835749975249,-0.40207652771498315,0.261506701750878
1974,Graduate,Partner,47889.0,1,0,2014-01-04,94,29,0,29,0,5,4,1,2,0,3,5,0,0,0,0,0,0,0,40,67,1,1,3,1,6,0,176,1,2,Young Starters,-1.0838947483578065,-0.1176639183433232,0.011531826202938553
1986,Postgraduate,Partner,45921.0,0,0,2014-03-10,23,102,9,49,24,3,12,1,2,1,6,4,0,0,0,0,0,0,0,28,199,0,1,2,0,10,0,111,2,2,Young Starters,-0.3241601819002804,-2.2176138077775454,0.14224604970842067
1966,Postgraduate,Single,78420.0,0,0,2013-06-29,75,604,28,674,91,28,28,1,3,10,8,1,0,0,0,0,0,0,0,48,1453,0,0,1,0,22,0,365,2,3,Premium Spenders,2.9195280020858783,-0.16654172632142458,0.4884969438682997
1992,Graduate,Partner,75114.0,0,0,2013-11-07,40,571,12,523,63,60,24,1,3,10,5,2,0,0,0,0,0,0,0,22,1253,0,1,2,0,19,0,234,1,3,Premium Spenders,2.0545365686798727,-2.264683343818044,0.4197483683811418
1963,Postgraduate,Single,52278.0,0,1,2013-01-25,24,953,0,71,0,0,174,6,10,5,10,8,0,0,0,0,0,0,1,51,1198,1,0,2,1,31,0,520,2,1,Established Families,1.0387502199495422,0.661675851708101,0.738251987974875
1972,Postgraduate,Partner,35641.0,1,0,2013-07-14,11,63,3,67,8,9,28,2,3,1,4,7,0,0,0,0,0,0,1,42,178,1,1,3,1,10,0,350,2,2,Young Starters,-1.3695986830168891,-0.6165760661572822,0.5039568447851458
1994,Graduate,Single,95529.0,0,0,2012-12-03,29,770,29,890,250,27,24,1,7,3,7,3,0,0,1,0,0,0,1,20,1990,0,0,1,0,18,1,573,1,3,Premium Spenders,2.9217266686249297,-2.425492344069964,0.9497540546821192
1954,Graduate,Partner,62820.0,0,0,2013-05-11,51,398,61,265,138,61,53,1,3,4,6,1,0,0,0,0,0,0,0,60,976,0,1,2,0,14,0,414,1,3,Premium Spenders,1.8035030051664145,0.19124104453401194,0.08995900703441363
1960,Postgraduate,Partner,73113.0,0,0,2013-12-26,86,741,19,154,50,9,28,1,3,4,7,2,0,0,0,0,0,0,0,54,1001,0,1,2,0,15,0,185,2,3,Premium Spenders,1.9042570168647814,0.21445900961235165,0.016961797986908257
1954,Undergraduate,Single,42607.0,0,1,2013-11-17,30,156,29,56,30,32,47,2,3,2,7,3,0,0,0,0,0,0,0,60,350,1,0,2,1,14,0,224,0,0,Budget Families,0.022621830759547833,0.712223709350898,0.10818658268072451
1954,Postgraduate,Single,74637.0,0,0,2013-05-18,73,960,64,464,146,0,16,1,6,9,9,3,0,0,0,1,0,0,0,60,1650,0,0,1,0,25,1,407,2,3,Premium Spenders,2.9680030943280835,0.7508172271060093,0.8077904357103383
1955,Postgraduate,Partner,46015.0,1,1,2014-04-13,25,38,0,2,0,0,6,1,1,0,3,7,1,0,0,0,1,0,0,59,46,2,1,4,1,5,2,77,2,0,Budget Families,-1.7809818347339526,1.274438585390649,0.7523409590828368
1993,Graduate,Single,72354.0,0,0,2013-04-17,67,315,26,473,220,12,182,1,2,10,6,1,0,0,0,0,0,0,0,21,1228,0,0,1,0,19,0,438,1,3,Premium Spenders,2.1264728409487805,-2.140535677996458,0.47834901846734534
1969,Postgraduate,Single,39858.0,1,0,2013-01-24,67,15,20,25,2,7,26,1,2,0,4,6,0,0,0,0,0,0,1,45,95,1,0,2,1,7,0,521,2,2,Young Starters,-1.3086569819915774,0.002959498667339245,0.3501876475033045
1948,Postgraduate,Partner,34469.0,1,1,2014-05-04,58,19,6,20,0,5,12,3,1,1,4,4,0,0,0,0,0,0,0,66,62,2,1,4,1,9,0,56,2,0,Budget Families,-1.2370036676157878,1.95885689815089,0.02416788075985233
1986,Graduate,Partner,83033.0,1,0,2014-05-18,82,812,99,431,237,149,33,1,11,4,10,5,0,0,0,1,0,0,0,28,1761,1,1,3,1,26,1,42,1,3,Premium Spenders,2.220216156706083,-0.4949271409637587,0.1022577990992583
1979,Postgraduate,Partner,24401.0,0,0,2012-08-31,98,73,28,217,10,24,115,3,6,1,6,8,0,0,0,0,0,0,0,35,467,0,1,2,0,16,0,667,2,2,Young Starters,-0.829649328331725,-0.8655779430697501,0.39522738332874696
1978,Graduate,Partner,77583.0,0,0,2014-02-10,93,372,23,384,250,12,108,1,4,5,9,2,0,0,0,1,0,0,0,36,1149,0,1,2,0,19,1,139,1,3,Premium Spenders,2.1796222707759547,-0.8270629567880059,0.05433772708663436
1982,Undergraduate,Single,74116.0,0,0,2013-12-30,53,871,111,704,145,55,166,1,4,4,10,2,0,1,0,0,0,0,0,32,2052,0,0,1,0,19,1,181,0,3,Premium Spenders,2.8206557681365476,-1.5170123952925023,0.38063653065859687
1976,Postgraduate,Partner,68397.0,0,1,2013-11-17,6,760,80,466,17,13,80,1,6,9,5,3,0,0,0,0,0,0,0,38,1416,1,1,3,1,21,0,224,2,3,Premium Spenders,1.712200335777624,-0.7597961540395853,0.7534678237241121
1974,Postgraduate,Partner,79632.0,0,0,2014-04-08,42,471,0,510,99,21,12,1,6,4,9,2,0,0,0,0,0,0,0,40,1113,0,1,2,0,20,0,82,2,3,Premium Spenders,2.288396947520417,-0.9861871995366248,0.11320616153850287
1989,Graduate,Single,46107.0,1,0,2014-02-10,78,31,9,27,16,9,33,1,1,1,4,3,0,0,0,0,0,0,0,25,125,1,0,2,1,7,0,139,1,2,Young Starters,-0.8496639886956218,-1.3434525880582182,0.041450338130459376
1951,Postgraduate,Single,64950.0,0,1,2012-08-12,29,819,0,72,12,0,63,2,11,2,10,7,0,1,0,0,0,0,0,63,966,1,0,2,1,25,1,686,2,1,Established Families,1.0849282621023613,1.3988084629255508,0.8886569290373179
1989,Undergraduate,Partner,25443.0,1,0,2012-12-22,82,1,4,3,8,9,7,1,1,0,3,8,0,0,0,0,0,0,0,25,32,1,1,3,1,5,0,554,0,2,Young Starters,-2.354679145542003,-1.2283167101204173,0.06511800078148533
1971,Postgraduate,Partner,32892.0,1,0,2014-05-25,78,26,0,15,2,1,2,2,3,0,3,8,0,0,0,0,0,0,0,43,46,1,1,3,1,8,0,35,2,2,Young Starters,-1.8055756670179306,0.04783981106586082,0.041734273592570086
1971,Graduate,Partner,71796.0,0,0,2013-10-24,54,354,21,311,167,75,32,1,9,3,4,4,0,0,0,0,0,0,0,43,960,0,1,2,0,17,0,248,1,3,Premium Spenders,1.5038489239696555,-0.6878950043564189,0.16007189369611322
1970,Postgraduate,Partner,67536.0,0,1,2013-05-22,45,1253,0,447,23,71,35,3,11,5,11,8,0,0,0,1,0,0,0,44,1829,1,1,3,1,30,1,403,2,1,Established Families,1.8109242124247236,0.39466573405254274,0.6583645604452147
1971,Graduate,Single,55239.0,0,1,2013-07-14,59,371,17,238,23,24,106,3,7,5,11,5,0,0,0,0,0,0,0,43,779,1,0,2,1,26,0,350,1,1,Established Families,0.8777041229289013,0.23050538377804544,0.14073951430308523
1975,Postgraduate,Single,60554.0,1,0,2013-08-09,8,588,7,76,110,15,15,2,8,4,9,6,0,0,0,0,0,0,0,39,811,1,0,2,1,23,0,324,2,1,Established Families,0.6426222203607649,-0.5063118265245478,0.38923141498907937
1952,Undergraduate,Single,64831.0,1,1,2013-06-10,51,480,86,249,75,86,144,8,6,3,5,6,0,0,0,0,0,0,0,62,1120,2,0,3,1,22,0,384,0,1,Established Families,0.7624886984170406,2.096190425612885,0.2929021051779021
1962,Postgraduate,Partner,56067.0,0,1,2013-07-20,51,517,12,54,16,6,120,2,7,4,7,5,0,0,0,0,0,0,0,52,725,1,1,3,1,20,0,344,2,1,Established Families,0.5979599146569212,0.6298972406815672,0.12013324573264325
1983,Graduate,Single,82025.0,0,0,2013-05-28,76,267,98,606,48,70,98,1,3,2,6,1,0,0,1,0,0,0,1,31,1187,0,0,1,0,12,1,397,1,3,Premium Spenders,2.022440210398926,-1.5049225116473468,0.6069602724163919
1953,Graduate,Partner,94384.0,0,0,2013-03-04,62,1111,24,790,160,45,172,0,5,8,5,2,0,1,1,1,0,0,1,61,2302,0,1,2,0,18,3,482,1,3,Premium Spenders,3.761043869139858,0.5686141936190451,0.9873535733995804
1986,Undergraduate,Single,14906.0,0,0,2012-12-22,86,7,7,14,7,16,15,3,2,1,3,7,0,0,0,0,0,0,0,28,66,0,0,1,0,9,0,554,0,2,Young Starters,-1.7114297536493683,-1.6727845853177286,0.16891345080774647
1987,Postgraduate,Partner,51563.0,0,0,2012-10-01,60,1166,0,48,0,0,36,1,4,4,10,8,0,1,1,0,0,0,0,27,1250,0,1,2,0,19,2,636,2,1,Established Families,0.5641736795017271,-1.5964065617034477,0.7503642139170822
1982,Undergraduate,Partner,57937.0,0,1,2014-02-16,56,261,42,144,55,48,133,3,4,4,9,3,0,0,0,0,0,0,0,32,683,1,1,3,1,20,0,133,0,1,Established Families,0.7264471008894585,-0.7443189659863478,0.009636108351231378
1979,Graduate,Single,68274.0,1,1,2013-09-30,83,135,25,51,23,25,46,2,4,2,5,3,0,0,0,0,0,0,0,35,305,2,0,3,1,13,0,272,1,0,Budget Families,-0.15598286570609227,0.2880270765871141,0.03934267984992408
1977,Graduate,Partner,39771.0,1,0,2013-12-06,92,6,2,18,2,8,14,1,2,0,3,4,0,0,0,0,0,0,0,37,50,1,1,3,1,6,0,205,1,2,Young Starters,-1.1575500119102478,-0.4147051387354555,0.01637023270725673
1975,Undergraduate,Single,67893.0,0,1,2012-10-01,31,711,28,142,49,18,47,2,3,2,9,8,0,0,0,0,0,0,0,39,995,1,0,2,1,16,0,636,0,1,Established Families,0.24424850999399975,-0.3527181334459349,0.18527254021283118
1979,Postgraduate,Partner,27922.0,1,0,2014-05-10,80,11,0,13,2,4,11,1,2,0,3,4,0,0,0,0,0,0,0,35,41,1,1,3,1,6,0,50,2,2,Young Starters,-1.4682262588361776,-0.7095305875130838,0.025549881488574303
1976,Postgraduate,Partner,52190.0,1,1,2014-05-08,39,42,0,17,0,0,18,3,2,1,3,5,1,0,0,0,0,0,0,38,77,2,1,4,1,9,1,52,2,0,Budget Families,-1.2665777764657165,0.02300169247681413,0.21866429340315857
1973,Postgraduate,Single,44051.0,1,1,2013-01-29,20,79,7,58,6,3,18,4,3,1,4,6,0,0,0,0,0,0,1,41,171,2,0,3,1,12,0,516,2,0,Budget Families,-1.341735164709387,0.12451285041106205,0.7372673115929561
1971,Postgraduate,Single,42767.0,2,0,2013-05-11,53,20,6,43,19,5,38,1,3,1,2,8,0,0,0,0,0,0,0,43,131,2,0,3,1,7,0,414,2,0,Budget Families,-1.9972608798927753,0.5226466177927275,0.5305391779015701
1976,Postgraduate,Partner,46106.0,1,1,2014-05-11,84,30,0,8,2,0,14,1,1,1,2,6,0,0,0,0,0,0,0,38,54,2,1,4,1,5,0,49,2,0,Budget Families,-1.8177799077500045,0.3544126029539566,0.024955536872700718
1976,Postgraduate,Partner,16927.0,1,1,2013-02-10,50,20,2,23,3,1,4,5,3,0,4,8,0,0,0,0,0,0,0,38,53,2,1,4,1,12,0,504,2,0,Budget Families,-2.438996604860667,0.1658527500906564,0.3283388305868997
1965,Graduate,Partner,59754.0,0,1,2012-12-01,96,115,27,44,4,146,139,3,5,2,6,5,0,0,0,0,0,0,1,49,475,1,1,3,1,16,0,575,1,1,Established Families,0.21675752008736965,0.770978332942385,0.03415056707644033
1952,Graduate,Single,53700.0,0,1,2012-08-17,94,263,5,233,69,41,83,4,5,5,8,5,0,0,0,0,0,0,0,62,694,1,0,2,1,22,0,681,1,1,Established Families,0.7429289711787772,1.7297045191374087,0.2199833678954702
1973,Graduate,Partner,59041.0,1,1,2014-05-07,25,69,2,15,2,2,6,2,2,0,4,5,0,0,0,0,0,0,0,41,96,2,1,4,1,8,0,53,1,0,Budget Families,-1.1170247478008044,0.10379708241812406,0.0451949573276013
1957,Postgraduate,Single,54237.0,0,1,2013-04-27,48,267,3,30,4,0,57,4,5,2,5,6,0,0,0,0,0,0,0,57,361,1,0,2,1,16,0,428,2,1,Established Families,-0.09968042789560766,0.897643251414528,0.4693488958146483
1967,Graduate,Single,70647.0,0,1,2012-09-21,65,561,85,171,25,123,114,2,4,7,13,2,0,0,0,0,0,0,0,47,1079,1,0,2,1,26,0,646,1,3,Premium Spenders,2.034591138159967,0.48014039573916395,0.2771450614657482
1962,Postgraduate,Single,52597.0,0,1,2014-05-07,69,492,0,37,7,0,42,3,6,3,8,5,0,0,0,0,0,0,0,52,578,1,0,2,1,20,0,53,2,1,Established Families,0.3933558674421044,0.7848116855304661,0.03896065911983958
1969,Postgraduate,Partner,41021.0,1,0,2012-12-30,12,14,7,9,6,16,12,2,2,0,3,6,0,0,0,0,0,0,1,45,64,1,1,3,1,7,0,546,2,2,Young Starters,-1.3168418372250474,-0.4888230826887485,0.6132048843460707
1975,Postgraduate,Partner,40233.0,0,1,2013-10-14,84,80,4,46,0,17,2,5,2,1,5,6,0,0,0,0,0,0,0,39,149,1,1,3,1,13,0,258,2,2,Young Starters,-0.9675335903394859,-0.10783905846043171,0.09584528105408961
1980,Graduate,Partner,50183.0,1,1,2014-06-25,47,97,12,84,13,10,15,7,3,1,6,5,0,0,0,0,0,0,0,34,231,2,1,4,1,17,0,4,1,0,Budget Families,-0.7614457887077358,-0.00354882635317319,0.025292373456848972
1959,Graduate,Partner,54753.0,0,1,2013-09-12,87,197,107,227,7,59,131,3,5,2,11,4,0,0,0,0,0,0,0,55,728,1,1,3,1,21,0,290,1,1,Established Families,0.8291214263749476,1.1328870779672413,0.011422830395315598
1973,Graduate,Partner,92955.0,0,0,2013-08-19,35,693,21,925,31,24,84,1,6,7,9,2,0,0,1,1,0,0,1,41,1778,0,1,2,0,23,2,314,1,3,Premium Spenders,3.3538645162956886,-0.8859288556508167,0.9222311417360959
1973,Graduate,Partner,33471.0,1,0,2012-10-12,47,43,2,27,0,9,12,3,3,0,4,7,0,0,0,0,0,0,0,41,93,1,1,3,1,10,0,625,1,2,Young Starters,-1.4979823430984636,-0.36307504991548145,0.3485995425525898
1974,Postgraduate,Partner,34596.0,1,0,2013-04-13,48,14,0,2,0,0,7,1,1,0,2,8,0,0,0,0,0,0,1,40,23,1,1,3,1,4,0,442,2,2,Young Starters,-2.0521989419630984,-0.5102591718127252,0.3175889610805581
1980,Graduate,Partner,44010.0,1,0,2012-10-13,46,186,36,234,86,72,48,6,10,2,6,9,0,0,0,0,0,0,0,34,662,1,1,3,1,24,0,624,1,1,Established Families,-0.3575296014806573,-0.41345295114121056,0.4902819244370436
1988,Graduate,Partner,84219.0,0,0,2014-02-02,27,434,137,400,45,137,45,1,3,4,10,1,0,0,0,0,0,0,0,26,1198,0,1,2,0,18,0,147,1,3,Premium Spenders,2.369274241757823,-2.136470173558925,0.09799546992512148
1968,Postgraduate,Partner,40706.0,2,1,2013-01-17,37,59,0,11,4,2,5,4,3,0,4,7,0,0,0,0,0,0,0,46,81,3,1,5,1,11,0,528,2,0,Budget Families,-2.100442895350637,1.3088521630891043,0.2636263586306545
1988,Undergraduate,Partner,15716.0,1,0,2012-11-12,8,16,5,30,8,7,26,3,3,0,4,8,0,0,0,0,0,1,0,26,92,1,1,3,1,10,0,594,0,2,Young Starters,-2.246671373505453,-1.7608240417249805,0.41117537074029076
1959,Undergraduate,Single,59052.0,0,1,2013-11-17,29,230,35,75,63,57,31,3,7,1,7,5,0,0,0,0,0,0,0,55,491,1,0,2,1,18,0,224,0,1,Established Families,0.3809419030227671,0.6100825748575445,0.07294827570282766
1971,Postgraduate,Partner,80573.0,0,0,2012-10-14,85,829,138,430,60,92,15,1,4,6,13,2,0,0,0,0,0,0,0,43,1564,0,1,2,0,24,0,623,2,3,Premium Spenders,2.9654043995402932,-0.3191858476801741,0.1673940891233945
1962,Graduate,Partner,83715.0,0,0,2014-02-03,2,318,8,407,150,35,8,1,2,8,13,0,0,0,0,0,0,0,0,52,926,0,1,2,0,24,0,146,1,3,Premium Spenders,2.9039970883088104,-0.5063088242147955,0.09393779724004807
1959,Postgraduate,Partner,82576.0,0,0,2012-08-01,66,1206,55,445,168,18,18,1,2,4,12,1,0,0,1,0,0,0,0,55,1910,0,1,2,0,19,1,697,2,3,Premium Spenders,3.307015490110741,0.14921896476902455,0.2849873386399366
1952,Graduate,Partner,35704.0,1,1,2014-01-03,54,30,9,12,2,11,30,3,2,0,4,4,0,0,0,0,0,0,0,62,94,2,1,4,1,9,0,177,1,0,Budget Families,-1.2230727162072277,1.6574857114022017,0.02343807426512934
1954,Graduate,Partner,53103.0,0,1,2013-09-12,70,729,17,133,11,0,195,5,10,6,7,7,1,0,0,0,0,0,0,60,1085,1,1,3,1,28,1,290,1,1,Established Families,1.055123049498092,1.5806665993818891,0.4203902048057172
1960,Undergraduate,Single,46779.0,1,1,2013-07-12,55,12,1,3,0,0,7,1,0,1,2,4,0,0,0,0,0,0,0,54,23,2,0,3,1,4,0,352,0,0,Budget Families,-1.394185947613968,1.0641858865969531,0.058815127001653845
1965,Graduate,Single,4861.0,0,0,2014-06-22,20,2,1,1,1,0,1,0,0,0,0,14,0,0,0,0,0,0,0,49,6,0,0,1,0,0,0,7,1,2,Young Starters,-3.461721021332864,-0.8128021099021688,0.6465447739646834
1979,Postgraduate,Single,33462.0,1,0,2013-08-07,78,22,3,18,0,0,11,1,2,0,3,7,0,0,0,0,0,0,0,35,54,1,0,2,1,6,0,326,2,2,Young Starters,-1.8200235976453265,-0.5769465574295211,0.22578891707463125
1950,Graduate,Partner,80763.0,0,0,2013-08-15,17,674,168,108,192,42,231,1,5,11,6,3,0,0,1,1,0,0,1,64,1415,0,1,2,0,23,2,318,1,3,Premium Spenders,2.8291663206676025,0.5040069113554115,0.9490063551114043
1974,Postgraduate,Partner,65352.0,0,1,2013-08-21,43,284,3,84,4,7,23,2,4,2,8,4,0,0,0,0,0,0,0,40,405,1,1,3,1,16,0,312,2,1,Established Families,0.35054779103760436,-0.3289631290729739,0.06262186411393167
1978,Postgraduate,Partner,82170.0,0,0,2013-11-25,13,1023,93,651,49,55,37,1,5,6,7,2,0,0,0,0,0,0,0,36,1908,0,1,2,0,19,0,216,2,3,Premium Spenders,2.9232006934902586,-1.5681976388443049,0.47082451387526
1969,Graduate,Partner,75759.0,0,0,2013-10-25,46,1394,22,708,89,91,182,1,9,7,9,5,1,0,1,1,0,0,1,45,2486,0,1,2,0,26,3,247,1,3,Premium Spenders,3.2758000316655855,-0.42982531405086444,0.9815866522914558
1976,Undergraduate,Single,79689.0,0,0,2013-05-12,65,311,26,640,180,37,121,1,4,9,13,2,0,0,0,0,0,0,0,38,1315,0,0,1,0,27,0,413,0,3,Premium Spenders,2.849092205943387,-0.7588202766854115,0.1903419146521576
1956,Postgraduate,Single,35340.0,1,1,2014-06-29,1,27,0,12,0,1,5,2,2,0,3,5,0,0,0,0,0,0,0,58,45,2,0,3,1,7,0,0,2,0,Budget Families,-1.6042104823147867,0.904767578958466,0.3369333603897849
1954,Graduate,Single,85683.0,0,0,2014-03-21,6,1296,17,311,45,69,51,1,2,4,10,1,0,1,1,1,1,0,1,60,1789,0,0,1,0,17,4,100,1,3,Premium Spenders,3.2040556741068387,-0.0852974871432249,0.985656761466387
1972,Undergraduate,Partner,24884.0,1,0,2012-11-29,32,3,6,7,0,0,3,1,0,0,3,7,0,0,0,0,0,0,0,42,19,1,1,3,1,4,0,577,0,2,Young Starters,-2.1023409006178806,-0.6055114788604168,0.19456938120991873
1981,Postgraduate,Partner,42021.0,1,0,2012-08-31,34,393,5,136,7,5,27,5,10,1,6,9,1,0,0,0,0,0,0,33,573,1,1,3,1,22,1,667,2,1,Established Families,-0.60845867076171,-0.6404498129586348,0.9075240023792203
1989,Graduate,Single,64449.0,1,0,2014-02-18,70,218,63,282,137,35,70,4,5,3,12,4,0,0,0,0,0,0,0,25,805,1,0,2,1,24,0,131,1,1,Established Families,0.9798307126796316,-0.9300767417104016,0.03191904897247179
1954,Graduate,Single,64587.0,1,1,2014-06-22,49,66,0,16,0,6,20,2,1,1,4,3,0,0,0,0,0,0,0,60,108,2,0,3,1,8,0,7,1,0,Budget Families,-0.4435387190912965,1.5381823453658228,0.03406856375584428
1978,Graduate,Partner,75437.0,0,0,2013-11-09,25,795,0,545,95,58,0,1,8,4,10,6,0,0,0,1,0,0,0,36,1493,0,1,2,0,23,1,232,1,3,Premium Spenders,1.9842822468738406,-1.2067067956958322,0.5783209891781991
1973,Graduate,Partner,52845.0,1,0,2013-08-13,7,384,25,292,130,41,64,3,8,8,6,6,1,0,0,0,0,0,0,41,936,1,1,3,1,25,1,320,1,1,Established Families,0.7034387874063395,-0.37415491857480393,0.8210681692677744
1956,Graduate,Single,46086.0,0,1,2013-11-03,34,244,8,32,7,2,50,4,3,1,8,4,0,0,0,0,0,0,0,58,343,1,0,2,1,16,0,238,1,1,Established Families,0.029454528757479292,0.718446337802416,0.08247830629912581
1956,Postgraduate,Single,78028.0,0,1,2012-09-10,38,158,19,288,25,0,38,1,6,4,9,7,0,1,1,0,0,0,1,58,528,1,0,2,1,20,2,657,2,1,Established Families,0.6803479402035623,1.1061355219976206,0.982451913843683
1987,Postgraduate,Single,95169.0,0,0,2013-10-09,1,1285,21,449,106,20,20,1,4,3,4,1,0,0,1,1,0,0,1,27,1901,0,0,1,0,12,2,263,2,3,Premium Spenders,2.8886939786677517,-2.430045855256981,0.9797792680261714
1981,Undergraduate,Partner,56337.0,1,1,2013-03-27,25,349,16,144,28,5,182,5,8,5,4,8,1,0,0,1,0,0,1,33,724,2,1,4,1,22,2,459,0,1,Established Families,-0.4139340858271602,-0.023395824583059662,0.9412853183474635
1987,Graduate,Partner,22434.0,1,0,2013-02-13,25,4,12,11,3,13,15,2,2,0,3,8,0,0,0,0,0,0,0,27,58,1,1,3,1,7,0,501,1,2,Young Starters,-2.2767301663677184,-1.5782193902693877,0.40633936792612774
1954,Postgraduate,Partner,36930.0,0,1,2013-05-17,50,223,2,31,0,2,39,5,5,2,4,8,0,0,0,0,0,0,0,60,297,1,1,3,1,16,0,408,2,0,Budget Families,-0.8605831955983854,1.1292936480839924,0.4239089712985194
1954,Graduate,Single,36130.0,0,1,2013-02-02,46,157,43,127,68,56,37,6,3,8,4,4,1,0,0,0,0,0,1,60,488,1,0,2,1,21,1,512,1,1,Established Families,0.229517415610794,1.0273890890311594,0.8917150706889927
1953,Postgraduate,Partner,65569.0,0,1,2012-11-05,96,397,46,288,20,38,70,2,6,5,10,3,0,0,0,0,0,0,0,61,859,1,1,3,1,23,0,601,2,1,Established Families,1.540948533747413,1.6633663996290695,0.06685739017104586
1968,Graduate,Partner,19514.0,1,1,2014-01-26,47,14,3,21,2,1,28,4,3,1,2,8,1,0,0,0,0,0,0,46,69,2,1,4,1,10,1,154,1,0,Budget Families,-2.3962226477463804,0.6407461349225236,0.35087169750039493
1963,Postgraduate,Single,36736.0,1,1,2013-05-10,52,10,0,3,0,0,4,1,1,0,2,6,0,0,0,0,0,0,0,51,17,2,0,3,1,4,0,415,2,0,Budget Families,-1.9975950514647456,0.8761166496596046,0.3162666570014853
1979,Graduate,Partner,77568.0,0,1,2012-08-25,30,1230,0,396,232,178,158,1,10,2,8,5,0,1,1,1,0,0,0,35,2194,1,1,3,1,21,3,673,1,3,Premium Spenders,2.2372607502787027,-0.6564274295877166,0.9898163626741318
1976,Postgraduate,Partner,49187.0,0,1,2014-01-11,63,81,1,31,2,1,0,1,1,1,5,2,0,0,0,0,0,0,0,38,116,1,1,3,1,8,0,169,2,2,Young Starters,-0.4286050149004901,-0.6101920784960966,0.022523910567786024
1978,Graduate,Single,30168.0,1,0,2013-03-07,51,154,20,66,0,12,27,7,6,1,4,9,0,0,0,0,0,0,0,36,279,1,0,2,1,18,0,479,1,2,Young Starters,-1.3362812080571196,-0.4156729094039861,0.7229678685143294
1968,Postgraduate,Partner,34053.0,0,1,2012-09-10,14,63,0,21,7,0,12,1,3,0,3,8,0,0,0,0,0,0,0,46,103,1,1,3,1,7,0,657,2,2,Young Starters,-1.766367035462312,-0.35122925504607844,0.7543792043692987
1971,Postgraduate,Partner,38196.0,1,1,2014-04-18,20,30,0,11,0,0,3,3,2,0,4,5,0,0,0,0,0,0,0,43,44,2,1,4,1,9,0,72,2,0,Budget Families,-1.576243577180786,0.12725542615381777,0.08710247711782505
1951,Postgraduate,Partner,59412.0,0,0,2014-04-19,56,90,67,165,30,43,11,1,4,2,8,3,0,0,0,0,0,0,0,63,406,0,1,2,0,15,0,71,2,1,Established Families,0.9969070699528759,0.5586008791479035,0.017329239976850257
1965,Undergraduate,Partner,70924.0,0,0,2014-04-07,41,635,114,254,132,152,76,1,6,6,7,3,0,0,1,0,0,0,0,49,1363,0,1,2,0,20,1,83,0,3,Premium Spenders,2.2258983588328607,-0.39783333712760865,0.24338203570816122
1969,Graduate,Partner,54165.0,0,0,2013-05-28,72,127,4,73,15,6,11,1,2,1,7,2,0,0,0,0,0,0,0,45,236,0,1,2,0,11,0,397,1,3,Premium Spenders,0.47535154550942665,-0.6572865250139761,0.0279508268905836
1973,Graduate,Partner,32300.0,1,0,2013-01-03,1,13,3,6,6,5,6,1,1,0,3,8,0,0,0,0,0,0,0,41,39,1,1,3,1,5,0,542,1,2,Young Starters,-2.0324541458208873,-0.8564632679804836,0.5843601852483211
1976,Graduate,Single,20180.0,0,0,2013-02-20,27,18,42,24,15,20,18,1,2,1,4,7,0,0,0,0,0,0,0,38,137,0,0,1,0,8,0,494,1,2,Young Starters,-1.4888478129517357,-1.5383883168949726,0.6786826950836897
1973,Graduate,Partner,34961.0,1,0,2014-06-19,77,45,2,26,4,1,1,3,3,1,3,7,0,0,0,0,0,0,0,41,79,1,1,3,1,10,0,10,1,2,Young Starters,-1.4697248877703841,-0.08402379315903098,0.0238914800271713
1974,Postgraduate,Partner,28440.0,1,0,2013-07-07,87,38,1,24,0,0,0,1,2,0,3,8,0,0,0,0,0,0,0,40,63,1,1,3,1,6,0,357,2,2,Young Starters,-2.0415979976131977,-0.13926654837146105,0.0875902072333964
1953,Postgraduate,Partner,64504.0,1,2,2013-03-04,81,986,36,168,16,0,108,7,11,3,4,7,0,0,0,0,0,0,1,61,1314,3,1,5,1,25,0,482,2,1,Established Families,0.48782883975999936,3.087528154522428,0.1276998038457811
1966,Postgraduate,Partner,33564.0,0,1,2014-06-24,51,61,0,3,0,0,7,1,1,1,3,5,0,0,0,0,0,0,0,48,71,1,1,3,1,6,0,5,2,2,Young Starters,-1.3423269474493607,-0.032347213807422955,0.05785298068123426
1978,Graduate,Partner,17345.0,1,0,2012-11-03,79,4,9,16,17,0,12,2,2,1,2,8,0,0,0,0,0,0,0,36,58,1,1,3,1,7,0,603,1,2,Young Starters,-2.293638619788996,-0.5059653445133234,0.18645725483308814
1967,Postgraduate,Partner,56320.0,0,1,2013-04-08,11,201,53,172,116,77,83,3,5,4,9,4,0,0,0,0,0,0,0,47,702,1,1,3,1,21,0,447,2,1,Established Families,0.7473913846718291,-0.08567756689801495,0.342971841573564
1978,Graduate,Single,28647.0,1,0,2013-08-21,54,19,8,29,0,12,26,1,2,2,2,7,1,0,0,0,0,0,1,36,94,1,0,2,1,7,1,312,1,2,Young Starters,-1.8354621019343451,-0.7269476437835973,0.709177317312298
1987,Undergraduate,Single,15038.0,1,0,2013-01-29,93,4,8,11,19,12,26,2,2,1,2,9,0,0,0,0,0,0,0,27,80,1,0,2,1,7,0,516,0,2,Young Starters,-2.5858629429478333,-0.9532325813696891,0.177417476516925
1958,Postgraduate,Single,32173.0,0,1,2013-08-01,0,18,0,2,0,0,2,1,1,0,3,4,0,0,0,0,0,0,0,56,22,1,0,2,1,5,0,332,2,0,Budget Families,-1.2349198589262231,-0.025812348204004975,0.6014973241808238
1964,Undergraduate,Partner,68316.0,0,1,2012-11-04,54,806,80,161,120,11,33,5,10,7,10,6,0,0,0,0,0,0,0,50,1211,1,1,3,1,32,0,602,0,1,Established Families,1.8100892573408651,0.8746380148245934,0.12083320585655295
1971,Graduate,Partner,74538.0,0,0,2013-06-29,21,380,98,733,110,112,28,1,8,8,5,3,0,0,1,0,0,0,1,43,1461,0,1,2,0,22,1,365,1,3,Premium Spenders,2.44420122654573,-0.9248714428496578,0.9599448304797393
1971,Graduate,Single,91700.0,0,0,2013-01-17,58,576,172,961,125,115,19,1,8,6,5,3,0,0,0,0,0,0,1,43,1968,0,0,1,0,20,0,528,1,3,Premium Spenders,3.1737700650116434,-0.5850970020464378,0.8536576681110496
1969,Graduate,Partner,68695.0,0,0,2014-06-25,3,458,81,356,106,50,40,1,4,4,7,2,0,0,0,0,0,0,0,45,1091,0,1,2,0,16,0,4,1,3,Premium Spenders,1.8262502983004647,-1.1433483202733805,0.15689999798228632
1977,Undergraduate,Partner,31056.0,1,0,2013-01-22,99,5,10,13,3,8,16,1,1,0,3,8,0,0,0,0,0,0,0,37,55,1,1,3,1,5,0,523,0,2,Young Starters,-2.0737521522535474,-0.24369452514141002,0.030098678128791294
1980,Graduate,Single,28071.0,0,0,2012-08-29,65,39,33,130,41,26,44,2,5,1,5,8,0,0,0,0,0,0,0,34,313,0,0,1,0,13,0,669,1,2,Young Starters,-1.0635849943615063,-1.2781772922900756,0.6941615966643809
1958,Postgraduate,Partner,37334.0,1,1,2014-02-26,44,26,1,16,2,2,15,4,3,0,4,4,0,0,0,0,0,0,0,56,62,2,1,4,1,11,0,123,2,0,Budget Families,-1.161066095880596,1.2185800596046308,0.051756810917901096
1972,Postgraduate,Single,46423.0,1,1,2013-09-18,6,68,0,16,0,0,8,3,2,0,4,7,0,0,0,0,0,0,0,42,92,2,0,3,1,9,0,284,2,0,Budget Families,-1.6826227926263417,0.05163145952686567,0.613035422122664
1971,Postgraduate,Partner,37126.0,1,0,2014-03-30,9,45,3,9,4,4,7,1,1,2,2,6,1,0,0,0,0,0,1,43,72,1,1,3,1,6,1,91,2,2,Young Starters,-1.4812155730830436,-0.6912654496891577,0.7045232000501331
1953,Graduate,Partner,47703.0,0,1,2013-05-29,95,359,0,134,13,26,123,4,6,3,8,5,0,0,0,0,0,0,0,61,655,1,1,3,1,21,0,396,1,1,Established Families,0.4998710427405558,1.6237855912625367,0.02616283024931125
1959,Graduate,Partner,61180.0,0,1,2014-04-23,70,403,24,29,6,24,218,2,5,5,6,3,1,0,0,0,0,0,0,55,704,1,1,3,1,18,1,67,1,1,Established Families,0.9490702190693914,0.8960597178274669,0.07344936701679773
1954,Graduate,Partner,38998.0,1,1,2012-11-03,92,34,1,14,0,0,5,3,2,0,3,8,0,0,0,0,0,1,0,60,54,2,1,4,1,8,0,603,1,0,Budget Families,-1.9097161248179244,2.029762491945754,0.05727566009306262
1991,Graduate,Single,8028.0,0,0,2012-09-18,62,73,18,66,7,12,2,15,0,1,0,19,0,0,0,0,0,0,0,23,178,0,0,1,0,16,0,649,1,2,Young Starters,-3.404793385318958,-1.5911492254311832,0.9915578277620547
1962,Graduate,Partner,76081.0,0,0,2014-05-23,85,292,30,415,63,33,200,1,4,5,4,2,0,0,0,1,0,0,0,52,1033,0,1,2,0,14,1,37,1,3,Premium Spenders,1.922911986955606,0.05911603662746532,0.17874413376403742
1986,Graduate,Partner,34728.0,1,0,2013-07-30,2,14,0,16,0,0,6,1,1,1,2,6,0,0,0,0,0,0,1,28,36,1,1,3,1,5,0,334,1,2,Young Starters,-1.7847471533322916,-1.7955692779663377,0.3838945278873755
1965,Postgraduate,Single,33168.0,0,1,2012-10-13,0,80,1,37,0,1,3,3,2,1,4,7,0,0,0,0,0,0,0,49,122,1,0,2,1,10,0,624,2,2,Young Starters,-1.4043498865391193,-0.2536488859806973,0.929251638183374
1966,Postgraduate,Partner,33585.0,0,1,2013-09-25,91,30,11,33,13,6,29,1,2,0,4,4,0,0,0,0,0,0,0,48,122,1,1,3,1,7,0,277,2,0,Budget Families,-1.0693821313498844,0.3086879726785845,0.02639856406172344
1960,Postgraduate,Partner,77037.0,0,1,2013-10-13,3,463,96,333,168,53,10,1,7,7,12,3,0,0,0,0,0,0,0,54,1123,1,1,3,1,27,0,259,2,1,Established Families,2.179422817226482,0.4806618096646979,0.23112962679580237
1984,Graduate,Partner,35196.0,1,0,2012-11-13,68,75,12,141,43,39,187,6,6,1,5,8,0,0,0,0,0,0,1,30,497,1,1,3,1,18,0,593,1,2,Young Starters,-0.9267459567201064,-0.6958612373444726,0.4188796221707275
1966,Graduate,Partner,44529.0,0,1,2013-07-05,98,538,13,91,17,6,26,6,6,2,11,5,0,1,0,0,0,0,0,48,691,1,1,3,1,25,1,359,1,1,Established Families,0.5506370267451809,0.8540968732347551,0.02530644342931393
1966,Postgraduate,Partner,28764.0,1,1,2014-06-05,16,8,0,3,0,0,1,1,1,0,2,8,1,0,0,0,0,0,0,48,12,2,1,4,1,4,1,24,2,0,Budget Families,-2.556715979391159,0.3980667703600355,0.39326898202011457
1949,Postgraduate,Partner,69098.0,0,0,2013-02-16,82,1315,22,780,145,0,178,1,7,8,9,5,0,0,0,0,0,0,0,65,2440,0,1,2,0,25,0,498,2,3,Premium Spenders,3.237042516903189,1.1911465175994527,0.41829523780523575
1970,Undergraduate,Single,25959.0,1,1,2013-02-14,1,4,2,12,7,5,26,2,1,2,2,6,0,0,0,0,0,0,1,44,56,2,0,3,1,7,0,500,0,0,Budget Families,-2.12775724648636,-0.03615159473718583,0.5188576497244872
1983,Postgraduate,Partner,27100.0,1,0,2013-04-05,64,12,0,13,2,0,10,1,1,0,3,7,0,0,0,0,0,0,0,31,37,1,1,3,1,5,0,450,2,2,Young Starters,-2.0868604560676944,-1.0232022053347853,0.17536490863235474
1985,Graduate,Single,70596.0,0,0,2012-10-05,68,347,44,534,17,0,26,1,3,5,12,2,0,0,0,0,0,0,0,29,968,0,0,1,0,21,0,632,1,3,Premium Spenders,1.8976898682648626,-1.4998295198513427,0.2514582863703399
1974,Graduate,Partner,42557.0,0,1,2012-08-29,98,192,5,53,0,5,15,4,6,1,4,8,0,0,0,0,0,0,0,40,270,1,1,3,1,15,0,669,1,2,Young Starters,-1.0100072337007757,0.22189155832610846,0.20237698801781623
1951,Postgraduate,Partner,53312.0,0,0,2013-08-09,32,241,0,12,0,0,25,1,5,1,5,7,0,0,0,0,0,0,0,63,278,0,1,2,0,12,0,324,2,1,Established Families,-0.09170663390529252,0.4200211991281457,0.17242712859732032
1952,Graduate,Single,72228.0,0,0,2012-11-27,87,631,28,491,30,14,56,1,6,7,8,3,0,0,0,0,0,0,0,62,1250,0,0,1,0,22,0,579,1,3,Premium Spenders,2.4195040110173114,0.9509617394478633,0.40903780070987517
1987,Graduate,Partner,67605.0,0,0,2013-03-31,84,336,28,282,184,54,54,1,2,8,6,1,0,0,0,0,0,0,0,27,938,0,1,2,0,17,0,455,1,3,Premium Spenders,1.7167911901402715,-1.6364650682258615,0.07363550607359386
1949,Postgraduate,Partner,62845.0,1,1,2012-10-01,3,1099,0,45,0,0,34,11,3,4,10,8,0,1,0,0,0,0,0,65,1178,2,1,4,1,28,1,636,2,1,Established Families,0.8057298529552697,2.0758050530708205,0.907686694085293
1958,Graduate,Partner,65196.0,0,2,2013-07-25,34,743,19,181,12,0,200,2,7,6,11,5,1,0,0,0,0,0,0,56,1155,2,1,4,1,26,1,339,1,1,Established Families,1.1305710471933854,1.5892959643401898,0.2210896464312051
1987,Postgraduate,Single,42000.0,0,0,2013-01-10,23,124,83,267,85,59,35,2,5,2,11,5,0,0,0,0,0,0,1,27,653,0,0,1,0,20,0,535,2,2,Young Starters,0.3730827417003129,-2.0487923209769314,0.7410513915555875
1973,Postgraduate,Single,35860.0,1,1,2014-05-19,37,15,0,8,4,2,20,2,1,1,2,5,1,0,0,0,0,0,0,41,49,2,0,3,1,6,1,41,2,0,Budget Families,-1.81839200169776,0.06648659732680601,0.4873166901551693
1964,Postgraduate,Partner,65526.0,0,1,2014-04-11,22,397,19,69,12,0,9,1,4,4,8,2,0,0,0,0,0,0,0,50,506,1,1,3,1,17,0,79,2,1,Established Families,0.9289707516463453,0.08780539401082643,0.03172667889685371
1961,Graduate,Partner,16860.0,1,1,2012-09-12,19,10,4,4,3,3,14,3,1,1,3,7,0,0,0,0,0,0,0,53,38,2,1,4,1,8,0,655,1,0,Budget Families,-2.367622200556427,0.7587612856651704,0.46397475737911853
1992,Graduate,Single,83528.0,0,0,2014-05-01,7,530,117,678,134,44,147,1,4,10,8,1,1,0,0,1,0,0,1,22,1650,0,0,1,0,23,2,59,1,3,Premium Spenders,2.982371210304584,-2.495048806959629,0.9656764598643929
1965,Undergraduate,Single,64176.0,0,1,2012-08-03,52,1215,33,249,64,116,149,8,8,9,8,6,0,0,0,0,0,0,0,49,1826,1,0,2,1,33,0,695,0,1,Established Families,2.284621893875057,0.7648936621508315,0.6728247361391048
1956,Graduate,Single,22304.0,0,0,2012-08-04,91,3,2,7,0,4,2,1,1,0,2,8,0,0,0,0,0,0,0,58,18,0,0,1,0,4,0,694,1,2,Young Starters,-1.7152842724927135,0.3508881481732319,0.35491589858545314
1978,Graduate,Partner,67023.0,0,0,2014-03-04,93,444,44,382,11,8,17,1,3,7,13,2,0,0,0,0,0,1,0,36,906,0,1,2,0,24,0,117,1,3,Premium Spenders,2.010914631961172,-0.745425281033163,0.0022410286834152813
1966,Graduate,Partner,70713.0,0,1,2012-12-03,23,736,114,279,82,76,190,6,5,6,8,3,0,0,0,0,0,0,0,48,1477,1,1,3,1,25,0,573,1,3,Premium Spenders,2.157501358270079,0.1671061647954384,0.6649542433200013
1955,Graduate,Partner,59925.0,0,1,2012-11-30,83,473,21,176,19,21,56,3,9,2,9,6,0,0,0,0,0,0,0,59,766,1,1,3,1,23,0,576,1,1,Established Families,0.8114751301946084,1.5177527827419135,0.056209400508188186
1953,Graduate,Partner,39722.0,0,1,2014-02-24,92,32,0,5,2,0,8,2,2,0,3,5,0,0,0,0,0,0,0,61,47,1,1,3,1,7,0,125,1,0,Budget Families,-1.0164948619528835,1.2649146931948156,0.011903251322029547
1958,Graduate,Partner,46610.0,0,0,2013-07-18,4,288,10,30,4,10,125,1,6,1,6,6,0,0,0,0,0,0,0,56,467,0,1,2,0,14,0,346,1,1,Established Families,0.11324181837254921,-0.338741994970275,0.28554145065442305
1961,Graduate,Partner,88347.0,0,0,2013-07-03,32,1050,178,555,77,138,118,1,4,7,9,1,0,0,0,1,0,0,0,53,2116,0,1,2,0,21,1,361,1,3,Premium Spenders,3.7081669529000645,-0.23136942324265236,0.6899390997791317
1981,Postgraduate,Partner,87171.0,0,0,2013-05-01,27,1001,44,107,58,44,44,1,6,7,11,2,1,0,1,0,0,0,0,33,1298,0,1,2,0,25,2,424,2,3,Premium Spenders,2.837234858438367,-1.452300297170819,0.8403840276032302
1976,Undergraduate,Partner,26907.0,1,1,2013-08-20,10,9,1,7,0,3,2,2,1,0,3,7,0,0,0,0,0,0,0,38,22,2,1,4,1,6,0,313,0,0,Budget Families,-2.417991808044227,-0.3332636064302591,0.093119157219181
1968,Postgraduate,Single,50014.0,1,0,2014-01-22,9,234,14,77,19,10,42,2,4,1,8,5,0,0,0,0,0,0,0,46,396,1,0,2,1,15,0,158,2,1,Established Families,-0.18458848736903832,-0.2813587469612428,0.23479611593918784
1978,Postgraduate,Partner,41014.0,1,0,2013-04-22,65,7,2,6,2,0,3,1,1,0,2,7,0,0,0,0,0,0,0,36,20,1,1,3,1,4,0,433,2,2,Young Starters,-1.7776846922037297,-0.639250570132186,0.19775117738806003
1965,Graduate,Single,66294.0,0,0,2014-03-17,68,251,108,334,65,92,117,1,4,3,5,2,0,0,0,0,0,0,0,49,967,0,0,1,0,13,0,104,1,3,Premium Spenders,1.5432481067070387,-0.3597572354286383,0.16119775144382759
1971,Graduate,Partner,36715.0,1,0,2012-11-17,16,172,10,125,21,13,16,6,7,2,4,9,0,0,0,0,0,0,1,43,357,1,1,3,1,19,0,589,1,2,Young Starters,-0.9896827801278273,-0.21377225101849875,0.8229548468505337
1956,Graduate,Partner,79456.0,0,0,2012-08-22,12,565,42,548,64,83,99,1,5,6,4,3,0,0,0,0,0,0,1,58,1401,0,1,2,0,16,0,676,1,3,Premium Spenders,2.318713688752417,-0.11277848168571744,0.8435507357494779
1982,Graduate,Partner,40479.0,1,0,2013-08-17,95,5,0,8,2,0,0,1,0,0,3,4,0,0,0,0,0,0,0,32,15,1,1,3,1,4,0,316,1,2,Young Starters,-1.3380281851392404,-0.7655442274978401,0.018043082813882245
1970,Postgraduate,Single,75345.0,0,0,2013-02-02,16,918,57,842,99,38,133,1,5,8,6,3,0,0,0,1,0,0,1,44,2087,0,0,1,0,20,1,512,2,3,Premium Spenders,2.8924167777554564,-0.9759143459761453,0.9929937590820582
1977,Graduate,Partner,54233.0,0,1,2013-02-04,46,652,8,158,21,0,142,4,11,6,5,8,0,0,0,0,0,0,0,37,981,1,1,3,1,26,0,510,1,1,Established Families,0.4679715865457767,-0.17789637391917903,0.49739610468726436
1970,Graduate,Single,24163.0,1,1,2013-10-12,3,4,1,7,2,1,2,2,1,0,3,4,0,0,0,0,0,0,0,44,17,2,0,3,1,6,0,260,1,0,Budget Families,-1.9318909351188855,-0.13198818944693808,0.29204120964657726
1958,Postgraduate,Partner,84460.0,0,0,2013-01-04,80,152,27,103,106,54,81,0,9,9,4,5,0,1,1,1,1,0,1,56,523,0,1,2,0,22,4,541,2,1,Established Families,1.6943252851908925,0.6572109367912359,0.9977209492275572
1983,Graduate,Partner,43776.0,1,0,2014-05-03,77,8,0,9,2,1,3,1,1,0,2,6,0,0,0,0,0,0,0,31,23,1,1,3,1,4,0,57,1,2,Young Starters,-1.5957601672132657,-0.8971383644801754,0.014558627468198347
1958,Postgraduate,Single,71691.0,0,0,2014-03-17,0,336,130,411,240,32,43,1,4,7,5,2,0,0,0,0,0,0,1,56,1192,0,0,1,0,17,0,104,2,3,Premium Spenders,2.1558545687709776,-0.39916093849484807,0.6692124296945812
1973,Postgraduate,Partner,85844.0,0,0,2014-05-29,62,938,19,843,25,95,38,1,6,6,7,2,0,0,1,0,0,0,0,41,1958,0,1,2,0,20,1,31,2,3,Premium Spenders,3.1710360596192158,-0.7509225922190699,0.5233151555173581
1974,Postgraduate,Single,39190.0,1,0,2014-04-26,91,68,8,18,19,8,12,2,2,1,4,5,0,0,0,0,0,0,0,40,133,1,0,2,1,9,0,64,2,2,Young Starters,-1.0604894005119143,-0.11638562277328647,0.03655569571817266
1972,Postgraduate,Single,38578.0,1,1,2013-06-22,2,38,4,22,3,3,3,3,3,0,3,8,0,0,0,0,0,0,0,42,73,2,0,3,1,9,0,372,2,0,Budget Families,-2.0494178826171865,0.02419600091261494,0.7969515853363702
1965,Postgraduate,Partner,57236.0,1,1,2014-03-12,22,105,0,9,2,1,4,3,2,1,4,3,0,0,0,0,0,0,0,49,121,2,1,4,1,10,0,109,2,0,Budget Families,-0.6105724637244995,0.5673866066813026,0.08190622325888015
1979,Graduate,Single,61825.0,0,1,2013-08-07,56,162,50,100,55,30,27,1,4,2,8,4,0,0,0,0,0,0,0,35,424,1,0,2,1,15,0,326,1,1,Established Families,0.17549328397195488,-0.5870963742829464,0.06487017636968467
1958,Graduate,Single,79803.0,0,1,2014-06-02,54,574,8,216,21,16,33,1,4,3,5,1,0,0,0,0,0,0,0,56,868,1,0,2,1,13,0,27,1,3,Premium Spenders,1.577629988028853,0.691199791790157,0.049468310325023586
1986,Undergraduate,Single,80910.0,0,0,2012-10-31,71,160,80,369,67,39,41,1,3,3,8,1,0,0,0,0,0,0,0,28,756,0,0,1,0,15,0,606,0,3,Premium Spenders,1.7686268588385707,-1.6664243215009116,0.11896110103935227
1982,Postgraduate,Partner,27590.0,1,0,2013-04-23,38,6,0,5,0,0,1,1,1,0,2,7,0,0,0,0,0,0,0,32,12,1,1,3,1,4,0,432,2,2,Young Starters,-2.1481959920499376,-1.2114646615275921,0.34205592586028843
1979,Graduate,Partner,56775.0,0,1,2013-01-02,62,614,35,160,58,35,35,2,5,8,10,5,0,0,0,0,0,0,0,35,937,1,1,3,1,25,0,543,1,1,Established Families,0.9079522889857994,-0.3044361131203408,0.055699298398423414
1975,Graduate,Single,83829.0,0,0,2013-10-08,78,897,161,430,186,161,27,0,4,7,6,1,1,0,1,1,0,0,1,39,1862,0,0,1,0,17,3,264,1,3,Premium Spenders,3.01450462389922,-0.8568415344474891,0.9184277181118661
1979,Undergraduate,Partner,54210.0,0,1,2013-05-20,18,70,54,109,80,9,45,2,4,1,7,5,0,0,0,0,0,0,0,35,367,1,1,3,1,14,0,405,0,2,Young Starters,-0.2817074839663162,-0.9430569102766058,0.1374856539344558
1986,Graduate,Partner,38508.0,1,0,2013-08-02,95,120,19,206,25,19,54,6,7,2,5,8,0,0,0,0,0,0,0,28,443,1,1,3,1,20,0,331,1,2,Young Starters,-0.7956819440035487,-0.5220461947687072,0.1424645874756514
1970,Graduate,Partner,53187.0,1,0,2013-10-26,66,211,2,30,7,7,10,2,4,1,6,5,0,0,0,0,0,0,0,44,267,1,1,3,1,13,0,246,1,0,Budget Families,-0.34667068599743617,0.07419862440712735,0.026175621211936412
1972,Graduate,Partner,30023.0,1,0,2014-03-24,28,11,0,16,7,6,21,1,2,0,3,8,0,0,0,0,0,0,0,42,61,1,1,3,1,6,0,97,1,2,Young Starters,-1.9947809737901163,-0.5323331500255112,0.1096637130784704
1960,Postgraduate,Single,76045.0,0,0,2013-11-15,78,760,53,400,17,93,0,1,4,5,11,2,0,0,0,1,0,0,0,54,1323,0,0,1,0,21,1,226,2,3,Premium Spenders,2.5935233999886007,0.27903278787950175,0.35706320673358677
1952,Postgraduate,Partner,50870.0,0,1,2014-06-19,13,53,0,8,0,0,2,1,2,0,3,5,0,0,0,0,0,0,0,62,63,1,1,3,1,6,0,10,2,0,Budget Families,-0.7997726877114466,0.641223067432523,0.12231332434191212
1974,Undergraduate,Partner,65463.0,1,0,2014-01-30,17,391,32,70,21,32,16,2,6,2,9,5,0,1,0,0,0,0,0,40,562,1,1,3,1,19,1,150,0,1,Established Families,0.4915711332948896,-0.45944503276428117,0.11411116222531244
1965,Graduate,Partner,66480.0,1,1,2014-05-31,71,199,9,57,20,21,6,7,4,1,7,4,0,0,0,0,0,0,0,49,312,2,1,4,1,19,0,29,1,1,Established Families,0.13403248552446412,1.2945875218684595,0.004487568624867687
1954,Graduate,Single,76773.0,0,0,2013-02-25,79,516,56,449,86,33,16,1,2,2,11,1,0,0,0,0,0,0,0,60,1156,0,0,1,0,16,0,489,1,3,Premium Spenders,2.4071118007159336,0.5441243003989401,0.06138901066364775
1983,Undergraduate,Single,81698.0,0,0,2013-03-01,1,709,45,115,30,160,45,1,8,2,5,5,0,0,0,1,0,0,1,31,1104,0,0,1,0,16,1,485,0,3,Premium Spenders,1.5040662571352301,-1.91955299029371,0.9168967244738235
1973,Postgraduate,Single,54466.0,1,1,2014-02-09,78,12,0,4,0,0,0,1,1,0,2,5,0,0,0,0,0,0,0,41,16,2,0,3,1,4,0,140,2,0,Budget Families,-1.5154364300868854,0.4747167479461855,0.060535031541795466
1984,Postgraduate,Single,16269.0,1,0,2013-08-30,75,19,3,18,3,1,0,3,3,0,3,8,0,0,0,0,0,0,0,30,44,1,0,2,1,9,0,303,2,2,Young Starters,-2.2791990238614677,-0.9032439758000328,0.35589721370524985
1971,Graduate,Partner,71819.0,0,1,2013-08-28,70,1224,28,140,0,14,168,3,3,3,5,6,0,1,1,0,0,0,0,43,1574,1,1,3,1,14,2,305,1,1,Established Families,1.093801568349541,0.12796754187610487,0.3681368937522191
1983,Postgraduate,Partner,33569.0,1,0,2013-10-16,10,16,2,18,3,0,24,1,1,1,2,8,1,0,0,0,0,0,1,31,63,1,1,3,1,5,1,256,2,2,Young Starters,-2.08527983767498,-1.443025706519533,0.8004455009899386
1983,Postgraduate,Partner,36262.0,0,0,2013-09-20,24,88,39,54,64,28,153,1,3,5,3,6,1,0,0,0,0,0,1,31,426,0,1,2,0,12,1,282,2,2,Young Starters,-0.540451647377029,-1.928853860091639,0.9074373784762741
1966,Undergraduate,Partner,22634.0,0,0,2013-01-16,47,2,23,11,8,6,46,1,2,1,2,8,0,0,0,0,0,0,0,48,96,0,1,2,0,6,0,529,0,2,Young Starters,-1.6376146815234824,-0.6760934657063588,0.2880524173090448
1978,Undergraduate,Partner,47025.0,0,1,2013-09-12,98,508,11,59,23,5,29,5,11,1,6,9,0,0,0,0,0,0,0,36,635,1,1,3,1,23,0,290,0,1,Established Families,-0.3373999273719829,0.18350152764773647,0.01171608789452387
1968,Graduate,Single,70566.0,0,1,2013-10-06,4,381,28,215,84,28,21,2,6,5,9,3,0,0,0,0,0,0,0,46,757,1,0,2,1,22,0,266,1,1,Established Families,1.3415943282415648,-0.1755263022575352,0.26948433587844417
1979,Postgraduate,Partner,31605.0,1,0,2012-11-22,15,74,0,42,2,1,6,2,2,1,4,7,0,0,0,0,0,0,0,35,125,1,1,3,1,9,0,584,2,2,Young Starters,-1.640669974601103,-1.0895530891913383,0.6356692155147288
1973,Postgraduate,Single,52034.0,1,1,2013-05-17,67,146,0,93,7,13,73,5,4,2,5,7,0,0,0,0,0,0,0,41,332,2,0,3,1,16,0,408,2,0,Budget Families,-0.9413792145654205,0.7131422140915618,0.4462270936655484
1979,Graduate,Single,48526.0,1,0,2013-12-24,32,23,17,23,43,20,9,1,2,1,4,3,0,0,0,0,0,0,0,35,135,1,0,2,1,8,0,187,1,2,Young Starters,-0.6291112537037847,-1.0543288294182664,0.18215326509898325
1954,Graduate,Partner,46734.0,0,1,2012-11-18,40,110,5,137,26,23,29,2,6,1,5,7,0,0,0,0,0,0,0,60,330,1,1,3,1,14,0,588,1,0,Budget Families,-0.5532596985238541,0.991258899217642,0.4107862667045169
1962,Graduate,Single,39552.0,1,1,2012-12-18,54,165,3,147,4,24,41,7,6,2,5,8,0,0,0,0,0,0,1,52,384,2,0,3,1,20,0,558,1,0,Budget Families,-1.0125012384945524,1.4132672864080793,0.6557400620863391
1966,Graduate,Single,86358.0,1,1,2012-08-08,78,957,47,494,82,47,95,4,5,3,6,8,0,0,0,0,0,0,0,48,1722,2,0,3,1,18,0,690,1,1,Established Families,1.0835737698868908,1.4565454328639795,0.5394382010063249
1977,Graduate,Partner,46931.0,2,1,2014-04-24,94,41,0,17,3,1,16,2,1,1,3,3,0,0,0,0,0,0,0,37,78,3,1,5,1,7,0,66,1,0,Budget Families,-1.6135157969419849,0.9851079812479142,0.0033891540708326437
1985,Undergraduate,Single,16581.0,0,0,2013-01-12,51,1,3,4,2,3,11,1,0,0,3,4,0,0,0,0,0,0,0,29,24,0,0,1,0,4,0,533,0,2,Young Starters,-1.4980803019111057,-2.1566738554810034,0.219296290417754
1952,Undergraduate,Single,63998.0,0,0,2013-12-20,42,176,29,818,0,33,112,1,7,6,11,4,0,0,0,0,0,0,1,62,1168,0,0,1,0,25,0,191,0,3,Premium Spenders,2.156024555040208,0.6231506235396225,0.3451077914561994
1951,Postgraduate,Partner,67381.0,0,1,2013-01-15,67,815,8,53,11,0,70,4,2,2,9,7,0,1,0,0,0,0,0,63,957,1,1,3,1,17,1,530,2,1,Established Families,0.679461325576569,1.5680802560935647,0.31358733813960643
1967,Graduate,Single,25930.0,1,1,2013-10-10,87,6,1,2,2,0,4,1,1,0,2,7,0,0,0,0,0,0,0,47,15,2,0,3,1,4,0,262,1,0,Budget Families,-2.45525893300402,0.9192465365983815,0.05767635716984701
1978,Graduate,Partner,42693.0,1,0,2014-06-07,29,8,4,20,6,3,16,1,1,0,3,5,0,0,0,0,0,0,0,36,57,1,1,3,1,5,0,22,1,2,Young Starters,-1.3257085513623892,-1.0212642643587735,0.0450878173399199
1976,Graduate,Partner,85606.0,0,1,2012-11-12,89,717,42,864,219,30,84,2,6,7,9,3,0,0,0,1,0,0,0,38,1956,1,1,3,1,24,1,594,1,3,Premium Spenders,2.76723683296258,0.11177542947871842,0.5525907656533456
1985,Graduate,Single,72903.0,0,0,2013-10-29,74,1067,138,750,0,19,39,1,7,5,8,4,0,1,1,1,0,0,1,29,2013,0,0,1,0,21,3,243,1,3,Premium Spenders,2.51712089528207,-1.4007272494742147,0.980537347718597
1974,Undergraduate,Partner,49669.0,1,0,2014-05-24,97,166,5,107,11,8,29,2,5,1,6,6,0,0,0,0,0,0,0,40,326,1,1,3,1,14,0,36,0,2,Young Starters,-0.5229526333709344,0.13342303394233337,0.004142531394711219
1968,Postgraduate,Partner,36778.0,1,1,2012-08-05,63,29,4,34,2,4,4,3,3,0,3,9,0,0,0,0,0,0,0,46,77,2,1,4,1,9,0,693,2,0,Budget Families,-2.2009237462934084,0.8801947604491419,0.44512059158664524
1962,Postgraduate,Single,85696.0,0,0,2013-05-03,88,714,76,395,116,0,12,1,4,6,9,1,0,0,0,0,0,0,1,52,1313,0,0,1,0,20,0,422,2,3,Premium Spenders,2.9005595354684517,0.2123762636599338,0.1239404921973238
1961,Graduate,Partner,49678.0,0,1,2013-02-02,81,229,5,56,3,2,20,2,6,2,4,7,0,0,0,0,0,0,0,53,315,1,1,3,1,14,0,512,1,0,Budget Families,-0.5630362275680126,0.9056407567517847,0.10991210802862242
1989,Graduate,Partner,37155.0,1,0,2013-01-31,51,23,0,26,7,15,3,1,2,0,4,5,0,0,0,0,0,0,0,25,74,1,1,3,1,7,0,514,1,2,Young Starters,-1.4382998154706654,-1.5402880258786609,0.11328800576409051
1978,Undergraduate,Single,21282.0,1,0,2014-05-11,76,1,5,8,4,8,20,2,2,1,2,6,0,0,0,0,0,0,0,36,46,1,0,2,1,7,0,49,0,2,Young Starters,-1.8823568856433353,-0.5999657898282762,0.03323649746791473
1962,Postgraduate,Single,33419.0,0,1,2013-08-17,76,56,0,12,0,0,18,2,2,0,4,7,0,0,0,0,0,0,0,52,86,1,0,2,1,8,0,316,2,0,Budget Families,-1.5004373319101776,0.5930588484818345,0.19541203987605532
1945,Graduate,Single,63285.0,0,0,2013-11-05,84,508,124,249,50,38,134,1,6,5,13,3,0,0,0,0,0,0,0,69,1103,0,0,1,0,25,0,236,1,3,Premium Spenders,2.3285210808729726,1.4321484339664814,0.06095707715480156
1974,Postgraduate,Partner,21255.0,1,0,2014-01-21,56,29,0,25,2,2,3,4,2,1,4,4,0,0,0,0,0,0,0,40,61,1,1,3,1,11,0,159,2,2,Young Starters,-1.2718060358442524,-0.5046085498786432,0.107182925591302
1981,Graduate,Partner,42162.0,1,0,2013-11-19,31,46,7,59,2,4,27,2,3,1,3,6,1,0,0,0,0,0,1,33,145,1,1,3,1,9,1,222,1,2,Young Starters,-1.2278915715323677,-1.076031724278149,0.4629000616693967
1956,Graduate,Partner,54450.0,1,1,2012-09-14,0,454,0,171,8,19,32,12,9,2,8,8,0,0,0,0,0,0,0,58,684,2,1,4,1,31,0,653,1,1,Established Families,0.28444740844228406,1.6344731267391557,0.7892363045507069
1954,Postgraduate,Partner,57744.0,0,1,2013-11-12,91,350,3,39,0,0,19,2,9,1,4,8,0,0,0,0,0,0,0,60,411,1,1,3,1,16,0,229,2,1,Established Families,-0.26445024186455385,1.5867137556030746,0.040757565691700914
1986,Graduate,Single,26576.0,1,0,2012-10-13,40,10,0,8,0,0,9,1,1,0,2,9,1,0,0,0,0,0,1,28,27,1,0,2,1,4,1,624,1,2,Young Starters,-2.5299340118219793,-1.3828521824363533,0.9234541911960327
1943,Postgraduate,Single,57513.0,0,0,2013-07-06,59,735,40,183,52,20,30,2,9,3,13,6,0,0,0,0,0,0,0,71,1060,0,0,1,0,27,0,358,2,1,Established Families,1.7940645959204284,1.490395821024435,0.1780413894609571
1964,Graduate,Partner,68142.0,0,1,2012-08-29,96,897,126,196,91,112,37,3,10,4,7,6,0,0,0,0,0,0,0,50,1459,1,1,3,1,24,0,669,1,1,Established Families,1.5633231298804322,1.056406930687216,0.12778841115253506
1979,Graduate,Partner,7500.0,0,1,2012-08-29,61,5,2,3,3,0,5,1,1,0,2,8,0,0,0,0,0,0,0,35,18,1,1,3,1,4,0,669,1,2,Young Starters,-2.747051907351129,-0.8474335169091316,0.25262980315977684
1974,Graduate,Partner,83145.0,0,0,2012-09-22,14,777,35,731,39,137,114,1,5,9,11,2,0,0,1,0,0,0,1,40,1833,0,1,2,0,26,1,645,1,3,Premium Spenders,3.328128339646568,-1.1193579266675113,0.9315449255681612
1960,Postgraduate,Partner,54197.0,0,1,2014-04-03,16,162,6,37,6,13,13,2,1,3,6,1,0,0,0,0,0,0,0,54,237,1,1,3,1,12,0,87,2,1,Established Families,0.348337691352744,0.10692071164813911,0.03989089363549352
1963,Postgraduate,Single,23091.0,1,1,2014-05-28,98,35,0,11,0,0,2,4,2,1,3,7,0,0,0,0,0,0,0,51,48,2,0,3,1,10,0,32,2,0,Budget Families,-2.1042103678513095,1.4135126819463382,0.03511192557080085
1976,Graduate,Partner,46049.0,1,1,2013-07-21,11,342,9,112,19,14,19,10,5,2,9,7,0,0,0,0,0,0,1,38,515,2,1,4,1,26,0,343,1,1,Established Families,-0.390285419764172,0.20160884900971834,0.1989288205551765
1974,Graduate,Partner,56715.0,0,0,2012-12-05,52,258,105,239,237,172,9,1,7,3,4,4,0,0,0,0,0,0,0,40,1020,0,1,2,0,15,0,571,1,3,Premium Spenders,1.051545111911804,-1.0233943645638477,0.29279927376614046
1961,Graduate,Partner,79410.0,0,0,2014-05-29,19,658,80,483,123,13,13,1,3,2,5,1,0,0,0,0,0,0,0,53,1370,0,1,2,0,11,0,31,1,3,Premium Spenders,2.2804095338016697,-0.5853578935649434,0.08070734610249695
1951,Graduate,Partner,57304.0,0,1,2013-03-11,61,356,80,329,138,17,106,2,7,6,10,5,0,0,0,0,0,0,0,63,1026,1,1,3,1,25,0,475,1,1,Established Families,1.28984124606566,1.5676589167684136,0.09301137867063693
1965,Graduate,Partner,44375.0,0,1,2014-03-23,73,213,5,28,7,7,41,1,4,1,6,5,0,0,0,0,0,0,0,49,301,1,1,3,1,12,0,98,1,0,Budget Families,-0.5299819526069466,0.4103142124009941,0.009916773407898547
1965,Graduate,Partner,59594.0,0,1,2012-10-20,74,457,4,29,0,0,9,1,8,1,7,7,0,1,0,0,0,0,0,49,499,1,1,3,1,17,1,617,1,1,Established Families,-0.04148879217169477,0.6777207491129669,0.19138645496010226
1994,Graduate,Partner,80685.0,0,0,2012-08-22,55,241,45,604,34,26,54,1,6,4,10,2,0,0,0,0,0,0,0,20,1004,0,1,2,0,21,0,676,1,3,Premium Spenders,2.070363837922927,-2.180345337351614,0.27389753639271364
1974,Postgraduate,Partner,40344.0,0,1,2013-10-13,48,210,0,6,0,0,2,2,4,1,5,7,0,0,0,0,0,0,0,40,218,1,1,3,1,12,0,259,2,2,Young Starters,-1.1236741734361995,-0.3505452392778791,0.12303233238130927
1972,Graduate,Partner,62710.0,0,1,2013-05-23,53,441,35,83,7,29,11,4,4,2,12,4,0,0,0,0,0,0,0,42,606,1,1,3,1,22,0,402,1,1,Established Families,0.8286686278010404,0.014550485617067345,0.014396942312835372
1968,Undergraduate,Partner,48985.0,0,1,2013-07-05,13,19,13,18,10,7,8,1,1,1,3,3,0,0,0,0,0,0,0,46,75,1,1,3,1,6,0,359,0,0,Budget Families,-0.6727888308747866,-0.5283562777967151,0.08923958540742309
1968,Graduate,Partner,35322.0,1,2,2012-08-22,34,28,9,37,12,7,13,3,2,0,4,8,0,0,0,0,0,0,0,46,106,3,1,5,1,9,0,676,1,0,Budget Families,-2.486708631110178,1.2526327380626412,0.3090981308230025
1948,Graduate,Partner,77142.0,0,0,2013-05-29,54,476,75,162,29,151,97,1,4,4,8,2,0,0,0,0,0,0,0,66,990,0,1,2,0,17,0,396,1,3,Premium Spenders,2.225912148395639,0.7962920889032225,0.12168206377480743
1969,Graduate,Single,81657.0,0,0,2014-01-22,69,364,40,425,158,60,50,1,3,4,8,1,0,0,0,0,0,0,0,45,1097,0,0,1,0,16,0,158,1,3,Premium Spenders,2.3132130374158537,-0.5310255359498876,0.053085616403001946
1996,Undergraduate,Partner,14421.0,0,0,2014-02-17,81,0,0,2,3,3,8,1,1,0,2,5,1,0,0,0,0,0,0,18,16,0,1,2,0,4,1,132,0,2,Young Starters,-1.8307583616424032,-2.5913842591356016,0.07077640570935488
1990,Postgraduate,Partner,74214.0,0,0,2012-08-26,3,863,83,547,86,99,33,1,8,2,5,5,0,0,0,0,0,0,0,24,1711,0,1,2,0,16,0,672,2,3,Premium Spenders,1.7728140151771765,-2.4341391486220454,0.9314444863441155
1957,Postgraduate,Partner,66726.0,1,1,2014-01-12,61,349,7,35,0,0,47,3,8,2,4,7,0,1,0,0,0,0,0,57,438,2,1,4,1,17,1,168,2,0,Budget Families,-0.2791888837144286,1.8175156655139388,0.427162746085073
1979,Undergraduate,Partner,23724.0,1,0,2013-01-08,65,5,23,15,0,18,14,2,2,0,3,8,0,0,0,0,0,0,0,35,75,1,1,3,1,7,0,537,0,2,Young Starters,-2.141182360342143,-0.6728899539124257,0.11796387230865171
1960,Postgraduate,Partner,47353.0,0,1,2013-11-13,93,184,2,19,8,8,4,3,2,2,6,5,0,0,0,0,0,0,0,54,225,1,1,3,1,13,0,228,2,0,Budget Families,-0.41109688436413755,0.9677922271154591,0.017973190763444443
1952,Postgraduate,Partner,33444.0,1,1,2012-11-03,24,8,0,8,0,0,2,1,1,0,2,8,0,0,0,0,0,0,0,62,18,2,1,4,1,4,0,603,2,0,Budget Families,-2.2929010843934283,1.4323628971744802,0.5114252620149502
1981,Graduate,Partner,54386.0,0,1,2013-05-17,8,277,21,64,62,21,25,2,3,2,10,3,0,0,0,0,0,0,0,33,470,1,1,3,1,17,0,408,1,1,Established Families,0.28991125027588593,-1.1872026068725363,0.07076146912766056
1981,Graduate,Single,28510.0,1,1,2013-04-13,72,44,5,19,0,4,19,3,2,0,4,5,0,0,0,0,0,0,0,33,91,2,0,3,1,9,0,442,1,0,Budget Families,-1.8611298790720159,-0.11886113732649188,0.13096858939263875
1991,Postgraduate,Single,90638.0,0,0,2014-02-13,29,1156,120,915,94,144,96,1,3,4,10,1,0,0,1,0,0,0,0,23,2525,0,0,1,0,18,1,136,2,3,Premium Spenders,3.6237183172954204,-2.3555076805012245,0.8032810200422781
1950,Graduate,Partner,48070.0,0,1,2013-01-13,33,373,14,83,6,9,19,3,8,2,6,7,0,0,0,0,0,1,0,64,504,1,1,3,1,19,0,532,1,1,Established Families,-0.04376935453870293,1.3107226523667668,0.2156182643680432
1957,Graduate,Partner,43140.0,0,1,2013-01-05,68,134,8,76,6,0,11,1,4,1,5,6,0,0,0,0,0,0,0,57,235,1,1,3,1,11,0,540,1,0,Budget Families,-0.754731249389821,0.919843119988519,0.10870463078722921
1961,Postgraduate,Single,54959.0,0,1,2013-01-19,55,1148,0,60,0,0,24,3,9,5,4,7,0,1,0,0,0,0,1,53,1232,1,0,2,1,21,1,526,2,1,Established Families,0.7448347428347432,0.8121854892367418,0.8354014162432015
1958,Undergraduate,Single,15056.0,1,1,2013-05-03,76,6,12,3,21,6,40,5,2,2,3,5,0,0,0,0,0,0,0,56,88,2,0,3,1,12,0,422,0,0,Budget Families,-1.766788878256491,1.475109890112744,0.11390081462654869
1971,Graduate,Single,26954.0,1,0,2014-05-08,17,4,1,11,0,0,1,1,1,0,2,7,0,0,0,0,0,0,0,43,17,1,0,2,1,4,0,52,1,2,Young Starters,-2.0471526034524237,-0.664995367110114,0.2685260725342443
1985,Graduate,Single,22327.0,1,0,2013-08-02,94,5,4,8,2,0,5,1,1,0,3,5,0,0,0,0,0,0,0,29,24,1,0,2,1,5,0,331,1,2,Young Starters,-1.897726053648918,-0.9908723188594591,0.04891991192081078
1965,Graduate,Partner,44393.0,1,1,2013-08-22,86,24,2,20,2,2,10,2,1,0,4,4,0,0,0,0,0,0,0,49,60,2,1,4,1,7,0,311,1,0,Budget Families,-1.2931061980039735,1.0663834445634066,0.014499327626155712
1952,Postgraduate,Single,62000.0,0,1,2013-08-25,25,899,0,101,0,0,20,1,6,6,13,4,0,0,0,1,0,0,0,62,1020,1,0,2,1,26,1,308,2,1,Established Families,1.601393819998638,1.176032464151996,0.4096620389003114
1962,Postgraduate,Partner,31497.0,0,1,2012-12-06,22,108,1,28,13,1,4,2,3,1,4,8,0,0,0,0,0,0,0,52,155,1,1,3,1,10,0,570,2,2,Young Starters,-1.5450205841634805,0.18088144212341564,0.663841756344028
1974,Undergraduate,Partner,45894.0,0,2,2014-02-27,15,27,2,7,0,2,13,1,1,0,3,5,0,0,0,0,0,0,0,40,51,2,1,4,1,5,0,122,0,0,Budget Families,-1.651408481234025,-0.17943574060626352,0.029697678943036945
1970,Postgraduate,Single,78579.0,0,0,2012-12-22,35,816,66,549,216,66,99,1,5,6,4,3,0,0,0,0,0,0,1,44,1812,0,0,1,0,16,0,554,2,3,Premium Spenders,2.506254765990645,-0.8694580344341205,0.8945666459120396
1969,Postgraduate,Single,67369.0,0,1,2012-11-17,81,1298,0,70,37,14,42,4,7,4,10,4,0,1,1,0,0,0,1,45,1461,1,0,2,1,25,2,589,2,1,Established Families,1.8785404798845966,0.5193268772156528,0.6939996439033215
1960,Graduate,Single,58401.0,0,1,2014-04-20,55,10,0,11,17,29,29,1,1,2,2,4,0,0,0,0,0,0,0,54,96,1,0,2,1,6,0,70,1,0,Budget Families,-0.5059518997030977,0.4729118078587345,0.07280577449831349
1952,Graduate,Single,62307.0,0,1,2014-02-17,94,87,13,34,10,6,10,1,4,0,4,5,0,0,0,0,0,0,0,62,160,1,0,2,1,9,0,132,1,0,Budget Families,-0.25999894644365834,1.490558919570061,0.02281970526640228
1969,Postgraduate,Partner,43641.0,1,1,2013-04-22,50,57,2,51,4,2,23,3,2,1,4,6,0,0,0,0,0,0,0,45,139,2,1,4,1,10,0,433,2,0,Budget Families,-1.4472219230190262,0.6185597637890026,0.2095912725323599
1969,Postgraduate,Partner,70091.0,1,0,2013-03-31,11,964,34,137,15,0,11,2,5,2,10,8,0,1,0,0,0,0,0,45,1161,1,1,3,1,19,1,455,2,1,Established Families,0.670676476440347,-0.05891772619554533,0.6005921990456222
1972,Postgraduate,Partner,78075.0,0,0,2014-04-05,72,572,8,259,34,35,80,1,3,5,5,1,0,0,0,0,0,0,0,42,988,0,1,2,0,14,0,85,2,3,Premium Spenders,1.9890877959991307,-0.7626440951155299,0.038279125675639854
1961,Undergraduate,Single,59184.0,0,1,2012-09-09,6,341,142,113,259,151,66,3,6,6,12,5,0,0,0,0,0,0,0,53,1072,1,0,2,1,27,0,658,0,1,Established Families,1.3749620032621375,0.4493398825729436,0.41806399624962576
1977,Graduate,Partner,54809.0,1,1,2013-09-11,0,63,6,57,13,13,22,4,2,1,5,4,0,0,0,0,0,0,0,37,174,2,1,4,1,12,0,291,1,0,Budget Families,-0.8012086995334663,-0.36332063985300656,0.16734917416562822
1959,Graduate,Partner,58113.0,0,1,2013-01-25,66,221,104,169,102,78,84,3,9,2,8,7,0,0,0,0,0,1,0,55,758,1,1,3,1,22,0,520,1,1,Established Families,0.49485621976881156,1.1061919837938938,0.08092734151104743
1958,Postgraduate,Partner,51412.0,0,1,2013-12-31,42,140,3,29,4,5,14,2,3,2,4,4,0,0,0,0,0,0,0,56,195,1,1,3,1,11,0,180,2,0,Budget Families,-0.27925035122107883,0.5705495143378091,0.09940447361614653
1957,Postgraduate,Partner,66636.0,0,0,2013-08-17,64,291,10,689,84,10,0,1,3,4,9,1,0,0,0,0,0,0,0,57,1084,0,1,2,0,17,0,316,2,3,Premium Spenders,2.1297762680357386,0.18866506161960891,0.10709679197461937
1956,Postgraduate,Partner,50965.0,0,1,2013-02-20,87,544,13,85,8,6,29,3,10,4,5,8,1,0,0,0,0,0,0,58,685,1,1,3,1,22,1,494,2,1,Established Families,0.1340126592000697,1.5126970445360768,0.531931132057118
1990,Graduate,Partner,18351.0,0,0,2013-10-29,1,1,12,9,0,14,7,1,2,0,3,7,0,0,0,0,0,0,0,24,43,0,1,2,0,6,0,243,1,2,Young Starters,-1.8788765189966716,-2.765597472568565,0.3068752557425853
1957,Postgraduate,Partner,40451.0,0,2,2014-02-16,54,35,0,4,0,0,10,1,1,1,2,5,1,0,0,0,0,0,0,57,49,2,1,4,1,5,1,133,2,0,Budget Families,-1.5970361593807734,1.2934683146034118,0.22501432045574102
1965,Graduate,Partner,36317.0,0,1,2013-05-22,53,87,3,25,3,2,13,2,3,0,4,7,0,0,0,0,0,0,0,49,133,1,1,3,1,9,0,403,1,2,Young Starters,-1.369382114261692,0.2166275276211742,0.12097909715843591
1957,Graduate,Partner,42213.0,0,1,2013-10-12,96,309,3,24,4,3,20,2,5,1,7,7,0,1,0,0,0,0,0,57,363,1,1,3,1,15,1,260,1,0,Budget Families,-0.5963070234594945,1.2987759685666487,0.05811911551433573
1955,Graduate,Partner,65748.0,0,1,2013-04-15,58,172,73,93,95,78,34,2,2,4,10,1,0,0,0,0,0,1,0,59,545,1,1,3,1,18,0,440,1,1,Established Families,1.2900862984960308,0.9993341008580557,0.013056302446036217
1972,Graduate,Partner,77044.0,0,1,2013-10-27,12,625,38,242,50,34,76,2,7,11,11,4,1,0,0,0,0,0,0,42,1065,1,1,3,1,31,1,245,1,1,Established Families,2.072030109864965,-0.10660133540078275,0.5348812462267083
1969,Graduate,Partner,74918.0,0,0,2013-03-12,78,972,59,913,25,19,59,1,5,9,6,3,0,0,1,0,0,0,0,45,2047,0,1,2,0,21,1,474,1,3,Premium Spenders,2.926675783462862,-0.3235463325071218,0.810211394528606
1972,Graduate,Partner,56721.0,1,1,2012-10-31,64,157,6,39,6,13,75,5,4,1,5,6,0,0,0,0,0,0,0,42,296,2,1,4,1,15,0,606,1,0,Budget Families,-0.7445920367120092,0.7099040955897472,0.15840734025106157
1975,Graduate,Single,42160.0,1,1,2013-06-28,26,48,9,45,3,15,20,4,2,1,4,6,0,0,0,0,0,0,1,39,140,2,0,3,1,11,0,366,1,0,Budget Families,-1.4905713452739497,0.014287925485868748,0.41466600833135553
1965,Graduate,Single,61559.0,0,1,2013-07-17,8,279,83,88,32,14,34,1,4,2,10,3,0,0,0,0,0,0,0,49,530,1,0,2,1,17,0,347,1,1,Established Families,0.6784112897716084,-0.08253370243795213,0.1376946344394203
1963,Postgraduate,Partner,33629.0,1,1,2012-08-08,49,132,0,16,0,0,4,5,3,1,4,9,0,0,0,0,0,0,0,51,152,2,1,4,1,13,0,690,2,0,Budget Families,-1.930397306078648,1.1652678501985432,0.5802727853690982
1963,Graduate,Single,34377.0,0,1,2013-01-19,55,62,0,22,3,1,26,2,2,2,2,7,0,0,0,0,0,0,0,51,114,1,0,2,1,8,0,526,1,2,Young Starters,-1.4678608171637357,0.3383813023744154,0.5435981766855484
1986,Undergraduate,Single,8940.0,1,0,2012-08-22,25,1,45,3,4,6,42,3,3,1,3,8,0,0,0,0,0,0,0,28,101,1,0,2,1,10,0,676,0,2,Young Starters,-2.3753105765758358,-1.5024503276840557,0.7210386351434194
1973,Graduate,Partner,26228.0,1,0,2013-09-22,50,2,6,4,3,1,9,1,1,0,2,8,0,0,0,0,0,0,0,41,25,1,1,3,1,4,0,280,1,2,Young Starters,-2.237428163233754,-0.46171193340824934,0.115203228062426
1957,Undergraduate,Single,77297.0,0,0,2013-01-26,84,408,61,109,48,122,41,1,5,7,9,4,0,0,0,1,0,0,0,57,789,0,0,1,0,22,1,519,0,3,Premium Spenders,1.9279809283017524,0.6741852286394707,0.46655839907902075
1981,Graduate,Partner,40211.0,1,1,2013-07-30,30,51,1,7,2,1,25,2,2,1,2,8,1,0,0,0,0,0,0,33,87,2,1,4,1,7,1,334,1,2,Young Starters,-2.2039244550016743,-0.3674110509744122,0.6016859323320367
1958,Postgraduate,Single,33438.0,1,1,2013-09-22,81,62,1,16,3,2,6,4,2,1,4,5,0,0,0,0,0,0,0,56,90,2,0,3,1,11,0,280,2,0,Budget Families,-1.3875341231710652,1.5777422273831145,0.11076700057454
1959,Postgraduate,Partner,75032.0,0,1,2013-04-28,74,952,12,180,47,12,12,2,5,4,9,3,0,0,0,0,0,0,0,55,1215,1,1,3,1,20,0,427,2,1,Established Families,1.8291106301393383,1.0151693746795132,0.022103791843234487
1955,Postgraduate,Single,61284.0,0,0,2013-10-12,76,618,15,106,20,7,45,1,11,2,8,6,0,1,0,0,0,0,0,59,811,0,0,1,0,22,1,260,2,1,Established Families,1.2589897147053868,0.7495288229564061,0.374411209824159
1986,Graduate,Partner,22518.0,1,0,2012-10-22,36,11,7,12,2,2,27,2,2,1,2,5,1,0,0,0,0,0,1,28,61,1,1,3,1,7,1,615,1,2,Young Starters,-1.766369166890802,-1.5380767906419424,0.7383520431425249
1975,Postgraduate,Partner,54730.0,0,1,2013-08-15,64,318,3,17,4,7,56,5,4,1,8,4,0,0,0,0,0,0,0,39,405,1,1,3,1,18,0,318,2,1,Established Families,0.20794190881332686,-0.20601595028531539,0.03960846426995302
1955,Postgraduate,Partner,38452.0,1,1,2014-03-30,62,56,0,14,0,0,2,3,3,0,3,7,0,0,0,0,0,0,0,59,72,2,1,4,1,9,0,91,2,0,Budget Families,-1.700535151570096,1.6683432889096501,0.053184088301630836
1971,Graduate,Single,44421.0,1,1,2013-02-15,53,110,5,59,7,1,7,5,5,0,4,8,0,0,0,0,0,0,0,43,189,2,0,3,1,14,0,499,1,0,Budget Families,-1.5047410212874435,0.6900194900942079,0.4378248982048715
1986,Postgraduate,Partner,38197.0,1,0,2013-06-29,86,23,0,11,2,1,3,1,1,0,3,5,0,0,0,0,0,0,0,28,40,1,1,3,1,5,0,365,2,2,Young Starters,-1.52082929005968,-1.0617182988846188,0.04737473379417143
1978,Graduate,Single,41986.0,0,1,2014-02-09,15,27,5,8,8,3,12,3,3,0,4,4,0,0,0,0,0,0,0,36,63,1,0,2,1,10,0,140,1,2,Young Starters,-0.8866475618284911,-1.077499902023824,0.2674428503620859
1983,Graduate,Partner,28427.0,1,0,2013-03-21,67,18,3,19,3,3,6,2,2,0,3,8,0,0,0,0,0,0,0,31,52,1,1,3,1,7,0,465,1,2,Young Starters,-2.0912883526943293,-0.9020345775767438,0.12550311630881683
1976,Postgraduate,Partner,37395.0,1,0,2014-05-02,47,18,0,9,0,1,11,1,1,0,3,6,0,0,0,0,0,0,0,38,39,1,1,3,1,5,0,58,2,2,Young Starters,-1.606820668213973,-0.7037108057791591,0.06355895195008152
1971,Graduate,Partner,64722.0,1,0,2014-05-26,47,303,0,280,60,147,15,4,8,2,11,6,0,0,0,0,0,0,0,43,805,1,1,3,1,25,0,34,1,1,Established Families,0.8998269528909234,0.18121809227701421,0.03811011812612428
1956,Postgraduate,Partner,55249.0,0,1,2014-04-17,81,97,1,19,2,0,11,1,2,1,4,3,0,0,0,0,0,0,0,58,130,1,1,3,1,8,0,73,2,0,Budget Families,-0.2252288889962974,0.9662585159431485,0.016087181526598136
1972,Graduate,Partner,84906.0,0,0,2013-10-04,98,997,15,414,99,30,76,1,5,6,12,2,0,1,1,0,1,0,0,42,1631,0,1,2,0,24,3,268,1,3,Premium Spenders,3.116738947869822,-0.25283147400683237,0.5370766459730545
1952,Graduate,Single,44213.0,1,1,2013-11-29,48,95,11,35,0,4,7,4,2,1,5,6,0,0,0,0,0,0,0,62,152,2,0,3,1,12,0,212,1,0,Budget Families,-1.1293364944136541,1.792175141165296,0.14558706730335438
1984,Undergraduate,Single,25707.0,1,0,2014-01-18,18,1,6,2,3,6,3,1,1,0,3,7,0,0,0,0,0,0,0,30,21,1,0,2,1,5,0,162,0,2,Young Starters,-2.151612511981791,-1.5126251023429667,0.21239229347452515
1967,Postgraduate,Partner,59062.0,2,1,2013-10-03,74,46,1,12,3,0,9,2,2,0,3,4,0,0,0,0,0,0,0,47,71,3,1,5,1,7,0,269,2,0,Budget Families,-1.3958267915912537,1.572340306788342,0.02392000126003393
1962,Graduate,Single,76624.0,0,1,2014-05-24,68,411,106,147,54,115,66,1,5,10,7,1,1,0,0,0,0,0,0,52,899,1,0,2,1,23,1,36,1,3,Premium Spenders,2.0663610701075936,0.7663058006416139,0.29825717010085573
1947,Postgraduate,Partner,66000.0,0,0,2014-04-20,36,244,51,270,101,0,45,1,1,3,5,1,0,0,0,0,0,0,0,67,711,0,1,2,0,10,0,70,2,3,Premium Spenders,1.4923108519573767,0.45967061287664773,0.08922006851773141
1978,Postgraduate,Partner,27683.0,1,0,2012-08-04,90,152,9,121,12,12,45,4,6,2,4,8,0,0,0,0,0,0,0,36,351,1,1,3,1,16,0,694,2,2,Young Starters,-1.2778708510797516,-0.16551625772155257,0.4886085287341082
1971,Graduate,Single,1730.0,0,0,2014-05-18,65,1,1,3,1,1,1,15,0,0,0,20,0,0,0,0,0,0,0,43,8,0,0,1,0,15,0,42,1,2,Young Starters,-3.7109314431364155,-0.21933001392707563,0.9440530723150019
1992,Undergraduate,Single,7500.0,1,0,2012-12-03,63,10,17,18,8,26,40,4,3,2,2,9,0,0,0,0,0,0,0,22,119,1,0,2,1,11,0,573,0,2,Young Starters,-2.5573138009411167,-1.5032174891076366,0.5078067109664449
1968,Graduate,Partner,40521.0,1,1,2013-04-05,82,12,0,5,0,0,4,1,0,1,2,5,0,0,0,0,0,0,0,46,21,2,1,4,1,4,0,450,1,0,Budget Families,-1.7876356164598932,0.7857755237048714,0.04059546597043615
1973,Postgraduate,Partner,20427.0,1,0,2014-03-24,63,5,0,4,0,0,1,1,1,0,2,8,0,0,0,0,0,0,0,41,10,1,1,3,1,4,0,97,2,2,Young Starters,-2.385165441980975,-0.36866072807454736,0.05949655016128746
1975,Graduate,Partner,65106.0,0,1,2014-05-24,55,790,19,133,12,0,19,3,8,3,13,6,0,1,0,0,0,0,0,39,973,1,1,3,1,27,1,36,1,1,Established Families,1.1272484474479847,0.02487168652053315,0.02868393148187579
1965,Postgraduate,Partner,69969.0,0,0,2013-08-27,64,882,29,514,38,29,44,1,4,2,6,3,0,0,1,1,0,0,1,49,1536,0,1,2,0,13,2,306,2,3,Premium Spenders,1.9511159442478856,-0.36479457591239095,0.7820191208697123
1952,Graduate,Partner,67433.0,0,2,2013-07-16,51,615,28,259,12,48,30,4,6,5,13,4,0,1,0,0,0,0,0,62,992,2,1,4,1,28,1,348,1,1,Established Families,1.3897828837895343,2.168692254556049,0.11390420555517698
1967,Postgraduate,Partner,77766.0,0,1,2013-02-22,97,1004,59,265,115,59,27,2,11,10,11,6,1,0,0,0,0,0,1,47,1529,1,1,3,1,34,1,492,2,1,Established Families,2.396253645690523,1.1353021503970908,0.2879736471880461
1972,Graduate,Partner,74716.0,0,1,2013-09-12,92,133,27,421,13,195,71,2,7,3,5,4,0,0,0,0,0,0,0,42,860,1,1,3,1,17,0,290,1,1,Established Families,1.0474576356909866,0.2921251095859845,0.05174654056573991
1970,Postgraduate,Partner,55158.0,1,1,2012-07-30,72,293,0,87,4,11,23,4,7,2,5,7,0,0,0,0,0,0,1,44,418,2,1,4,1,18,0,699,2,0,Budget Families,-0.6463945836220074,1.0163428503257452,0.39200156187022633
1955,Undergraduate,Partner,62972.0,0,1,2012-08-03,39,313,15,47,20,0,192,2,7,4,3,6,0,0,0,0,0,0,1,59,587,1,1,3,1,16,0,695,0,1,Established Families,0.3193164271552285,0.978114678493524,0.24053439145618216
1975,Graduate,Partner,74190.0,0,1,2014-05-12,49,151,81,86,168,91,64,2,4,2,11,2,0,0,0,0,0,0,0,39,641,1,1,3,1,19,0,48,1,3,Premium Spenders,1.2536646394733384,-0.32922248184261405,0.006043250287808535
1976,Graduate,Partner,39356.0,1,1,2014-03-19,21,15,0,2,0,0,6,1,1,0,2,6,1,0,0,0,0,0,0,38,23,2,1,4,1,4,1,102,1,0,Budget Families,-2.0719981859669248,-0.2678665454451209,0.26556793245403854
1969,Graduate,Partner,76653.0,0,0,2013-08-16,91,736,63,946,219,189,126,1,4,7,11,2,0,0,1,1,0,0,0,45,2279,0,1,2,0,23,2,317,1,3,Premium Spenders,3.4479718558963977,-0.205044675449127,0.7656049752866657
1983,Postgraduate,Single,90687.0,0,0,2013-05-22,98,982,17,672,23,34,51,1,6,2,8,2,0,0,1,0,0,0,1,31,1779,0,0,1,0,17,1,403,2,3,Premium Spenders,2.8606357679614485,-1.1372249905194236,0.4199427770526975
1982,Postgraduate,Partner,73450.0,0,0,2013-12-05,85,1142,51,415,90,69,37,1,7,8,11,3,1,0,0,1,0,0,0,32,1804,0,1,2,0,27,2,206,2,3,Premium Spenders,2.8954254962350707,-0.989593555932586,0.5248919828227332
1960,Graduate,Partner,31454.0,1,1,2013-07-06,40,28,0,11,0,0,9,3,2,0,3,8,0,0,0,0,0,0,0,54,48,2,1,4,1,8,0,358,1,0,Budget Families,-2.164699100734803,1.1222238658659156,0.1388599276040273
1952,Graduate,Single,47139.0,1,1,2014-03-06,2,46,0,12,0,2,23,2,2,1,2,7,0,0,0,0,0,0,1,62,83,2,0,3,1,7,0,115,1,0,Budget Families,-1.5798039246475761,1.3174902277635616,0.40962091223481306
1963,Postgraduate,Partner,53378.0,1,1,2012-09-24,41,489,6,152,8,6,132,10,9,4,6,8,0,0,0,0,0,0,1,51,793,2,1,4,1,29,0,643,2,1,Established Families,0.17032385065795455,1.4787446914289306,0.8026420540096281
1970,Graduate,Partner,19656.0,1,0,2013-02-08,94,25,4,9,6,8,32,3,2,1,3,7,0,0,0,0,0,0,0,44,84,1,1,3,1,9,0,506,1,2,Young Starters,-1.8505549374424533,0.18108506585503764,0.08509955221812411
1948,Postgraduate,Partner,45579.0,0,1,2013-08-20,10,145,1,33,2,1,1,1,4,1,4,6,0,0,0,0,0,0,0,66,183,1,1,3,1,10,0,313,2,0,Budget Families,-0.7145601597262142,0.9894953642805058,0.3678463592386306
1958,Undergraduate,Single,85485.0,0,0,2014-06-21,73,630,26,611,44,18,54,1,6,6,6,2,0,0,0,0,0,0,0,56,1383,0,0,1,0,19,0,8,0,3,Premium Spenders,2.7726165858927794,0.36025709833713854,0.08290554001410702
1944,Graduate,Partner,55956.0,0,0,2014-04-07,22,760,38,104,50,9,38,2,7,3,4,4,0,1,0,0,0,0,0,70,999,0,1,2,0,16,1,83,1,1,Established Families,1.382825884891364,0.7433155300466424,0.2836886141129335
1963,Postgraduate,Single,64191.0,0,1,2013-01-22,30,420,15,186,151,38,15,3,5,3,13,3,0,0,0,0,0,0,0,51,825,1,0,2,1,24,0,523,2,1,Established Families,1.4211866372840942,0.41163375863425283,0.17884024621806438
1972,Graduate,Single,38808.0,1,0,2012-08-26,21,125,17,52,3,19,30,4,5,1,4,8,1,0,0,0,0,0,1,42,246,1,0,2,1,14,1,672,1,2,Young Starters,-1.16869616719598,-0.37990101494442713,0.979096093532875
1966,Postgraduate,Partner,57183.0,1,1,2013-03-19,51,464,5,64,7,0,70,8,9,1,7,8,0,0,0,0,0,0,0,48,610,2,1,4,1,25,0,467,2,1,Established Families,-0.15668389284418946,1.2999872878478573,0.2610076298024594
1968,Postgraduate,Single,23748.0,1,0,2012-11-21,97,6,6,29,12,15,8,3,2,1,3,8,0,0,0,0,0,0,0,46,76,1,0,2,1,9,0,585,2,2,Young Starters,-1.9037198717114057,0.40345888964926324,0.4880033357787861
1971,Graduate,Partner,66303.0,0,1,2013-02-26,56,1090,12,96,16,12,60,4,3,4,11,8,0,1,0,0,0,0,0,43,1286,1,1,3,1,22,1,488,1,1,Established Families,0.8476001878703296,0.26152845190736856,0.17729937306587623
1975,Postgraduate,Partner,37368.0,1,0,2013-12-16,4,3,2,11,2,2,10,1,1,0,2,6,1,0,0,0,0,0,0,39,30,1,1,3,1,4,1,195,2,2,Young Starters,-1.6695405423713032,-1.049051886405713,0.7183569288403994
1964,Graduate,Partner,40800.0,1,2,2013-01-01,77,24,0,27,8,30,10,2,3,0,3,7,0,0,0,0,0,1,0,50,99,3,1,5,1,8,0,544,1,0,Budget Families,-2.207323222726306,1.8700590907887564,0.05316948958874124
1978,Graduate,Single,71847.0,0,0,2012-09-21,95,737,21,106,55,63,210,0,6,7,9,3,0,0,0,1,0,0,0,36,1192,0,0,1,0,22,1,646,1,3,Premium Spenders,2.089734082026745,-0.7240325251169493,0.5611358500129311
1975,Graduate,Partner,46149.0,0,1,2013-11-29,36,254,6,71,4,0,27,5,5,1,7,5,0,0,0,0,0,0,0,39,362,1,1,3,1,18,0,212,1,1,Established Families,-0.2007596825088482,-0.45300425731581623,0.04934572192976155
1983,Graduate,Partner,78687.0,0,0,2012-08-09,13,817,185,687,145,55,241,1,4,6,8,2,0,0,1,0,0,0,1,31,2130,0,1,2,0,19,1,689,1,3,Premium Spenders,2.9781666388222665,-1.9303906698027984,0.9583012848373332
1971,Undergraduate,Single,49118.0,0,0,2012-08-18,90,620,54,239,99,98,119,2,9,7,10,7,0,1,0,0,1,0,1,43,1229,0,0,1,0,28,2,680,0,1,Established Families,1.3449401948670774,-0.09114274307281615,0.8987938426687816
1957,Postgraduate,Partner,37633.0,1,1,2012-09-20,49,13,4,20,0,0,1,2,1,0,3,9,0,0,0,0,0,0,0,57,38,2,1,4,1,6,0,647,2,0,Budget Families,-2.2741610153172047,1.4289360012017045,0.3848366443233654
1951,Postgraduate,Partner,39767.0,0,0,2013-07-21,18,113,61,204,34,26,47,2,7,1,7,8,0,0,0,0,0,0,0,63,485,0,1,2,0,17,0,343,2,1,Established Families,-0.11328648065708294,0.3824741225297322,0.3685418430187817
1951,Undergraduate,Partner,26997.0,0,0,2012-11-05,89,7,23,78,133,49,144,2,4,2,5,7,0,0,0,0,0,0,0,63,434,0,1,2,0,13,0,601,0,2,Young Starters,-0.5130823348658191,0.8367977632353641,0.1210630680796401
1970,Graduate,Single,33986.0,1,0,2013-03-14,43,16,2,18,2,1,5,1,1,0,3,7,0,0,0,0,0,0,0,44,44,1,0,2,1,5,0,472,1,2,Young Starters,-1.7853817511467216,-0.30930230612468557,0.3939465860423384
1972,Postgraduate,Partner,57091.0,0,1,2012-11-23,82,462,0,24,6,0,4,2,9,2,5,7,0,1,0,0,0,0,1,42,496,1,1,3,1,18,1,583,2,1,Established Families,-0.11754891115655552,0.29186325553137366,0.3900110873449781
1969,Undergraduate,Partner,46831.0,1,1,2013-06-08,84,22,2,10,6,4,34,2,1,2,2,4,0,0,0,0,0,0,0,45,78,2,1,4,1,7,0,386,0,0,Budget Families,-1.2623742069174577,0.789086483235923,0.01424515335994785
1972,Postgraduate,Partner,83151.0,0,0,2013-02-10,80,968,147,842,137,42,210,1,5,7,10,2,1,0,1,1,0,0,1,42,2346,0,1,2,0,23,3,504,2,3,Premium Spenders,3.6254990496040085,-0.48116546535086546,0.9810218207850939
1971,Graduate,Partner,52531.0,0,0,2012-12-30,68,283,112,151,51,72,125,2,7,2,10,6,0,0,0,0,0,0,0,43,794,0,1,2,0,21,0,546,1,1,Established Families,0.8108606790532186,-0.4598967565135912,0.07693480243456285
1956,Graduate,Partner,15759.0,0,0,2013-09-05,12,1,2,5,6,0,3,1,1,0,2,7,0,0,0,0,0,0,0,58,17,0,1,2,0,4,0,297,1,2,Young Starters,-1.7195009064052988,-0.43597635527292034,0.28697447304522494
1973,Undergraduate,Partner,43050.0,1,0,2014-03-18,10,30,5,24,6,3,8,2,2,0,4,5,0,0,0,0,0,0,0,41,76,1,1,3,1,8,0,103,0,2,Young Starters,-1.0787079387744598,-0.7866946567980038,0.06730134544518833
1977,Postgraduate,Single,42997.0,1,1,2013-12-07,91,4,0,5,0,1,5,1,1,0,2,7,0,0,0,0,0,0,0,37,15,2,0,3,1,4,0,204,2,0,Budget Families,-2.1560843882050924,0.35787596998987853,0.055889759844553605
1963,Postgraduate,Single,48918.0,1,1,2014-04-12,21,52,0,9,0,0,1,2,1,0,4,4,0,0,0,0,0,0,0,51,62,2,0,3,1,7,0,78,2,0,Budget Families,-1.1743469277802354,0.6316717639181773,0.1849183718774092
1954,Postgraduate,Partner,60033.0,0,1,2014-03-29,28,62,1,57,19,11,48,2,2,1,5,2,0,0,0,0,0,0,0,60,198,1,1,3,1,10,0,92,2,0,Budget Families,0.23793877834199312,0.64246108857446,0.06463663175948837
1978,Postgraduate,Partner,34043.0,1,0,2013-10-25,97,20,2,14,3,0,10,1,2,0,2,9,0,0,0,0,0,0,0,36,49,1,1,3,1,5,0,247,2,2,Young Starters,-2.18360369184031,-0.2733343183252905,0.07019692476016678
1966,Graduate,Partner,57811.0,0,1,2013-06-24,49,545,7,114,37,21,78,5,7,2,11,5,0,1,0,0,0,0,0,48,802,1,1,3,1,25,1,370,1,1,Established Families,0.9511852667426207,0.4630778853986813,0.14660228910905573
1946,Graduate,Partner,78569.0,0,0,2014-02-19,14,558,79,622,207,175,95,1,4,6,4,1,0,0,1,0,0,0,1,68,1736,0,1,2,0,15,1,130,1,3,Premium Spenders,2.9604522515585203,0.4499917380165132,0.7916447148889691
1978,Graduate,Single,7500.0,1,1,2012-12-27,5,6,5,4,13,4,25,4,2,1,3,6,0,0,0,0,0,0,0,36,57,2,0,3,1,10,0,549,1,2,Young Starters,-2.473232871060119,-0.5492014721540328,0.7748033228730672
1971,Postgraduate,Partner,157733.0,1,0,2013-06-04,37,39,1,9,2,0,8,0,1,0,1,1,0,0,0,0,0,0,0,43,59,1,1,3,1,2,0,390,2,3,Premium Spenders,1.9542663960489122,-0.21226033561808869,0.19293900399032116
1985,Undergraduate,Partner,23148.0,0,0,2014-02-18,83,4,6,8,6,3,10,1,2,0,3,7,0,0,0,0,0,0,0,29,37,0,1,2,0,6,0,131,0,2,Young Starters,-1.7045393162519722,-1.664956126167567,0.018390866637298265
1970,Graduate,Single,44267.0,1,1,2013-02-25,48,183,5,65,3,5,49,5,5,2,4,9,0,0,0,0,0,0,0,44,310,2,0,3,1,16,0,489,1,0,Budget Families,-1.4444489595388619,0.7943703295663493,0.6083774412001708
1979,Graduate,Partner,71626.0,0,0,2012-11-01,94,546,72,376,94,145,72,1,5,5,8,3,0,1,0,0,0,0,0,35,1305,0,1,2,0,19,1,605,1,3,Premium Spenders,1.9973267132498316,-0.8765418410482652,0.2942343623667265
1966,Graduate,Partner,60894.0,0,1,2013-06-28,61,606,7,155,10,0,54,5,10,3,8,7,0,0,0,0,0,0,0,48,832,1,1,3,1,26,0,366,1,1,Established Families,0.7803805077822391,0.6918538250005982,0.08066770712155277
1976,Graduate,Partner,50200.0,1,1,2013-04-03,70,266,6,51,8,6,64,6,7,1,5,8,0,0,0,0,0,0,0,38,401,2,1,4,1,19,0,452,1,0,Budget Families,-0.948118992173332,0.6393564304709884,0.1299154453203689
1965,Postgraduate,Partner,81051.0,0,0,2014-05-23,43,1142,29,249,38,29,14,1,5,5,12,2,0,1,1,0,0,0,0,49,1501,0,1,2,0,23,2,37,2,3,Premium Spenders,2.921057260685597,-0.3143940890710086,0.3294978024787043
1982,Graduate,Partner,65169.0,0,0,2014-01-14,23,1074,0,69,0,0,46,1,10,4,13,6,1,0,1,1,1,0,1,32,1189,0,1,2,0,28,4,166,1,3,Premium Spenders,1.7280898817194983,-1.4080014746884582,0.9738833272195153
1972,Graduate,Partner,59868.0,0,1,2013-07-22,37,771,51,154,54,10,154,7,11,2,12,6,0,0,0,0,0,0,0,42,1194,1,1,3,1,32,0,342,1,1,Established Families,1.5092213558971537,0.14629756842409108,0.1011638224694769
1960,Postgraduate,Partner,65695.0,0,1,2014-01-31,50,371,32,189,0,58,6,2,5,4,10,4,0,0,0,0,0,0,0,54,656,1,1,3,1,21,0,149,2,1,Established Families,1.009525643548337,0.7818462094881381,0.031069034870771662
1956,Postgraduate,Single,64857.0,0,0,2012-11-23,78,556,14,717,210,0,43,1,7,5,10,4,0,0,0,0,0,0,0,58,1540,0,0,1,0,23,0,583,2,3,Premium Spenders,2.342869215224369,0.6197521518515772,0.5251880286380465
1965,Postgraduate,Partner,45143.0,0,1,2013-08-26,74,202,5,74,11,5,14,3,6,1,5,7,0,0,0,0,0,0,0,49,311,1,1,3,1,15,0,307,2,0,Budget Families,-0.6590281073253693,0.5767518849076677,0.10265387203803562
1955,Undergraduate,Partner,74805.0,0,1,2013-11-06,14,209,162,209,41,162,37,5,4,7,10,2,0,0,0,0,0,0,0,59,820,1,1,3,1,26,0,235,0,1,Established Families,2.028825770129242,0.8557159991608035,0.079605405019521
1989,Undergraduate,Partner,59060.0,1,0,2014-01-11,77,35,40,111,36,40,12,3,3,1,7,4,0,0,0,0,0,0,0,25,274,1,1,3,1,14,0,169,0,2,Young Starters,-0.17703313751417213,-1.0975647072222239,0.01263688457432694
1962,Postgraduate,Single,27238.0,1,1,2013-04-20,39,37,0,17,0,0,3,3,3,0,3,9,0,0,0,0,0,0,0,52,57,2,0,3,1,9,0,435,2,0,Budget Families,-2.384575933551044,1.0253243008347661,0.6564357073239514
1965,Graduate,Partner,47009.0,0,1,2013-10-01,89,171,45,73,59,10,90,4,3,2,8,4,0,0,0,0,0,0,0,49,448,1,1,3,1,17,0,271,1,1,Established Families,0.11352031330971903,0.6338290642267767,0.010354166419121978
1973,Undergraduate,Partner,46094.0,1,1,2014-06-10,62,12,2,20,3,2,5,1,1,0,3,7,0,0,0,0,0,0,0,41,44,2,1,4,1,5,0,19,0,0,Budget Families,-1.9633311422627913,0.3995871802757274,0.006026411508264061
1984,Graduate,Partner,37235.0,1,0,2014-02-01,68,20,2,9,4,6,20,1,1,1,2,4,0,0,0,0,0,0,0,30,61,1,1,3,1,5,0,148,1,2,Young Starters,-1.3431617990997324,-1.1378810490058013,0.024454544935092946
1960,Postgraduate,Partner,81843.0,0,0,2013-04-22,13,779,86,537,34,69,138,1,5,9,12,3,0,0,0,0,0,0,0,54,1643,0,1,2,0,27,0,433,2,3,Premium Spenders,3.174797982018302,-0.11787555602035697,0.6933386864665473
1958,Postgraduate,Partner,46692.0,0,1,2013-06-06,37,170,6,97,24,12,88,3,6,1,5,6,0,0,0,0,0,0,0,56,397,1,1,3,1,15,0,388,2,1,Established Families,-0.31724000847857375,0.6725998288747443,0.23050059701536
1968,Graduate,Partner,77382.0,0,1,2014-01-07,36,491,48,231,112,105,134,2,5,7,12,1,0,0,1,0,0,0,0,46,1121,1,1,3,1,26,1,173,1,3,Premium Spenders,2.3788159067790824,0.13532400136371472,0.1578717240729742
1977,Graduate,Single,37774.0,2,0,2012-09-03,28,173,8,107,7,2,176,4,7,2,3,9,1,0,0,0,0,1,1,37,473,2,0,3,1,16,1,664,1,0,Budget Families,-1.5353322616947065,0.10605740838800998,0.9824952785159758
1974,Undergraduate,Partner,18393.0,1,0,2014-03-29,2,7,10,13,16,0,4,2,3,0,3,8,0,0,0,0,0,0,0,40,50,1,1,3,1,8,0,92,0,2,Young Starters,-2.1889351580264105,-0.9064197097209339,0.13194581580943832
1962,Postgraduate,Partner,72828.0,0,1,2013-02-14,17,1205,0,235,19,14,205,6,6,3,13,7,0,0,0,0,0,0,0,52,1678,1,1,3,1,28,0,500,2,1,Established Families,1.935254056012859,0.6205642964220953,0.472566634384326
1982,Graduate,Partner,24711.0,0,0,2014-04-18,86,10,7,25,6,3,7,1,3,0,3,7,0,0,0,0,0,0,0,32,58,0,1,2,0,7,0,72,1,2,Young Starters,-1.560014284891037,-1.4068864615099077,0.01992845905395699
1975,Postgraduate,Partner,45503.0,1,0,2013-09-25,54,97,4,44,6,1,18,1,3,1,4,5,0,0,0,0,0,0,0,39,170,1,1,3,1,9,0,277,2,2,Young Starters,-0.8963430914897357,-0.49296870668683157,0.11407120702919969
1982,Postgraduate,Single,6560.0,0,0,2013-12-12,2,67,11,26,4,3,262,0,1,0,1,17,0,0,0,0,0,0,0,32,373,0,0,1,0,2,0,199,2,2,Young Starters,-3.6672920828726316,-1.955789843995277,0.9862626006700904
1945,Postgraduate,Partner,71604.0,0,0,2013-11-17,3,345,53,528,98,75,97,1,8,3,5,4,1,0,0,0,0,0,1,69,1196,0,1,2,0,17,1,224,2,3,Premium Spenders,1.9649927671980556,0.5864187874231138,0.930041508424576
1979,Graduate,Partner,27244.0,1,0,2014-03-07,84,6,5,17,3,24,46,2,2,2,2,7,0,0,0,0,0,0,0,35,101,1,1,3,1,8,0,114,1,2,Young Starters,-1.8104152692187105,-0.5055852935881002,0.049665473867056976
1969,Graduate,Partner,48752.0,1,1,2012-12-12,8,73,57,100,71,15,0,5,6,1,5,9,0,0,0,0,0,0,1,45,316,2,1,4,1,17,0,564,1,0,Budget Families,-1.271830144870837,0.5418412671352411,0.6263386905568188
1962,Graduate,Partner,71434.0,0,1,2013-09-18,4,711,36,217,172,96,168,3,7,4,7,4,0,1,0,1,0,0,0,52,1400,1,1,3,1,21,2,284,1,1,Established Families,1.7522222349798562,0.22006526762264791,0.8654577899079066
1948,Graduate,Single,90842.0,0,0,2013-07-29,57,774,70,118,182,187,93,1,4,9,13,1,0,0,0,0,0,0,0,66,1424,0,0,1,0,27,0,335,1,3,Premium Spenders,3.6624684442625215,1.053186701253468,0.08827458645200871
1978,Postgraduate,Partner,88097.0,1,0,2012-08-18,24,163,0,480,0,126,75,1,6,5,8,9,0,1,1,1,0,0,1,36,844,1,1,3,1,20,3,680,2,1,Established Families,0.6263623788455238,-0.3865662769491703,0.9986586382698334
1975,Graduate,Partner,51948.0,0,1,2013-09-17,51,82,33,54,71,30,41,2,5,2,4,5,0,0,0,0,0,0,0,39,311,1,1,3,1,13,0,285,1,2,Young Starters,-0.3932710084428474,-0.405535750362423,0.10396056541730685
1982,Graduate,Partner,71853.0,0,0,2013-05-08,29,358,108,413,141,97,32,1,2,8,6,1,0,0,0,0,0,0,0,32,1149,0,1,2,0,17,0,417,1,3,Premium Spenders,2.0407020594179643,-1.7900321824715106,0.40331583201894
1983,Postgraduate,Partner,35876.0,0,0,2014-04-20,13,66,2,40,4,3,14,1,3,1,3,6,0,0,0,0,0,0,0,31,129,0,1,2,0,8,0,70,2,2,Young Starters,-1.035968135335385,-2.1090741136122797,0.2676430038541977
1952,Graduate,Single,40049.0,0,1,2013-10-16,23,13,6,7,0,3,3,1,1,0,3,6,0,0,0,0,0,0,0,62,32,1,0,2,1,5,0,256,1,0,Budget Families,-1.3025099937860336,0.7048871887269405,0.30837716644664687
1982,Graduate,Single,39660.0,1,0,2012-08-08,36,139,13,78,20,13,36,3,7,1,3,9,0,0,0,0,0,0,1,32,299,1,0,2,1,14,0,690,1,2,Young Starters,-1.3700936905255587,-0.87297855840873,0.8704628600828358
1962,Graduate,Partner,50127.0,0,1,2014-05-29,88,274,0,21,4,6,15,1,5,1,6,6,0,1,0,0,0,0,0,52,320,1,1,3,1,13,1,31,1,0,Budget Families,-0.45066530179019987,0.837940975474673,0.028061795602380955
1977,Postgraduate,Partner,43263.0,0,1,2012-11-21,2,262,6,61,0,10,102,3,5,2,6,5,0,0,0,0,0,0,0,37,441,1,1,3,1,16,0,585,2,2,Young Starters,-0.34349317932196477,-0.9585903738783826,0.7205434100263951
1949,Postgraduate,Partner,62845.0,1,1,2012-10-01,3,1099,0,45,0,0,34,11,3,4,10,8,0,1,0,0,0,0,1,65,1178,2,1,4,1,28,1,636,2,1,Established Families,0.8057298529552697,2.0758050530708205,0.907686694085293
1990,Graduate,Partner,18929.0,0,0,2013-02-16,15,32,0,8,23,4,18,1,1,0,4,6,0,0,0,0,0,0,0,24,85,0,1,2,0,6,0,498,1,2,Young Starters,-1.6624950196410013,-2.680550707457749,0.36078761589859387
1982,Undergraduate,Single,24367.0,1,0,2013-03-20,58,2,4,2,0,11,5,1,1,0,2,9,0,0,0,0,0,0,0,32,24,1,0,2,1,4,0,466,0,2,Young Starters,-2.5397665548169646,-0.9602873861755126,0.2655902253746284
1959,Undergraduate,Partner,26887.0,0,1,2013-02-10,27,6,7,4,3,4,6,1,1,0,3,6,0,0,0,0,0,0,0,55,30,1,1,3,1,5,0,504,0,0,Budget Families,-1.6879754451814208,0.21267638215876528,0.1265619862777228
1976,Graduate,Partner,62061.0,0,1,2013-08-31,12,641,7,84,0,30,38,3,10,4,7,6,0,1,0,0,0,0,0,38,800,1,1,3,1,24,1,302,1,1,Established Families,0.7167185011947983,-0.5069075558323537,0.524616031625566
1956,Postgraduate,Partner,76542.0,0,0,2013-03-30,91,794,73,573,0,29,14,1,4,8,10,2,0,0,0,0,0,0,0,58,1483,0,1,2,0,23,0,456,2,3,Premium Spenders,2.9014737331124723,0.7069004097445233,0.1637342672307435
1993,Graduate,Single,70515.0,0,0,2013-10-21,12,420,0,452,182,64,140,1,6,6,4,2,0,0,0,0,0,0,1,21,1258,0,0,1,0,17,0,251,1,3,Premium Spenders,1.8195753724799437,-2.652622184783182,0.6852143576626567
1987,Graduate,Partner,18227.0,1,0,2012-11-08,21,1,2,7,4,3,11,1,0,1,2,8,0,0,0,0,0,0,0,27,28,1,1,3,1,4,0,598,1,2,Young Starters,-2.5755410371671026,-1.7013053741371096,0.5238679701332734
1965,Graduate,Partner,69139.0,0,1,2014-01-27,23,86,12,75,33,15,6,1,4,1,5,4,0,0,0,0,0,0,0,49,227,1,1,3,1,11,0,153,1,1,Established Families,0.0904719752626467,0.0038930029451476346,0.04364041285103705
1982,Graduate,Partner,69109.0,0,0,2012-11-09,10,823,25,459,124,29,95,1,6,6,7,4,0,0,1,0,0,0,1,32,1555,0,1,2,0,20,1,597,1,3,Premium Spenders,1.9991873622426914,-1.7968734428058792,0.9106906682928283
1962,Graduate,Single,69627.0,0,1,2013-03-17,35,231,161,215,171,30,53,2,8,2,11,5,0,0,0,0,0,0,0,52,861,1,0,2,1,23,0,469,1,1,Established Families,1.2050366544883877,0.6077351251620854,0.2054308390450727
1978,Graduate,Partner,38136.0,1,0,2013-04-22,69,8,15,27,0,20,33,2,3,1,2,8,1,0,0,0,0,0,0,36,103,1,1,3,1,8,1,433,1,2,Young Starters,-1.7078236770747104,-0.4841979494188524,0.5264887464566426
1946,Postgraduate,Single,62159.0,0,0,2014-04-28,68,182,17,259,77,70,29,1,6,2,10,4,0,0,0,0,0,0,0,68,634,0,0,1,0,19,0,62,2,1,Established Families,1.377342895411289,1.1401567736887397,0.04712548736600546
1963,Graduate,Single,80695.0,0,0,2013-12-29,85,557,129,984,193,37,18,1,5,8,5,2,0,0,0,0,0,0,0,51,1918,0,0,1,0,19,0,182,1,3,Premium Spenders,3.066142881657367,0.08606667311701441,0.3911887024620115
1971,Postgraduate,Single,33316.0,1,1,2013-10-04,34,79,1,31,4,4,12,3,2,1,4,6,0,0,0,0,0,0,0,43,131,2,0,3,1,10,0,268,2,0,Budget Families,-1.72169592193944,0.29413101268530945,0.342416027815056
1968,Graduate,Partner,58554.0,1,1,2012-09-26,55,368,24,68,38,0,88,6,8,2,6,7,0,0,0,0,0,0,0,46,586,2,1,4,1,22,0,641,1,1,Established Families,-0.17367897606177451,1.0967464184005973,0.19871687352855372
1992,Undergraduate,Partner,17256.0,1,0,2013-11-23,10,6,4,14,8,8,22,2,2,1,2,8,1,0,0,0,0,0,0,22,62,1,1,3,1,7,1,218,0,2,Young Starters,-2.4505960161568265,-2.073328419376579,0.5014794853617015
1974,Graduate,Single,53034.0,1,1,2013-05-30,30,160,15,196,15,11,50,8,6,1,7,8,0,0,0,0,0,0,0,40,447,2,0,3,1,22,0,395,1,1,Established Families,-0.6544638297406616,0.4914573573991408,0.48137438697331114
1950,Undergraduate,Partner,52203.0,0,0,2012-07-31,36,488,21,238,56,108,28,1,8,7,11,6,0,0,0,0,0,0,0,64,939,0,1,2,0,27,0,698,0,1,Established Families,1.4879721010160474,0.7936985182778398,0.3410580179053276
1977,Undergraduate,Single,59601.0,0,1,2013-07-25,14,691,7,69,0,7,23,4,2,2,7,8,0,1,0,0,0,0,0,37,797,1,0,2,1,15,1,339,0,1,Established Families,-0.202390886008,-0.6914510964397679,0.4928854911965802
1958,Postgraduate,Single,75154.0,0,1,2012-09-04,79,543,10,205,160,143,82,1,6,3,6,3,0,0,0,0,0,0,1,56,1143,1,0,2,1,16,0,663,2,1,Established Families,1.551005033316523,1.0386339948900365,0.25268626798746524
1976,Graduate,Single,47025.0,0,1,2013-11-07,52,254,7,108,20,0,26,3,6,3,5,6,0,0,0,0,0,0,0,38,415,1,0,2,1,17,0,234,1,1,Established Families,-0.3647775270451088,-0.35490370167601165,0.17356898889015157
1973,Graduate,Partner,37971.0,1,0,2013-11-25,97,5,4,10,2,2,7,1,1,0,3,8,0,0,0,0,0,0,0,41,30,1,1,3,1,5,0,216,1,2,Young Starters,-1.8901008922455114,0.03874946815672905,0.01779774488452743
1958,Graduate,Partner,67267.0,0,1,2014-05-13,0,134,11,59,15,2,30,1,3,2,5,2,0,0,0,0,0,0,0,56,251,1,1,3,1,11,0,47,1,1,Established Families,0.46527296906691634,0.1722159451687768,0.04124456660348994
1975,Graduate,Single,57338.0,0,1,2014-04-29,96,143,6,52,11,8,17,2,4,1,5,5,0,0,0,0,0,0,0,39,237,1,0,2,1,12,0,61,1,2,Young Starters,-0.3793075587226929,0.006159772498594347,0.024334866455159917
1960,Undergraduate,Partner,50523.0,1,1,2013-12-25,89,51,4,24,4,7,1,2,2,0,4,6,0,0,0,0,0,0,0,54,91,2,1,4,1,8,0,186,0,0,Budget Families,-1.3401393488154718,1.5632025137881727,0.006854312680690783
1960,Postgraduate,Single,50611.0,0,1,2012-10-04,98,459,0,24,6,0,4,6,4,5,7,6,0,1,0,0,0,0,0,54,493,1,0,2,1,22,1,633,2,1,Established Families,0.25049385508929706,1.2663287913279924,0.6034761091064311
1969,Postgraduate,Partner,56242.0,0,1,2013-03-03,72,689,8,167,11,8,88,5,8,4,11,6,0,0,0,0,0,0,0,45,971,1,1,3,1,28,0,483,2,1,Established Families,1.0394921136617254,0.5668908882794336,0.09672146956969711
1960,Graduate,Single,48904.0,0,1,2012-12-02,1,283,10,38,0,13,27,4,7,2,4,8,0,0,0,0,0,0,0,54,371,1,0,2,1,17,0,574,1,1,Established Families,-0.527759049215963,0.35405471206908,0.8310953675731435
1975,Graduate,Single,56243.0,1,2,2013-12-30,26,347,0,35,4,3,7,6,4,2,8,5,0,0,0,0,0,0,0,39,396,3,0,4,1,20,0,181,1,0,Budget Families,-0.6910666485117125,0.916271874081647,0.1287626558556215
1985,Graduate,Partner,21355.0,1,0,2013-08-20,5,5,13,14,0,5,31,2,2,1,2,6,1,0,0,0,0,0,1,29,68,1,1,3,1,7,1,313,1,2,Young Starters,-1.947062542590585,-1.7148282178122696,0.7264992796041626
1971,Postgraduate,Partner,57420.0,0,1,2013-06-25,22,280,0,18,0,0,24,3,5,1,6,7,0,1,0,0,0,0,0,43,322,1,1,3,1,15,1,369,2,1,Established Families,-0.4310711201763473,-0.24459274958866276,0.5700541338607182
1970,Postgraduate,Partner,51381.5,0,1,2013-04-01,39,187,5,65,26,20,14,2,4,2,6,5,0,0,0,0,0,0,0,44,317,1,1,3,1,14,0,454,2,1,Established Families,-0.2934266799127773,-0.15750822253358293,0.16107878554382257
1955,Postgraduate,Single,46390.0,0,1,2014-05-05,56,95,14,64,2,9,38,1,4,2,3,7,0,0,0,0,0,0,0,59,222,1,0,2,1,10,0,55,2,0,Budget Families,-0.8922669519436358,0.9795702823424984,0.23113411612678925
1956,Undergraduate,Partner,54342.0,1,1,2013-07-03,74,84,10,34,11,10,28,4,3,1,4,6,0,0,0,0,0,0,0,58,177,2,1,4,1,12,0,361,0,0,Budget Families,-0.9061939472556481,1.8020212610556885,0.026916756854004114
1958,Graduate,Partner,51381.5,1,1,2012-09-03,87,19,4,12,2,2,6,1,1,0,3,5,0,0,0,0,0,0,0,56,45,2,1,4,1,5,0,664,1,0,Budget Families,-1.3471158256807505,1.573412012801493,0.051521094254165505
1964,Undergraduate,Single,51381.5,1,1,2014-01-12,49,5,1,9,2,0,4,1,1,0,2,7,0,0,0,0,0,0,0,50,21,2,0,3,1,4,0,168,0,0,Budget Families,-1.8235527343123148,0.8881138740762322,0.05725098813088069
1973,Graduate,Partner,20895.0,1,0,2012-10-06,24,18,3,17,3,0,4,1,2,0,3,9,0,0,0,0,0,0,0,41,45,1,1,3,1,6,0,631,1,2,Young Starters,-2.39981526065233,-0.6327978480801648,0.4797400084579139
1948,Graduate,Partner,92344.0,0,0,2014-01-15,9,992,24,694,51,19,119,0,5,10,5,1,1,0,1,0,0,0,0,66,1899,0,1,2,0,20,2,165,1,3,Premium Spenders,3.6919440664633134,0.4391877326025346,0.9668274806004159
1972,Postgraduate,Partner,51381.5,1,0,2014-03-02,17,25,1,13,0,0,3,1,1,0,3,7,0,0,0,0,0,0,0,42,42,1,1,3,1,5,0,119,2,2,Young Starters,-1.4013013530849552,-0.6029468053392847,0.17640916649721522
1980,Graduate,Partner,44964.0,1,1,2012-12-16,35,19,1,17,2,0,2,1,1,0,3,8,0,0,0,0,0,0,0,34,41,2,1,4,1,5,0,560,1,0,Budget Families,-2.234980902136187,-0.2783230361148144,0.20019875687769947
1972,Postgraduate,Partner,53761.0,1,1,2013-10-11,7,158,0,76,13,7,71,6,4,4,3,5,0,0,0,0,0,0,0,42,325,2,1,4,1,17,0,261,2,0,Budget Families,-0.5193885970347653,0.1832289229152659,0.645363837498698
1973,Graduate,Partner,22682.0,1,0,2013-10-03,51,10,14,29,4,2,36,3,2,1,4,4,0,0,0,0,0,0,0,41,95,1,1,3,1,10,0,269,1,2,Young Starters,-1.257079838679499,-0.5012966761797264,0.06305779245547306
1972,Postgraduate,Partner,38887.0,1,0,2014-03-02,17,25,1,13,0,0,3,1,1,0,3,7,0,0,0,0,0,0,0,42,42,1,1,3,1,5,0,119,2,2,Young Starters,-1.6965741190044528,-0.6577940543870402,0.23230768132656113
1975,Undergraduate,Single,41658.0,1,1,2012-11-09,30,8,4,12,15,4,29,2,1,1,2,4,0,0,0,0,0,0,0,39,72,2,0,3,1,6,0,597,0,0,Budget Families,-1.5193552962782166,-0.1494369498466348,0.2936694767376278
1972,Postgraduate,Partner,29791.0,1,0,2014-05-15,21,14,0,6,0,0,0,2,2,0,3,5,0,0,0,0,0,0,0,42,20,1,1,3,1,7,0,45,2,2,Young Starters,-1.4852746608071001,-0.6985568941564813,0.12044671782307846
1956,Postgraduate,Partner,63915.0,0,2,2013-07-30,2,622,7,115,30,0,15,2,6,3,12,5,0,0,0,0,0,0,0,58,789,2,1,4,1,23,0,334,2,1,Established Families,0.6301019273009608,1.3759420268413445,0.10033929448525203
1974,Graduate,Single,39996.0,1,1,2014-05-22,85,11,0,3,0,0,1,1,1,0,2,6,0,0,0,0,0,0,0,40,15,2,0,3,1,4,0,38,1,0,Budget Families,-2.032061000676307,0.44975816260377216,0.019864218392203065
1972,Graduate,Single,26759.0,1,0,2014-02-07,65,25,3,16,8,5,2,2,2,1,3,6,0,0,0,0,0,0,0,42,59,1,0,2,1,8,0,142,1,2,Young Starters,-1.6230606983647633,-0.24942957816215333,0.12671934100610618
1969,Postgraduate,Partner,51039.0,1,1,2012-12-10,11,100,64,79,65,0,109,2,6,2,4,7,0,0,0,0,0,0,0,45,417,2,1,4,1,14,0,566,2,0,Budget Families,-0.9750753034927293,0.41974141264816056,0.6704782884828355
1961,Graduate,Partner,60544.0,1,1,2012-08-25,92,201,2,43,3,5,35,4,5,1,5,6,0,0,0,0,0,0,0,53,289,2,1,4,1,15,0,673,1,0,Budget Families,-0.5402466008964298,1.7205271110696805,0.07806693402694616
1953,Graduate,Partner,37716.0,0,1,2014-04-21,4,97,1,41,6,2,41,2,4,1,3,7,0,0,0,0,0,0,0,61,188,1,1,3,1,10,0,69,1,0,Budget Families,-1.114019682797174,0.606440842015794,0.19064855575989711
1957,Graduate,Single,36864.0,0,1,2012-08-13,53,204,5,39,17,0,89,3,5,2,4,8,0,0,0,0,0,0,1,57,354,1,0,2,1,14,0,685,1,0,Budget Families,-0.9597779614703116,0.9051561759434776,0.6967018005660909
1970,Postgraduate,Partner,44511.0,1,0,2012-10-12,39,513,7,133,46,14,14,6,8,4,8,8,0,0,0,0,0,0,0,44,727,1,1,3,1,26,0,625,2,1,Established Families,0.09339597013741932,0.19894137369496642,0.5203138161185435
1967,Postgraduate,Partner,36947.0,1,1,2012-08-07,49,88,3,21,4,1,29,4,3,0,4,9,0,0,0,0,0,0,0,47,146,2,1,4,1,11,0,691,2,0,Budget Families,-2.0144345376394983,0.8645660287989579,0.5161090946007116
1953,Postgraduate,Partner,67087.0,0,1,2013-12-17,40,329,35,222,130,35,43,2,7,5,8,4,0,0,0,0,0,0,0,61,794,1,1,3,1,22,0,194,2,1,Established Families,1.2897404889174564,1.1847764774879468,0.06942735124772101
1950,Graduate,Partner,57045.0,0,1,2012-09-08,40,296,13,104,11,13,17,3,4,2,9,3,0,0,0,0,0,0,0,64,454,1,1,3,1,18,0,659,1,1,Established Families,0.727071153689191,1.2233276136036284,0.07648080440847686
1953,Postgraduate,Single,36957.0,1,1,2012-09-06,43,100,2,16,2,1,31,4,3,2,2,9,0,0,0,0,0,0,1,61,152,2,0,3,1,11,0,661,2,0,Budget Families,-1.8633190918077882,1.7515036113080056,0.8419819460879542
1977,Postgraduate,Partner,69389.0,0,1,2012-09-28,17,422,7,238,69,46,15,1,7,2,12,4,0,0,0,0,0,0,0,37,797,1,1,3,1,22,0,639,2,1,Established Families,1.0912876823272912,-0.6277568817258692,0.19387091896980221
1969,Postgraduate,Partner,43142.0,1,1,2014-02-18,84,5,1,7,2,1,4,1,1,0,2,7,0,0,0,0,0,0,0,45,20,2,1,4,1,4,0,131,2,0,Budget Families,-2.0656945281928483,0.8328716961779322,0.024323699692901064
1944,Graduate,Partner,80589.0,0,0,2014-01-22,25,507,93,520,242,40,26,1,5,10,5,1,0,0,0,1,0,0,1,70,1428,0,1,2,0,21,1,158,1,3,Premium Spenders,3.1139956378706213,0.8474179451678882,0.609339690596698
1990,Graduate,Single,34412.0,1,0,2013-02-13,62,52,12,50,4,36,55,3,5,0,3,9,0,0,0,0,0,0,0,24,209,1,0,2,1,11,0,501,1,2,Young Starters,-1.8236246040869981,-1.2639478298161366,0.6282215009810113
1979,Graduate,Single,57537.0,1,0,2013-06-10,83,191,56,139,51,8,100,4,4,3,8,4,0,0,0,0,0,0,0,35,545,1,0,2,1,19,0,384,1,1,Established Families,0.4128394717686796,-0.27398014077742827,0.05739779269686592
1948,Graduate,Partner,51315.0,0,0,2014-02-23,45,68,28,39,16,30,41,1,2,2,5,2,0,0,0,0,0,0,0,66,222,0,1,2,0,10,0,126,1,1,Established Families,0.5539649869489047,0.4752712056204646,0.016596376591586356
1972,Graduate,Partner,36026.0,2,1,2014-03-16,34,20,4,10,6,4,17,2,2,0,3,6,0,0,0,0,0,0,0,42,61,3,1,5,1,7,0,105,1,0,Budget Families,-2.3368483108633464,0.8576510387318289,0.033443502152822824
1973,Graduate,Partner,24639.0,1,1,2014-01-28,3,20,3,16,0,4,1,3,2,0,4,6,0,0,0,0,0,0,0,41,44,2,1,4,1,9,0,152,1,0,Budget Families,-2.0849261603338363,-0.17846864359969916,0.1446108094261227
1972,Postgraduate,Partner,34578.0,2,1,2014-04-11,1,7,0,1,0,0,0,1,1,0,2,6,0,0,0,0,0,0,0,42,8,3,1,5,1,4,0,79,2,0,Budget Families,-2.594951257904788,0.48499969727908443,0.13325801763949213
1972,Undergraduate,Single,65704.0,0,0,2013-10-13,18,279,172,74,38,8,246,1,2,10,10,1,0,0,0,0,0,0,0,42,817,0,0,1,0,23,0,259,0,3,Premium Spenders,2.0608739156236138,-1.0886368261039086,0.30712320214503075
1969,Postgraduate,Partner,54132.0,0,1,2014-02-16,81,30,1,8,0,0,3,1,1,0,3,7,0,0,0,0,0,0,0,45,42,1,1,3,1,5,0,133,2,2,Young Starters,-1.2941703002223337,0.1908126131459066,0.03704195595474841
1970,Graduate,Partner,28164.0,1,0,2013-05-04,23,3,18,26,11,8,12,3,2,0,4,7,0,0,0,0,0,0,0,44,78,1,1,3,1,9,0,421,1,2,Young Starters,-1.6664705957225787,-0.4246340951692712,0.2969066726091782
1974,Postgraduate,Partner,34596.0,1,0,2013-04-13,48,14,0,2,0,0,7,1,1,0,2,8,0,0,0,0,0,0,0,40,23,1,1,3,1,4,0,442,2,2,Young Starters,-2.0521989419630984,-0.5102591718127252,0.3238141481361463
1972,Postgraduate,Partner,43269.0,1,0,2013-09-16,61,10,1,7,0,0,1,1,1,0,2,8,0,0,0,0,0,0,0,42,19,1,1,3,1,4,0,286,2,2,Young Starters,-1.8275196164104635,-0.21969128229786508,0.16926466643862853
1958,Undergraduate,Single,38741.0,1,1,2014-03-30,60,7,10,17,8,6,13,2,2,0,3,7,0,0,0,0,0,0,0,56,61,2,0,3,1,7,0,91,0,0,Budget Families,-1.8502780821798226,1.4037154363383004,0.03930237910535609
1972,Graduate,Single,31907.0,0,0,2013-03-04,75,33,87,64,175,16,74,1,6,1,6,7,0,0,0,0,0,0,0,42,449,0,0,1,0,14,0,482,1,2,Young Starters,-0.5490029744142956,-0.6582795206336203,0.32196908233799115
1973,Undergraduate,Single,31163.0,1,0,2014-02-13,54,2,3,10,11,2,10,1,1,0,3,6,0,0,0,0,0,0,0,41,38,1,0,2,1,5,0,136,0,2,Young Starters,-1.7223353467235827,-0.46582975577925445,0.060660662134645035
1985,Graduate,Partner,92533.0,0,0,2013-12-19,84,693,21,118,110,147,42,1,6,5,11,2,0,0,1,1,0,0,0,29,1131,0,1,2,0,23,2,192,1,3,Premium Spenders,2.67344943312989,-1.219820266251362,0.18861366981432226
1973,Graduate,Single,34853.0,1,1,2013-12-23,75,9,3,15,2,3,2,2,2,0,3,6,0,0,0,0,0,0,0,41,34,2,0,3,1,7,0,188,1,0,Budget Families,-1.9554649497385643,0.47272227631807107,0.04987323075600945
1967,Graduate,Single,70844.0,1,1,2013-10-30,16,129,26,67,3,67,2,5,6,1,5,7,0,0,0,0,0,0,0,47,294,2,0,3,1,17,0,242,1,1,Established Families,-0.41724896749082907,0.7621967616163725,0.42467398051409266
1979,Undergraduate,Partner,31086.0,1,1,2013-05-04,79,16,2,11,3,0,16,2,1,1,2,8,1,0,0,0,0,0,0,35,48,2,1,4,1,6,1,421,0,0,Budget Families,-2.4814441718536147,0.1496432730956958,0.16120242273001487
1986,Undergraduate,Partner,20491.0,0,0,2013-01-25,16,5,4,5,4,2,10,1,0,1,2,7,0,0,0,0,0,0,0,28,30,0,1,2,0,4,0,520,0,2,Young Starters,-1.9103703774033074,-2.3971870141726255,0.425121567100062
1964,Graduate,Partner,42523.0,0,0,2014-04-23,96,14,36,11,3,26,35,1,1,1,4,2,0,0,0,0,0,0,0,50,125,0,1,2,0,7,0,67,1,2,Young Starters,-0.06898591713853765,-0.24241469596445742,0.008388002292018075
1952,Graduate,Partner,33402.0,1,1,2013-07-18,60,26,2,19,10,5,8,3,2,1,3,8,0,0,0,0,0,0,0,62,70,2,1,4,1,9,0,346,1,0,Budget Families,-1.9549713156381114,1.8722457765606633,0.08949088245081126
1949,Postgraduate,Partner,36408.0,1,1,2013-09-21,11,9,1,4,3,2,3,1,1,0,2,6,0,0,0,0,0,0,0,65,22,2,1,4,1,4,0,281,2,0,Budget Families,-1.8611642120153418,1.4444719399824417,0.22818521154156726
1979,Graduate,Partner,21645.0,1,0,2012-09-03,75,14,0,23,4,5,19,3,3,0,3,9,0,0,0,0,0,0,1,35,65,1,1,3,1,9,0,664,1,2,Young Starters,-2.2462944885799465,-0.5020466253468578,0.29641573284170225
1948,Postgraduate,Single,78427.0,0,0,2012-10-24,36,972,19,595,180,26,138,3,3,7,10,3,0,0,0,1,0,0,1,66,1930,0,0,1,0,23,1,613,2,3,Premium Spenders,3.238142445721081,0.7757509015006915,0.9588051498203356
1946,Graduate,Partner,82657.0,0,0,2013-09-27,71,966,168,672,246,105,126,1,7,5,10,4,0,1,0,1,0,0,0,68,2283,0,1,2,0,23,2,275,1,3,Premium Spenders,3.5020388259542754,1.2713973214937178,0.7671455378081591
1958,Graduate,Partner,51876.0,0,0,2013-10-15,88,99,27,102,28,48,6,1,2,2,8,1,0,0,0,0,0,0,0,56,310,0,1,2,0,13,0,257,1,3,Premium Spenders,0.8823550800632546,0.21809336322195208,0.01265447454798222
1971,Undergraduate,Partner,78041.0,0,0,2012-12-16,93,482,35,553,72,160,17,1,4,4,9,2,0,0,0,0,0,0,0,43,1319,0,1,2,0,18,0,560,0,3,Premium Spenders,2.3513839679361603,-0.38569284768348866,0.03734093051689065
1957,Graduate,Partner,52852.0,0,1,2012-12-01,93,714,8,99,11,0,47,4,10,7,5,8,1,0,0,0,0,0,0,57,879,1,1,3,1,26,1,575,1,1,Established Families,0.5656751424103941,1.59188088508016,0.47089795785474114
1982,Postgraduate,Partner,70038.0,0,0,2013-10-25,54,587,54,348,71,54,130,1,4,4,8,2,0,0,0,0,0,0,0,32,1244,0,1,2,0,17,0,247,2,3,Premium Spenders,1.9186580613812916,-1.533680962927926,0.1066088501780623
1973,Undergraduate,Partner,69401.0,0,1,2014-03-23,41,399,27,159,58,8,39,4,4,4,5,2,0,0,0,0,0,0,0,41,690,1,1,3,1,17,0,98,0,1,Established Families,1.0865951833588485,-0.33711634368316706,0.017073438611020845
1972,Graduate,Partner,46053.0,1,0,2013-02-17,46,56,10,92,19,7,25,3,3,2,4,5,0,0,0,0,0,0,0,42,209,1,1,3,1,12,0,497,1,2,Young Starters,-0.6468210019795897,-0.2933425027975043,0.2465479334073845
1965,Graduate,Partner,77343.0,0,0,2014-06-09,28,227,151,573,98,54,31,1,3,4,9,1,0,0,0,0,0,0,0,49,1134,0,1,2,0,17,0,20,1,3,Premium Spenders,2.3356604185701513,-0.6309656966673193,0.04723950398618037
1953,Graduate,Single,73892.0,0,0,2013-11-13,40,703,102,601,0,58,43,1,3,11,8,1,0,0,0,0,0,0,1,61,1507,0,0,1,0,23,0,228,1,3,Premium Spenders,3.046787223266869,0.39141377948186956,0.5431541487517296
1967,Postgraduate,Single,40304.0,1,0,2013-09-30,82,37,0,17,0,0,3,1,2,0,3,7,0,0,0,0,0,0,0,47,57,1,0,2,1,6,0,272,2,2,Young Starters,-1.5293117709990611,0.29623152820713555,0.20045418648458932
1965,Postgraduate,Partner,32727.0,0,0,2012-08-28,38,167,13,180,86,13,70,2,7,3,5,8,0,0,0,0,0,0,0,49,529,0,1,2,0,17,0,670,2,2,Young Starters,-0.38547667622704873,-0.41086006258500485,0.8459931269994073
1971,Graduate,Single,43300.0,0,1,2012-10-13,87,91,3,52,2,1,31,3,4,0,4,8,0,0,0,0,0,0,1,43,180,1,0,2,1,11,0,624,1,2,Young Starters,-1.2705234073290594,0.23847034631302472,0.3819590097369747
1972,Graduate,Partner,26290.0,1,1,2013-01-12,49,15,8,16,11,5,22,4,2,0,4,6,0,0,0,0,0,0,0,42,77,2,1,4,1,10,0,533,1,0,Budget Families,-1.9418549996012373,0.33454247764858186,0.15516438715893527
1970,Graduate,Single,93790.0,0,0,2014-02-12,16,1302,68,731,89,114,45,0,6,7,12,2,0,1,1,1,0,0,1,44,2349,0,0,1,0,25,3,137,1,3,Premium Spenders,4.005159594081951,-0.8334847195555868,0.9820599505007876
1974,Postgraduate,Partner,38410.0,0,0,2012-09-14,65,153,64,123,116,64,14,2,5,2,9,6,0,0,0,0,0,0,1,40,534,0,1,2,0,18,0,653,2,2,Young Starters,0.049954899922336336,-0.8081821276628629,0.2925069924015022
1950,Postgraduate,Single,64866.0,0,1,2014-01-26,9,508,5,21,7,5,10,4,7,3,7,5,0,1,0,0,0,0,0,64,556,1,0,2,1,21,1,154,2,1,Established Families,0.8379712586130739,1.1263556610390133,0.7097483736612306
1959,Graduate,Partner,57957.0,0,1,2013-08-19,24,290,59,177,77,5,29,7,4,6,8,3,0,0,0,0,0,1,0,55,637,1,1,3,1,25,0,314,1,1,Established Families,1.2118501589496253,0.6311916882968617,0.08795110390654128
1978,Graduate,Partner,16531.0,1,0,2014-06-18,43,2,13,6,7,5,11,3,3,0,3,7,0,0,0,0,0,0,0,36,44,1,1,3,1,9,0,11,1,2,Young Starters,-2.0509565417202533,-0.8308721581383514,0.05516940919956336
1986,Postgraduate,Partner,28072.0,1,0,2013-07-08,10,30,0,10,2,0,5,1,1,0,3,7,0,0,0,0,0,0,0,28,47,1,1,3,1,5,0,356,2,2,Young Starters,-2.0958067437705674,-1.7104867478001833,0.42956085312161785
1963,Postgraduate,Single,49476.0,0,1,2013-06-20,29,386,23,95,54,41,196,4,2,11,5,2,0,0,0,0,0,0,0,51,795,1,0,2,1,22,0,374,2,1,Established Families,1.0967434042187731,0.2505379877775581,0.7223972773091097
1953,Graduate,Partner,50725.0,0,1,2013-02-13,45,443,10,75,0,10,48,4,8,1,8,8,0,0,0,0,0,0,0,61,586,1,1,3,1,21,0,501,1,1,Established Families,0.010489917033692587,1.3143012424188285,0.16159737784386713
1950,Postgraduate,Partner,41145.0,1,1,2014-02-08,20,9,0,3,0,0,1,1,0,0,3,3,0,0,0,0,0,0,0,64,13,2,1,4,1,4,0,141,2,0,Budget Families,-1.2723946656939724,1.352985119775615,0.07196619765750337
1970,Graduate,Partner,67419.0,0,1,2013-01-16,29,846,84,352,91,56,42,4,9,4,8,5,0,0,0,0,0,0,0,44,1471,1,1,3,1,25,0,529,1,1,Established Families,1.70460602512339,0.022961533823980942,0.27859556992108636
1970,Undergraduate,Partner,23162.0,1,1,2013-12-21,82,8,3,9,19,4,22,3,1,1,3,6,0,0,0,0,0,0,0,44,65,2,1,4,1,8,0,190,0,0,Budget Families,-2.1149490914273645,0.7083769134319348,0.009722361331936134
1977,Graduate,Partner,34380.0,1,0,2013-05-02,68,72,7,58,13,1,24,4,4,1,3,8,0,0,0,0,0,0,0,37,175,1,1,3,1,12,0,423,1,2,Young Starters,-1.49396500505073,-0.3528624522136422,0.22053621056779868
1966,Graduate,Single,34704.0,0,1,2013-04-27,65,29,0,5,0,1,5,1,1,0,3,5,0,0,0,0,0,0,0,48,40,1,0,2,1,5,0,428,1,2,Young Starters,-1.3972336003680172,0.07773071716650226,0.19243963384716686
1969,Postgraduate,Partner,94871.0,0,2,2012-09-01,99,169,24,553,188,0,144,1,8,5,4,7,0,1,1,0,0,0,1,45,1078,2,1,4,1,18,2,666,2,1,Established Families,0.8710417603923929,1.470959912391788,0.8631774518192713
1958,Graduate,Partner,65148.0,0,1,2012-11-16,9,460,35,422,33,12,153,2,6,6,7,4,0,0,0,0,0,0,0,56,1115,1,1,3,1,21,0,590,1,1,Established Families,1.402914661150935,0.520446699366458,0.6419250354013831
1954,Graduate,Partner,39898.0,0,1,2013-02-12,20,69,8,26,12,7,12,2,3,0,4,7,0,0,0,0,0,0,0,60,134,1,1,3,1,9,0,502,1,0,Budget Families,-1.1741026071651164,0.6730639408141175,0.3094991532702437
1970,Postgraduate,Partner,59892.0,0,1,2013-11-02,26,73,0,13,0,1,0,1,2,1,3,3,0,0,0,0,0,0,0,44,87,1,1,3,1,7,0,239,2,0,Budget Families,-0.3658772919898342,-0.47449221706695327,0.16139932188889233
1987,Postgraduate,Single,41020.0,0,0,2013-10-28,68,112,1,54,7,7,36,1,3,2,4,3,0,0,0,0,0,0,0,27,217,0,0,1,0,10,0,244,2,2,Young Starters,-0.2630742162809905,-1.9418207602195068,0.23624348401472298
1961,Postgraduate,Partner,57072.0,0,1,2014-01-24,79,944,0,60,0,0,30,2,7,5,13,5,1,0,0,0,0,0,0,53,1034,1,1,3,1,27,1,156,2,1,Established Families,1.3047671556274185,1.103366354443091,0.0259053275240709
1981,Undergraduate,Partner,19414.0,1,0,2013-10-16,32,2,3,12,3,5,7,1,1,0,3,8,0,0,0,0,0,0,0,33,32,1,1,3,1,5,0,256,0,2,Young Starters,-2.4216447657353326,-1.1698206139920129,0.08528142006465106
1980,Graduate,Partner,19107.0,1,0,2013-08-22,49,2,4,9,10,5,16,2,1,0,3,7,0,0,0,0,0,0,0,34,46,1,1,3,1,6,0,311,1,2,Young Starters,-2.181423072394665,-0.9696096012345901,0.09774802330772657
1976,Undergraduate,Partner,75484.0,0,1,2012-08-02,50,378,97,259,197,194,34,2,7,3,6,4,0,0,0,0,0,0,0,38,1159,1,1,3,1,18,0,696,0,1,Established Families,1.3298449329350255,-0.3451484757489407,0.22638472827039113
1976,Postgraduate,Single,70379.0,0,1,2013-03-03,84,553,25,142,65,67,8,3,6,3,13,4,0,0,0,0,0,0,0,38,860,1,0,2,1,25,0,483,2,1,Established Families,1.3632695854120922,0.11774352769725135,0.0434768891085551
1970,Postgraduate,Partner,79419.0,0,0,2014-06-22,96,751,127,687,20,15,31,1,4,6,4,2,0,0,0,0,0,0,0,44,1631,0,1,2,0,15,0,7,2,3,Premium Spenders,2.4884336980180497,-0.3699648702605334,0.04777997213207926
1946,Postgraduate,Partner,64014.0,2,1,2014-06-10,56,406,0,30,0,0,8,7,8,2,5,7,0,0,0,1,0,0,0,68,444,3,1,5,1,22,1,19,2,0,Budget Families,-0.37101208331142754,3.3014901938670578,0.25746215293787034
1955,Graduate,Partner,76998.0,0,1,2013-01-11,85,1449,89,161,69,35,107,2,11,8,8,6,0,0,1,0,0,0,0,59,1910,1,1,3,1,29,1,534,1,1,Established Families,2.5389563198917857,1.6956323424705826,0.3129234424208117
1972,Postgraduate,Partner,49854.0,1,0,2013-11-10,63,123,17,171,39,0,30,5,6,2,5,6,0,0,0,0,0,0,0,42,380,1,1,3,1,18,0,231,2,1,Established Families,-0.22636576170587452,0.05115045635746553,0.11148774027508308
1971,Postgraduate,Partner,60585.0,1,1,2013-06-24,17,267,42,309,55,42,21,10,7,4,9,5,0,0,0,0,0,0,1,43,736,2,1,4,1,30,0,370,2,1,Established Families,0.755261787974523,0.6538719353876143,0.43740643730357776
1950,Postgraduate,Single,42873.0,1,1,2013-01-21,11,209,0,40,3,2,15,4,6,1,4,8,0,0,0,0,0,0,0,64,269,2,0,3,1,15,0,524,2,0,Budget Families,-1.2021510351150406,1.7344094339969744,0.880642441223049
1988,Graduate,Partner,87679.0,0,0,2013-07-27,62,1259,172,815,97,148,33,1,7,11,10,4,1,0,1,1,0,0,1,26,2524,0,1,2,0,29,3,337,1,3,Premium Spenders,3.7310568667068615,-1.4846823320206854,0.9819906713024907
1978,Graduate,Partner,57867.0,1,0,2013-10-01,48,344,35,178,15,23,17,7,7,2,9,6,0,0,0,0,0,0,0,36,612,1,1,3,1,25,0,271,1,1,Established Families,0.499708150920916,-0.3013398884987294,0.08110687593132083
1990,Graduate,Partner,35765.0,1,0,2013-12-11,86,22,3,30,0,5,15,2,2,0,4,6,0,0,0,0,0,0,0,24,75,1,1,3,1,8,0,200,1,2,Young Starters,-1.5817358253828653,-1.2309376662159666,0.017032425225390856
1959,Graduate,Partner,65492.0,0,0,2014-01-26,73,247,161,295,210,85,47,2,4,7,13,2,0,0,0,0,0,0,0,55,1045,0,1,2,0,26,0,154,1,3,Premium Spenders,2.404723036820959,0.38432492638663124,0.029116243182945936
1977,Graduate,Single,32952.0,1,0,2013-12-01,36,38,0,12,3,1,1,1,2,0,3,7,0,0,0,0,0,0,0,37,55,1,0,2,1,6,0,210,1,2,Young Starters,-1.8172676763203663,-0.8253019803514475,0.24521123995818264
1969,Postgraduate,Partner,53374.0,0,1,2012-08-16,34,896,10,101,13,10,34,6,4,2,9,9,1,0,0,0,0,0,1,45,1064,1,1,3,1,21,1,682,2,1,Established Families,0.14746835930120233,0.1696344820279798,0.8009288307874958
1959,Graduate,Partner,71706.0,0,1,2012-11-13,16,931,56,253,91,98,14,4,9,5,7,5,0,0,0,0,0,0,0,55,1443,1,1,3,1,25,0,593,1,1,Established Families,1.8951292223762577,0.6651130470499927,0.49082062209146377
1988,Graduate,Partner,68487.0,0,0,2013-01-13,48,758,12,385,33,89,89,1,9,7,13,4,0,0,0,0,0,0,0,26,1366,0,1,2,0,30,0,532,1,3,Premium Spenders,2.3434072553271754,-1.6170377826804836,0.18713635995311542
1975,Postgraduate,Partner,53253.0,1,1,2013-02-11,61,216,9,57,20,9,125,7,4,3,5,5,0,0,0,0,0,0,0,39,436,2,1,4,1,19,0,503,2,1,Established Families,-0.3435899102537977,0.509772388034647,0.21681476097615834
1977,Graduate,Partner,42014.0,1,0,2012-08-17,56,244,15,108,4,15,50,6,7,1,6,8,0,0,0,0,0,0,1,37,436,1,1,3,1,20,0,681,1,2,Young Starters,-0.6309769119394147,-0.2544307108032003,0.5491339081188484
1973,Postgraduate,Partner,54108.0,1,1,2012-11-05,74,539,6,91,8,6,97,13,8,2,9,8,0,0,0,0,0,0,0,41,747,2,1,4,1,32,0,601,2,1,Established Families,0.2220435278173082,1.180452273721851,0.4027690009246143
1955,Postgraduate,Single,49667.0,0,0,2012-08-20,35,1181,26,120,17,13,39,2,5,10,5,8,1,0,0,0,0,0,1,59,1396,0,0,1,0,22,1,678,2,1,Established Families,1.1484706561437614,0.3836651523947879,0.9751842375523024
1974,Postgraduate,Partner,63206.0,0,0,2014-03-20,65,750,8,125,11,8,26,1,4,3,6,2,0,0,1,0,0,0,0,40,928,0,1,2,0,14,1,101,2,3,Premium Spenders,1.3998016930572663,-0.9806395578812576,0.10134567015388597
1972,Postgraduate,Partner,57136.0,1,1,2013-07-09,48,306,5,109,21,109,92,9,5,2,10,6,0,0,0,0,0,0,0,42,642,2,1,4,1,26,0,355,2,1,Established Families,0.19284481367054543,0.8061392784757877,0.1632003678005795
1975,Undergraduate,Partner,46772.0,0,1,2012-11-07,88,350,104,189,197,151,57,6,11,8,5,8,1,0,0,0,0,0,0,39,1048,1,1,3,1,30,1,599,0,1,Established Families,0.6076609145317899,0.3943054074741467,0.7042339531431294
1971,Postgraduate,Partner,78931.0,0,0,2013-10-25,19,331,197,170,58,152,35,1,2,8,13,1,0,0,0,0,0,0,0,43,943,0,1,2,0,24,0,247,2,3,Premium Spenders,2.5494642630630997,-0.937025839826701,0.13385865904529387
1958,Graduate,Partner,53977.0,0,1,2013-06-08,21,620,16,165,0,24,82,5,5,5,12,5,0,0,0,0,0,0,0,56,907,1,1,3,1,27,0,386,1,1,Established Families,1.1448750880966114,0.7720683281049822,0.11818786041069401
1965,Graduate,Partner,73538.0,0,1,2012-11-25,92,811,76,428,99,137,107,3,10,4,9,7,0,0,0,0,0,0,0,49,1658,1,1,3,1,26,0,581,1,1,Established Families,1.800623605269288,1.0559379630430479,0.1429852160501551
1986,Graduate,Partner,79529.0,0,0,2014-04-27,1,423,42,706,73,197,197,1,4,8,9,2,0,0,0,0,0,0,0,28,1638,0,1,2,0,22,0,63,1,3,Premium Spenders,2.717311270791041,-2.143808571740744,0.39267517660092566
1977,Undergraduate,Partner,20981.0,0,0,2013-04-30,14,2,12,10,6,13,30,1,3,1,2,8,0,0,0,0,0,0,1,37,73,0,1,2,0,7,0,425,0,2,Young Starters,-1.7594502487364436,-1.6977899766307638,0.35697332793051056
1980,Graduate,Single,51766.0,1,0,2014-03-11,74,60,51,87,6,20,51,2,4,2,4,5,0,0,0,0,0,0,0,34,275,1,0,2,1,12,0,110,1,2,Young Starters,-0.5346015124519021,-0.5557370549663568,0.11629827831859901
1962,Graduate,Partner,55759.0,0,1,2012-11-28,84,675,0,85,10,7,77,5,10,3,8,8,0,0,0,0,0,0,0,52,854,1,1,3,1,26,0,578,1,1,Established Families,0.5590981457660276,1.1880200443211064,0.08754323090568192
1972,Postgraduate,Partner,37787.0,1,0,2013-09-20,50,40,1,40,4,3,18,1,3,0,3,8,0,0,0,0,0,0,0,42,106,1,1,3,1,7,0,282,2,2,Young Starters,-1.7114812753748705,-0.27778802910977707,0.20469503427865632
1970,Graduate,Single,27242.0,1,0,2012-11-11,2,3,17,26,20,1,39,2,2,0,3,9,0,0,0,0,0,0,1,44,106,1,0,2,1,7,0,595,1,2,Young Starters,-2.1122286628230085,-0.5821774231012842,0.8512221170798907
1983,Postgraduate,Single,87188.0,0,0,2013-06-03,73,910,111,724,49,74,55,1,10,2,6,3,0,0,0,0,0,0,1,31,1923,0,0,1,0,19,0,391,2,3,Premium Spenders,2.8477095547488314,-1.2971397449326012,0.5331962224017954
1971,Graduate,Partner,69930.0,0,0,2013-05-26,21,252,98,827,219,70,196,1,4,5,12,3,0,0,0,0,0,0,0,43,1662,0,1,2,0,22,0,399,1,3,Premium Spenders,2.507049489341242,-0.9547292377100992,0.44867015168225494
1976,Graduate,Single,37697.0,1,0,2014-02-07,82,34,6,21,11,4,8,1,2,1,3,6,0,0,0,0,0,0,0,38,84,1,0,2,1,7,0,142,1,2,Young Starters,-1.4399982835987062,-0.34085429051742505,0.0582694782220161
1973,Graduate,Single,3502.0,1,0,2013-04-13,56,2,1,1,0,0,1,0,0,0,0,14,0,0,0,0,0,0,0,41,5,1,0,2,1,0,0,442,1,2,Young Starters,-4.008354327648634,-0.3452059218326676,0.7025584394293859
1976,Graduate,Partner,58597.0,1,1,2012-11-20,20,490,0,184,10,28,21,12,7,4,9,7,0,0,0,0,0,0,0,38,733,2,1,4,1,32,0,586,1,1,Established Families,0.4402027934660553,0.46741935719030175,0.5043424243713952
1948,Postgraduate,Single,82032.0,0,0,2014-04-05,54,332,194,377,149,125,57,0,4,6,7,1,0,0,0,0,0,0,0,66,1234,0,0,1,0,17,0,85,2,3,Premium Spenders,2.714458779081144,0.7637307822598255,0.23355907056517314
1958,Graduate,Partner,28087.0,1,1,2012-12-11,77,53,8,17,13,0,21,3,2,2,2,7,0,0,0,0,0,0,0,56,112,2,1,4,1,9,0,565,1,0,Budget Families,-1.9402482557642702,1.5550869066024795,0.1298768244060242
1987,Postgraduate,Single,74004.0,0,0,2014-02-24,5,784,48,560,42,176,48,1,4,6,4,3,0,0,1,1,0,0,1,27,1658,0,0,1,0,15,2,125,2,3,Premium Spenders,2.0256459276769307,-2.3205823895448154,0.9918913350202891
1960,Graduate,Partner,19740.0,0,1,2013-03-24,65,7,11,3,10,4,20,2,1,1,3,5,0,0,0,0,0,0,0,54,55,1,1,3,1,7,0,462,1,0,Budget Families,-1.5597622472908728,0.4613857820046387,0.08826467955150116
1975,Undergraduate,Partner,57036.0,0,1,2012-12-11,33,1171,43,219,19,14,47,4,6,3,13,9,1,0,0,0,0,0,0,39,1513,1,1,3,1,26,1,565,0,1,Established Families,0.8430797837175145,-0.1320337907450411,0.2734818051118384
1958,Undergraduate,Partner,53083.0,1,1,2013-05-15,65,215,7,33,3,0,13,6,5,1,5,7,0,1,0,0,0,0,0,56,271,2,1,4,1,17,1,410,0,0,Budget Families,-0.7541120166306996,1.7346196853637277,0.20573231713597243
1975,Postgraduate,Partner,69283.0,0,1,2014-06-14,41,674,62,134,0,26,8,4,7,3,13,5,0,0,0,0,0,0,0,39,904,1,1,3,1,27,0,15,2,1,Established Families,1.32916378950682,-0.12268209889457964,0.018099577867884832
1975,Postgraduate,Single,46098.0,1,1,2012-08-18,86,57,0,27,0,0,36,4,3,2,2,8,0,0,0,0,0,0,1,39,120,2,0,3,1,11,0,680,2,0,Budget Families,-1.7335770584053725,0.66088617946907,0.6180634957970376
1988,Undergraduate,Partner,23331.0,1,0,2012-09-04,92,5,36,7,0,10,45,2,3,0,3,8,0,0,0,0,0,0,0,26,103,1,1,3,1,8,0,663,0,2,Young Starters,-2.158683608993837,-1.0133121655557555,0.08857048128748084
1988,Undergraduate,Single,23331.0,1,0,2012-10-05,97,104,20,101,24,15,5,6,5,1,5,9,0,0,0,0,0,0,0,26,269,1,0,2,1,17,0,632,0,2,Young Starters,-1.661241088579577,-0.7241904129951549,0.2779751378954526
1989,Graduate,Single,9255.0,1,0,2013-12-20,91,9,0,7,2,0,4,1,1,1,2,8,0,0,0,0,0,0,0,25,22,1,0,2,1,5,0,191,1,2,Young Starters,-2.7442797206610936,-1.2173463014459316,0.06787192687745916
1959,Postgraduate,Single,67786.0,0,0,2013-12-07,0,431,82,441,80,20,102,1,3,6,6,1,0,0,0,0,0,0,1,55,1156,0,0,1,0,16,0,204,2,3,Premium Spenders,2.1291296485930675,-0.5474384899090131,0.7251359574472815
1971,Postgraduate,Partner,71969.0,0,1,2012-10-16,59,1000,0,76,0,0,10,3,3,4,9,8,0,1,0,0,0,0,0,43,1086,1,1,3,1,19,1,621,2,1,Established Families,0.6380212984177938,0.25335616483328155,0.37284059295159766
1967,Postgraduate,Single,59235.0,1,0,2013-01-12,4,448,40,469,80,0,91,3,11,2,12,7,0,0,0,0,0,0,0,47,1128,1,0,2,1,28,0,533,2,1,Established Families,1.0894886576797584,0.1331809030569998,0.8344625360069917
1989,Graduate,Partner,31928.0,1,0,2014-03-28,5,33,4,24,4,2,5,2,3,0,4,7,0,0,0,0,0,0,0,25,72,1,1,3,1,9,0,93,1,2,Young Starters,-1.7848164313907482,-1.8487443205284215,0.14754076937115315
1961,Postgraduate,Partner,74881.0,1,1,2013-03-08,48,505,72,270,36,27,54,4,9,2,12,5,0,0,0,0,0,0,0,53,964,2,1,4,1,27,0,478,2,1,Established Families,1.2248340751579871,1.5893294431312628,0.12050868385693139
1978,Graduate,Partner,65819.0,0,0,2012-11-29,99,267,38,701,149,165,63,1,5,4,10,3,0,0,0,0,0,0,0,36,1383,0,1,2,0,20,0,577,1,3,Premium Spenders,1.9957552475698612,-0.7699396068495454,0.06537089962715488
1953,Postgraduate,Single,51411.0,1,2,2013-05-26,81,14,0,3,0,0,1,1,0,0,3,5,0,0,0,0,0,0,0,61,18,3,0,4,1,4,0,399,2,0,Budget Families,-1.8115873081757699,2.518798662395809,0.09088498330992083
1964,Graduate,Single,51983.0,0,1,2012-08-31,95,631,0,115,10,7,30,3,9,2,10,7,0,0,0,0,0,0,0,50,793,1,0,2,1,24,0,667,1,1,Established Families,0.44771792325097115,1.0506574705087064,0.10137636619673854
1987,Undergraduate,Partner,30390.0,0,0,2013-09-02,5,10,12,12,25,1,20,1,2,0,3,6,0,0,0,0,0,0,0,27,80,0,1,2,0,6,0,300,0,2,Young Starters,-1.3661404276038935,-2.5188534279279797,0.24425401625580095
1963,Graduate,Single,30983.0,0,0,2012-11-09,50,51,4,50,12,1,49,1,4,0,3,8,0,0,0,0,0,0,1,51,167,0,0,1,0,8,0,597,1,2,Young Starters,-1.2323023894566871,-0.36736058636501695,0.6498944540901652
1957,Graduate,Single,66033.0,0,1,2013-01-20,76,293,35,179,46,59,65,2,8,3,7,7,0,0,0,0,0,0,0,57,677,1,0,2,1,20,0,525,1,1,Established Families,0.5200541362680763,1.3234192294784748,0.2799629132968179
1975,Undergraduate,Partner,37284.0,1,1,2013-03-29,46,11,1,2,2,1,6,1,0,0,3,6,0,0,0,0,0,0,0,39,23,2,1,4,1,4,0,457,0,0,Budget Families,-2.1063085329203144,0.01682468099155842,0.039946807265901996
1951,Postgraduate,Single,57530.0,0,1,2013-10-12,68,50,1,27,6,7,1,1,1,1,4,1,0,0,0,0,0,0,0,63,92,1,0,2,1,7,0,260,2,0,Budget Families,0.11774865183912306,1.0886184855597667,0.09756626043231803
1965,Undergraduate,Partner,76800.0,0,0,2014-03-08,33,173,26,255,35,71,81,1,4,4,7,1,0,0,0,0,0,0,0,49,641,0,1,2,0,16,0,113,0,3,Premium Spenders,1.8447200108072748,-0.5876929642577057,0.05247676780110188
1956,Graduate,Partner,63943.0,0,1,2012-09-02,50,423,184,368,13,97,21,1,6,4,6,5,0,0,0,0,0,0,0,58,1106,1,1,3,1,17,0,665,1,1,Established Families,0.9992736448526431,0.9708659697345602,0.40653340025841156
1967,Postgraduate,Partner,37054.0,1,1,2013-09-15,89,12,1,6,0,1,5,2,1,0,3,7,0,0,0,0,0,0,0,47,25,2,1,4,1,6,0,287,2,0,Budget Families,-2.068103213493122,1.032261550900642,0.03413148707698058
1962,Postgraduate,Partner,47175.0,1,1,2012-10-28,81,167,2,44,6,2,19,7,4,2,4,8,1,0,0,0,0,0,1,52,240,2,1,4,1,17,1,609,2,0,Budget Families,-1.1239761147234182,1.628474550282184,0.7069271515685772
1976,Graduate,Single,31859.0,1,0,2013-06-14,77,3,1,3,8,0,5,1,1,0,2,7,0,0,0,0,0,0,0,38,20,1,0,2,1,4,0,380,1,2,Young Starters,-1.9710696809672537,-0.4361954252914203,0.1777465523889621
1961,Graduate,Single,27215.0,2,1,2013-01-23,50,30,5,22,8,9,28,4,2,1,4,6,0,0,0,0,0,0,0,53,102,3,0,4,1,11,0,522,1,0,Budget Families,-2.161276603673026,1.7948594285798223,0.2928603407975096
1976,Postgraduate,Single,70179.0,0,1,2013-07-21,10,532,88,168,69,44,133,3,7,3,13,5,0,0,0,0,0,0,0,38,1034,1,0,2,1,26,0,343,2,1,Established Families,1.3880640293385242,-0.49640211195913236,0.35515630575424245
1988,Graduate,Partner,24645.0,1,0,2012-11-01,16,5,3,4,4,1,0,1,1,0,2,8,0,0,0,0,0,0,0,26,17,1,1,3,1,4,0,605,1,2,Young Starters,-2.4445855245406345,-1.7851653395407625,0.5377691147634842
1954,Graduate,Single,79865.0,0,1,2014-06-18,12,71,99,278,185,121,38,1,5,10,5,1,0,0,0,0,0,0,0,60,792,1,0,2,1,21,0,11,1,3,Premium Spenders,2.0106453328548834,0.7697126603934771,0.3674570435252368
1985,Graduate,Partner,44322.0,1,0,2014-06-16,30,46,0,40,3,0,3,2,3,0,3,8,0,0,0,0,0,0,0,29,92,1,1,3,1,8,0,13,1,2,Young Starters,-1.650920925362732,-1.2806825298912032,0.09603255586613017
1952,Graduate,Single,47958.0,0,1,2013-01-19,8,268,11,88,15,3,22,2,6,3,5,5,0,0,0,0,0,0,0,62,407,1,0,2,1,16,0,526,1,1,Established Families,0.0014708089355157108,0.7993539527957102,0.6327566559375591
1964,Postgraduate,Single,63972.0,0,1,2012-12-02,93,928,63,254,0,12,12,4,5,4,10,4,0,1,0,0,0,0,0,50,1269,1,0,2,1,23,1,574,2,1,Established Families,1.5732291536516434,0.9120770022677379,0.4453475857854731
1954,Graduate,Partner,75315.0,0,1,2014-04-15,14,459,15,171,142,23,31,2,5,4,12,2,0,0,0,0,0,0,0,60,841,1,1,3,1,23,0,75,1,1,Established Families,1.8962154377577092,0.8543916702401305,0.012786707534860458
1950,Postgraduate,Partner,55517.0,1,1,2012-09-27,53,483,0,108,0,6,36,5,11,1,6,9,0,0,0,0,0,0,1,64,633,2,1,4,1,23,0,640,2,1,Established Families,-0.2882405031870411,2.3815474036337254,0.36656446555870686
1957,Postgraduate,Partner,75283.0,1,2,2013-03-27,26,733,9,180,12,19,66,11,6,3,5,4,0,0,0,0,0,0,0,57,1019,3,1,5,1,25,0,459,2,1,Established Families,0.9328793859866779,2.254580848096705,0.42588908998071767
1991,Postgraduate,Single,90638.0,0,0,2014-02-13,29,1156,120,915,94,144,96,1,3,4,10,1,0,0,1,0,0,0,1,23,2525,0,0,1,0,18,1,136,2,3,Premium Spenders,3.6237183172954204,-2.3555076805012245,0.8032810200422781
1986,Postgraduate,Partner,27161.0,1,0,2013-10-28,41,7,4,23,7,0,11,1,1,0,3,7,0,0,0,0,0,0,0,28,52,1,1,3,1,5,0,244,2,2,Young Starters,-2.1078886677981954,-1.4338241590575482,0.17974318638756642
1960,Postgraduate,Partner,38201.0,0,1,2013-03-29,19,233,0,23,0,0,12,4,5,1,5,8,0,0,0,0,0,0,0,54,268,1,1,3,1,15,0,457,2,0,Budget Families,-0.9810914050013447,0.4285700002189782,0.556756907298426
1982,Graduate,Partner,45203.0,2,0,2014-03-23,4,35,3,67,10,8,24,1,3,1,3,6,0,0,0,0,0,0,1,32,147,2,1,4,1,8,0,98,1,0,Budget Families,-1.6628154484498558,-0.712623800430097,0.11207806967522033
1947,Postgraduate,Partner,81574.0,0,0,2014-04-28,89,1252,0,465,46,35,0,1,4,5,8,1,0,1,1,0,0,0,0,67,1798,0,1,2,0,18,2,62,2,3,Premium Spenders,3.25956919020829,1.1423689338142238,0.23250147786407183
1976,Postgraduate,Single,60482.0,0,1,2013-01-23,81,255,43,134,37,14,24,1,7,2,7,7,0,0,0,0,0,0,0,38,507,1,0,2,1,17,0,522,2,1,Established Families,-0.1278059259496022,0.004876233757603946,0.22290284161722085
1956,Graduate,Partner,34633.0,2,1,2014-01-23,31,8,1,5,0,0,1,1,1,0,2,6,0,0,0,0,0,0,0,58,15,3,1,5,1,4,0,157,1,0,Budget Families,-2.4149436676640414,1.8328017311492932,0.042799657849907934
1947,Postgraduate,Partner,78093.0,0,0,2013-12-11,53,368,32,639,13,43,10,1,4,7,5,1,0,0,0,0,0,0,0,67,1105,0,1,2,0,17,0,200,2,3,Premium Spenders,2.5214622215030715,0.8108123401717379,0.34956194522442713
1950,Graduate,Single,82460.0,0,0,2013-12-02,78,255,47,573,52,32,15,1,5,3,6,1,0,0,0,0,0,0,0,64,974,0,0,1,0,15,0,209,1,3,Premium Spenders,2.370063878237391,0.8144908433986435,0.1482548329625927
1966,Postgraduate,Partner,45903.0,0,1,2014-04-23,80,33,8,10,2,10,3,2,2,1,3,4,0,0,0,0,0,0,0,48,66,1,1,3,1,8,0,67,2,0,Budget Families,-0.7702699041863222,0.2890389727093962,0.026534502563148973
1987,Graduate,Single,81361.0,0,0,2014-02-25,18,163,23,424,27,65,76,1,3,10,13,1,0,0,0,0,0,0,1,27,778,0,0,1,0,27,0,124,1,3,Premium Spenders,2.471108437869786,-1.933760604091678,0.23662593678402583
1973,Postgraduate,Single,35860.0,1,1,2014-05-19,37,15,0,8,4,2,20,2,1,1,2,5,1,0,0,0,0,0,1,41,49,2,0,3,1,6,1,41,2,0,Budget Families,-1.81839200169776,0.06648659732680601,0.5497776795619413
1952,Postgraduate,Partner,40442.0,1,1,2012-08-19,52,45,12,52,25,22,13,4,3,1,4,7,0,0,0,0,0,0,1,62,169,2,1,4,1,12,0,679,2,0,Budget Families,-1.367758109308593,1.8533892138596662,0.4266780771157371
1965,Graduate,Partner,61482.0,0,0,2014-06-27,39,48,58,68,16,66,43,1,3,2,6,2,0,0,0,0,0,0,0,49,299,0,1,2,0,12,0,2,1,3,Premium Spenders,0.7962165304117497,-0.6349250006832813,0.02535023410240191
1980,Graduate,Partner,34968.0,1,0,2013-04-10,11,158,6,45,8,2,2,7,3,2,5,7,0,0,0,0,0,0,0,34,221,1,1,3,1,17,0,445,1,2,Young Starters,-1.0287472331633645,-0.9967274616392148,0.5437358032121248
1987,Graduate,Partner,75794.0,0,0,2013-12-24,33,754,160,625,63,32,48,1,7,5,12,3,0,0,0,1,0,0,0,27,1682,0,1,2,0,25,1,187,1,3,Premium Spenders,2.6700910066709587,-1.8274559061640658,0.2928739781012986
1955,Graduate,Partner,74268.0,0,0,2013-02-14,83,199,66,315,97,174,41,1,4,3,5,2,0,0,0,0,0,0,0,59,892,0,1,2,0,13,0,500,1,3,Premium Spenders,1.7749354377614592,0.4872946117317108,0.15997229522635614
1988,Undergraduate,Partner,13724.0,1,0,2012-08-31,43,2,7,5,2,15,27,1,2,0,2,9,1,0,0,0,0,0,0,26,58,1,1,3,1,5,1,667,0,2,Young Starters,-2.769934997285042,-1.5248068537985775,0.6891759645623249
1967,Postgraduate,Single,52569.0,0,1,2014-04-05,54,85,0,3,0,0,7,1,2,0,4,3,0,0,0,0,0,0,0,47,95,1,0,2,1,7,0,85,2,0,Budget Families,-0.49597914705938906,-0.051543648319990885,0.08730825691488285
1973,Postgraduate,Single,48432.0,0,1,2012-10-18,3,322,3,50,4,3,42,5,7,1,6,8,0,0,0,0,0,0,1,41,424,1,0,2,1,19,0,619,2,1,Established Families,-0.5141724960749443,-0.4601891252092336,0.8767164921912798
1984,Graduate,Single,36108.0,1,0,2013-10-15,68,141,8,129,3,11,47,3,7,1,4,9,1,0,0,0,0,0,0,30,339,1,0,2,1,15,1,257,1,2,Young Starters,-1.3777840406229804,-0.7117615958524247,0.6868119905377464
1971,Graduate,Partner,76445.0,1,0,2012-09-28,2,739,107,309,140,80,35,1,2,5,13,6,0,0,0,0,0,0,0,43,1410,1,1,3,1,21,0,639,1,1,Established Families,1.4555162235358883,-0.29714754330773296,0.22760754105351952
1975,Postgraduate,Partner,36663.0,1,0,2014-04-25,40,18,0,6,3,3,5,1,1,1,3,2,0,0,0,0,0,0,0,39,35,1,1,3,1,6,0,65,2,2,Young Starters,-0.9025352242061002,-0.8489854251062908,0.05070323002956075
1965,Postgraduate,Partner,53843.0,0,1,2013-06-27,64,378,0,88,19,4,73,4,8,5,3,7,0,0,0,0,0,0,0,49,562,1,1,3,1,20,0,367,2,1,Established Families,0.047852480326433626,0.6286543492538716,0.326115101917449
1956,Postgraduate,Partner,90226.0,0,0,2012-09-26,26,1083,108,649,253,151,108,1,4,7,12,2,0,0,0,1,0,0,0,58,2352,0,1,2,0,24,1,641,2,3,Premium Spenders,4.014224709862779,0.15961885721630076,0.8740343264748239
1955,Postgraduate,Single,70638.0,0,0,2013-06-01,69,1016,12,215,16,12,63,1,4,5,10,3,0,1,0,0,0,0,0,59,1334,0,0,1,0,20,1,393,2,3,Premium Spenders,2.3038585612799864,0.5285528762885239,0.546953686062192
1960,Graduate,Partner,44512.0,1,1,2013-08-30,57,23,1,6,0,0,2,2,1,0,3,4,0,0,0,0,0,0,0,54,32,2,1,4,1,6,0,303,1,0,Budget Families,-1.3243437341328403,1.1184661860555583,0.027981471688909892
1961,Graduate,Partner,27116.0,1,1,2014-03-02,78,12,1,21,2,2,3,2,2,0,3,7,0,0,0,0,0,0,0,53,41,2,1,4,1,7,0,119,1,0,Budget Families,-2.17053432291839,1.314986629970466,0.014781044213800274
1963,Postgraduate,Partner,54072.0,1,1,2013-07-27,71,35,0,4,0,0,0,1,2,0,2,8,0,0,0,0,0,0,0,51,39,2,1,4,1,5,0,337,2,0,Budget Families,-1.8372369374215494,1.2312717256125985,0.09074199705767583
1977,Graduate,Partner,71855.0,0,1,2013-01-16,59,548,31,422,0,112,28,4,5,5,11,3,0,0,0,0,0,0,0,37,1141,1,1,3,1,25,0,529,1,3,Premium Spenders,1.7880950559575972,-0.22536364954626767,0.1906359309191128
1990,Undergraduate,Single,51250.0,1,0,2013-03-30,28,342,32,230,34,32,40,5,10,5,4,9,1,0,0,0,0,0,0,24,710,1,0,2,1,24,1,456,0,1,Established Families,-0.2532474232558001,-1.219610130400938,0.9452849288456558
1973,Postgraduate,Partner,60432.0,0,1,2014-03-09,61,365,3,15,4,3,11,5,7,2,5,6,0,0,0,0,0,0,0,41,401,1,1,3,1,19,0,112,2,1,Established Families,0.08843938898936538,0.03447269601153746,0.04855922778576913
1978,Undergraduate,Partner,12393.0,0,0,2012-12-04,38,5,6,15,11,7,13,1,2,0,3,9,0,0,0,0,0,0,0,36,57,0,1,2,0,6,0,572,0,2,Young Starters,-2.20474541928291,-1.565437203079648,0.29893678883397523
1990,Graduate,Single,64509.0,0,0,2013-08-17,19,836,185,575,24,25,77,1,6,3,9,4,1,0,0,0,0,0,1,24,1722,0,0,1,0,19,1,316,1,3,Premium Spenders,1.8931198928274038,-2.3048134350422873,0.8875825698434405
1975,Graduate,Single,33955.0,1,0,2013-08-09,92,100,2,128,23,7,10,4,5,1,5,8,0,0,0,0,0,0,0,39,270,1,0,2,1,15,0,324,1,2,Young Starters,-1.2247755755618417,0.06250978455113802,0.16146872463004472
1977,Graduate,Partner,31353.0,1,1,2013-12-29,24,10,0,10,3,1,7,2,1,1,2,8,0,0,0,0,0,0,1,37,31,2,1,4,1,6,0,182,1,0,Budget Families,-2.4778762696158134,-0.21223621966267534,0.13671810169279874
1984,Graduate,Partner,55434.0,1,0,2013-10-05,21,238,115,215,169,69,76,3,5,3,13,4,0,0,0,0,0,0,0,30,882,1,1,3,1,24,0,267,1,1,Established Families,0.8768120000905335,-1.081076627014505,0.04230002904053648
1983,Graduate,Partner,28359.0,1,0,2013-10-27,35,6,0,5,2,1,2,1,1,0,2,7,0,0,0,0,0,0,0,31,16,1,1,3,1,4,0,245,1,2,Young Starters,-2.1375882015937018,-1.302718107670661,0.1389396204209923
1987,Graduate,Single,57100.0,1,0,2014-05-18,9,158,11,99,15,11,17,2,3,2,7,3,0,0,0,0,0,0,0,27,311,1,0,2,1,14,0,42,1,2,Young Starters,-0.017625688214890013,-1.6319413571527344,0.18312684796950107
1956,Postgraduate,Partner,52973.0,0,1,2012-11-08,92,856,0,76,12,9,199,7,9,6,9,8,0,0,0,0,0,0,0,58,1152,1,1,3,1,31,0,598,2,1,Established Families,1.1005977101193933,1.75387544533995,0.3242236367556051
1965,Postgraduate,Partner,51717.0,0,1,2013-08-20,55,98,1,17,0,1,5,1,3,0,4,7,0,1,0,0,0,0,0,49,122,1,1,3,1,8,1,313,2,0,Budget Families,-1.072207339785944,0.27960859761628337,0.37916758804879946
1971,Graduate,Partner,18793.0,1,0,2013-01-12,14,4,16,20,0,17,20,3,2,0,4,8,0,0,0,0,0,0,0,43,77,1,1,3,1,9,0,533,1,2,Young Starters,-2.0652653185746725,-0.5721907901931395,0.5460698508576489
1959,Graduate,Single,50664.0,1,1,2013-01-16,64,313,8,104,6,4,126,9,8,1,6,9,0,0,0,0,0,0,0,55,561,2,0,3,1,24,0,529,1,1,Established Families,-0.4992578271492898,1.881356878202826,0.49173962921910835
1963,Graduate,Partner,54414.0,1,1,2013-01-23,49,109,18,16,24,26,18,4,3,1,5,4,0,0,0,0,0,0,0,51,211,2,1,4,1,13,0,522,1,0,Budget Families,-0.56629892526984,1.0419970819638058,0.1224294485720976
1952,Postgraduate,Partner,54549.0,0,1,2014-03-03,8,216,2,6,0,0,9,2,5,1,4,7,0,0,0,0,0,0,0,62,233,1,1,3,1,12,0,118,2,0,Budget Families,-0.5512254040406344,0.8282160165008211,0.2692872741089482
1971,Postgraduate,Single,47111.0,0,1,2012-09-08,35,595,71,153,120,112,41,6,3,2,10,9,0,0,0,0,0,0,0,43,1092,1,0,2,1,21,0,659,2,1,Established Families,0.002586595915130601,0.015354537748973685,0.7354294544382844
1963,Postgraduate,Single,41003.0,0,0,2013-03-17,11,123,133,142,71,44,88,1,6,2,8,6,0,0,0,0,0,0,0,51,601,0,0,1,0,17,0,469,2,1,Established Families,0.2170781014799604,-0.5728028852760468,0.7613575724032374
1982,Graduate,Partner,19444.0,1,0,2014-02-22,8,16,0,23,3,2,10,3,4,1,2,7,0,0,0,0,0,0,1,32,54,1,1,3,1,10,0,127,1,2,Young Starters,-1.963647244455683,-1.3814543902622676,0.26676218910710203
1976,Undergraduate,Partner,36301.0,1,0,2013-10-25,53,11,12,35,3,5,12,1,3,0,3,7,0,0,0,0,0,0,0,38,78,1,1,3,1,7,0,247,0,2,Young Starters,-1.6474544568142544,-0.5671365366079415,0.04032475101802939
1969,Postgraduate,Partner,42731.0,1,0,2013-10-21,64,159,2,51,6,2,24,3,4,1,5,5,0,0,0,0,0,0,0,45,244,1,1,3,1,13,0,251,2,2,Young Starters,-0.6032730756206948,0.07853259517559039,0.09482226104260341
1959,Postgraduate,Partner,52854.0,1,1,2014-03-24,43,105,0,10,0,1,0,2,2,1,4,5,0,0,0,0,0,0,0,55,116,2,1,4,1,9,0,97,2,0,Budget Families,-1.0386932809625948,1.2036029056556632,0.05539343038262078
1978,Graduate,Partner,22775.0,1,0,2013-06-19,40,5,1,8,0,0,1,1,1,0,2,8,0,0,0,0,0,0,0,36,15,1,1,3,1,4,0,375,1,2,Young Starters,-2.381656172434665,-0.9032713237274783,0.20489798473365867
1955,Postgraduate,Partner,59821.0,0,1,2013-04-12,11,629,0,70,0,0,35,6,11,2,7,8,0,0,0,0,0,0,0,59,734,1,1,3,1,26,0,443,2,1,Established Families,0.6137488504123876,1.0208979222792693,0.5845390411383664
1954,Graduate,Single,50002.0,0,1,2013-06-17,21,443,5,71,21,16,82,2,8,2,7,7,0,0,0,0,0,0,0,60,638,1,0,2,1,19,0,377,1,1,Established Families,0.07245228227786854,0.9350336023357578,0.37746921481014734
1945,Graduate,Partner,69755.0,0,0,2013-10-02,23,217,77,373,111,23,93,1,3,6,12,1,0,0,0,0,0,0,0,69,894,0,1,2,0,22,0,270,1,3,Premium Spenders,2.448564973550592,0.7633379959990132,0.08755790455864192
1969,Graduate,Partner,44078.0,1,1,2014-06-19,17,24,1,10,2,0,4,2,2,0,3,5,0,0,0,0,0,0,0,45,41,2,1,4,1,7,0,10,1,0,Budget Families,-1.5347306616895238,0.2140021591690809,0.04642988582493294
1976,Postgraduate,Partner,30560.0,1,0,2013-06-27,6,9,1,5,4,5,7,1,1,0,3,7,0,0,0,0,0,0,0,38,31,1,1,3,1,5,0,367,2,2,Young Starters,-1.9465245231943133,-1.0625088072847744,0.4864776535069798
1969,Postgraduate,Partner,35924.0,1,1,2014-03-23,56,8,0,14,2,3,7,1,1,0,3,5,0,0,0,0,0,0,0,45,34,2,1,4,1,5,0,98,2,0,Budget Families,-1.8422912977643624,0.4853953045419949,0.028485919813254528
1964,Postgraduate,Single,64140.0,0,2,2013-09-23,71,1459,0,61,0,15,215,5,2,5,6,5,1,0,1,0,1,0,1,50,1750,2,0,3,1,18,3,279,2,1,Established Families,1.0957281268112493,1.301740531333672,0.9469236260655898
1981,Graduate,Partner,56386.0,1,1,2012-10-27,51,230,48,214,13,32,75,8,9,1,7,9,0,0,0,0,0,0,0,33,612,2,1,4,1,25,0,610,1,1,Established Families,-0.49554420905172386,0.3299270827207216,0.45969713470536155
1981,Undergraduate,Partner,75774.0,1,0,2014-05-02,27,340,21,134,258,14,56,1,7,5,8,4,0,0,0,0,0,0,0,33,823,1,1,3,1,21,0,58,0,1,Established Families,1.166438565143219,-0.8026451565833818,0.006867118679070213
1960,Postgraduate,Single,39228.0,0,0,2013-05-10,1,7,1,6,0,3,3,1,0,0,3,4,0,0,0,0,0,0,0,54,20,0,0,1,0,4,0,415,2,2,Young Starters,-0.7125849862237273,-0.828797112280506,0.71582632299922
1974,Postgraduate,Partner,58494.0,0,1,2013-12-12,56,298,7,68,4,0,19,2,6,2,6,6,0,0,0,0,0,0,0,40,396,1,1,3,1,16,0,199,2,1,Established Families,-0.1460379444356696,-0.15616563079086976,0.046270628676203865
1981,Graduate,Single,58684.0,0,0,2014-06-16,71,479,35,179,28,7,85,1,5,3,12,2,0,1,0,0,0,0,0,33,813,0,0,1,0,21,1,13,1,3,Premium Spenders,1.526172771426194,-1.2484956217149672,0.06809585678268394
1967,Graduate,Single,57136.0,0,0,2013-05-18,18,267,140,599,34,12,127,1,7,5,7,6,0,0,0,0,0,0,1,47,1179,0,0,1,0,20,0,407,1,1,Established Families,1.2245394465890043,-0.6654501907953164,0.8624633667353278
1950,Postgraduate,Single,56551.0,1,1,2014-05-07,48,67,4,32,17,2,16,3,2,1,4,4,0,0,0,0,0,0,0,64,138,2,0,3,1,10,0,53,2,0,Budget Families,-0.6151562638940842,1.8502991694380904,0.11244130915799047
1982,Graduate,Partner,22448.0,1,0,2014-02-26,86,3,1,8,23,2,18,3,2,1,3,3,0,0,0,0,0,0,0,32,55,1,1,3,1,9,0,123,1,2,Young Starters,-1.2784856454068219,-0.8541495413986308,0.009203139365136158
1961,Graduate,Single,82014.0,0,0,2012-08-20,48,980,37,265,35,163,31,1,3,6,12,6,0,0,0,0,0,0,1,53,1511,0,0,1,0,22,0,678,1,3,Premium Spenders,2.2794358638882715,0.14975197626976167,0.5375209172537451
1963,Graduate,Single,34213.0,1,1,2012-09-07,2,50,4,28,6,3,26,3,3,1,2,9,0,0,0,0,0,0,1,51,117,2,0,3,1,9,0,660,1,0,Budget Families,-2.18513262166832,0.6505452650245929,0.9032511443609776
1977,Graduate,Partner,157146.0,0,0,2013-04-29,13,1,0,1725,2,1,1,0,0,28,0,1,0,0,0,0,0,0,0,37,1730,0,1,2,0,28,0,426,1,3,Premium Spenders,5.2372035721824775,-0.9961984948941661,0.9970123501291802
1947,Postgraduate,Single,25358.0,0,1,2013-07-22,57,19,0,5,0,0,8,2,1,0,3,6,0,0,0,0,0,0,0,67,32,1,0,2,1,6,0,342,2,0,Budget Families,-1.53390701830699,1.3080207890293685,0.2678163138087125
1978,Postgraduate,Single,35544.0,1,0,2014-03-08,77,30,5,23,4,1,4,1,2,0,3,7,0,0,0,0,0,0,0,36,67,1,0,2,1,6,0,113,2,2,Young Starters,-1.749397898913867,-0.5102378341307138,0.13915389617717627
1954,Postgraduate,Partner,36634.0,0,1,2013-05-28,0,213,9,76,4,3,30,3,5,2,5,7,0,0,0,0,0,0,0,60,335,1,1,3,1,15,0,397,2,0,Budget Families,-0.736653685345634,0.6075002982308804,0.6674885690651223
1954,Postgraduate,Partner,62670.0,0,1,2014-02-02,57,539,30,92,80,46,38,1,5,3,13,3,0,0,0,0,0,0,0,60,825,1,1,3,1,22,0,147,2,1,Established Families,1.3686983999348101,1.2083541250699892,0.0061390633518863015
1972,Undergraduate,Partner,50334.0,0,1,2013-07-24,24,284,16,160,84,16,134,6,7,4,6,6,0,0,0,0,0,0,0,42,694,1,1,3,1,23,0,340,0,1,Established Families,0.33524777445984366,-0.19882737884436458,0.2013680258519272
1981,Graduate,Single,72066.0,0,0,2014-06-23,55,1003,34,536,134,51,34,1,4,6,6,2,0,0,1,1,0,0,1,33,1792,0,0,1,0,17,2,6,1,3,Premium Spenders,2.445475099851803,-1.4747187302116471,0.6553517005800413
1958,Postgraduate,Single,50729.0,1,1,2013-05-02,62,239,13,143,45,4,52,9,6,2,7,6,0,0,0,0,0,0,0,56,496,2,0,3,1,24,0,423,2,1,Established Families,-0.04961886210392931,1.8068767212900616,0.3978388127625574
1968,Graduate,Partner,34916.0,2,0,2013-05-15,89,51,23,82,33,0,42,4,5,1,3,9,0,0,0,0,0,0,0,46,231,2,1,4,1,13,0,410,1,0,Budget Families,-1.878215694246136,1.1933180602425557,0.10594681951961883
1976,Graduate,Single,64892.0,0,1,2014-05-29,77,527,24,230,32,24,65,2,6,4,12,4,0,0,0,0,0,0,0,38,902,1,0,2,1,24,0,31,1,1,Established Families,1.2106219799432205,0.00494548871163595,0.01312005271650221
1966,Graduate,Single,43602.0,1,1,2014-01-10,45,19,5,12,10,3,19,3,3,1,2,6,0,0,0,0,0,0,0,48,68,2,0,3,1,9,0,170,1,0,Budget Families,-1.5358935228853745,0.7549739366815557,0.1763925467465128
1985,Undergraduate,Single,41473.0,1,0,2013-06-19,80,21,8,20,15,3,9,1,2,0,3,7,0,0,0,0,0,0,0,29,76,1,0,2,1,6,0,375,0,2,Young Starters,-1.674468567133818,-0.9282330036127664,0.06616201725114251
1967,Postgraduate,Partner,63246.0,0,2,2013-08-20,60,593,30,91,29,22,7,1,6,3,12,4,0,0,0,0,0,0,0,47,772,2,1,4,1,22,0,313,2,1,Established Families,0.6009430592300243,1.0939812238501359,0.0098595445336371
1959,Postgraduate,Partner,36732.0,1,1,2013-12-29,71,21,5,3,10,1,7,3,1,1,4,2,0,0,0,0,0,0,0,55,47,2,1,4,1,9,0,182,2,0,Budget Families,-0.9804814755130618,1.2628444641196968,0.025507242994504187
1985,Postgraduate,Single,37929.0,0,0,2013-07-30,49,202,2,46,3,2,10,2,4,2,5,7,0,1,0,1,0,0,1,29,265,0,0,1,0,13,2,334,2,2,Young Starters,-0.7622174328562908,-1.7561894446909994,0.9580687731968841
1951,Graduate,Partner,86610.0,0,0,2013-09-05,66,446,107,768,33,196,53,1,5,6,6,2,0,0,0,0,0,0,0,63,1603,0,1,2,0,18,0,297,1,3,Premium Spenders,3.0016952499213323,0.7387303253341405,0.3738596227229807
1986,Postgraduate,Partner,80141.0,0,0,2013-01-11,20,1184,102,673,52,40,40,1,7,4,10,6,0,0,1,0,0,0,1,28,2091,0,1,2,0,22,1,534,2,3,Premium Spenders,2.46402222875581,-1.8213129183354222,0.9165201129022157
1970,Graduate,Partner,69016.0,0,1,2012-11-22,61,726,53,363,123,107,161,4,8,9,13,5,0,0,0,0,0,0,0,44,1533,1,1,3,1,34,0,584,1,1,Established Families,2.3199308489011923,0.5263953603039772,0.1807870771632116
1991,Undergraduate,Partner,20193.0,0,0,2012-11-28,18,8,8,22,24,11,9,1,1,1,4,4,0,0,0,0,0,0,0,23,82,0,1,2,0,7,0,578,0,2,Young Starters,-1.258476719593106,-2.776331429134786,0.3104339684477631
1975,Graduate,Partner,27573.0,1,0,2013-03-25,45,50,15,110,39,15,15,4,5,1,4,8,0,0,0,0,0,0,0,39,244,1,1,3,1,14,0,461,1,2,Young Starters,-1.4633540809160859,-0.41341225431679895,0.3952483806913349
1979,Undergraduate,Single,15862.0,1,0,2013-06-27,26,1,1,4,11,9,10,1,1,0,3,8,0,0,0,0,0,0,0,35,36,1,0,2,1,5,0,367,0,2,Young Starters,-2.482205301570554,-1.1054654621858857,0.2907470709121937
1976,Postgraduate,Partner,49544.0,1,0,2013-02-12,0,308,0,73,0,0,23,2,5,1,8,7,0,0,0,0,0,0,0,38,404,1,1,3,1,16,0,502,2,2,Young Starters,-0.5455214202407205,-0.7954413761389882,0.5704627547261606
1980,Graduate,Partner,33228.0,1,0,2014-01-23,28,22,2,31,7,4,5,1,2,0,3,7,0,0,0,0,0,0,0,34,71,1,1,3,1,6,0,157,1,2,Young Starters,-1.8298565937094542,-1.0991081365072062,0.10980886628329901
1978,Graduate,Partner,70440.0,0,0,2013-10-08,49,690,117,499,76,102,88,1,5,10,7,3,0,0,0,1,0,0,0,36,1572,0,1,2,0,23,1,264,1,3,Premium Spenders,2.431194179136055,-1.141965759727111,0.7130791414138326
1971,Graduate,Partner,38232.0,1,1,2014-01-17,84,43,5,28,7,6,33,4,3,1,3,5,0,0,0,0,0,0,0,43,122,2,1,4,1,11,0,163,1,0,Budget Families,-1.3826694395018961,0.7501417447992614,0.01723574752300438
1955,Postgraduate,Partner,22554.0,1,1,2012-11-03,38,27,0,10,0,0,4,4,2,0,4,5,0,0,0,0,0,0,0,59,41,2,1,4,1,10,0,603,2,0,Budget Families,-1.72004236795482,1.3211654855839683,0.3565027419301579
1983,Postgraduate,Partner,23536.0,1,0,2014-06-04,53,6,0,3,0,0,1,1,0,0,3,3,0,0,0,0,0,0,0,31,10,1,1,3,1,4,0,25,2,2,Young Starters,-1.5956965680839357,-1.329845680249828,0.02621524836467756
1952,Graduate,Partner,49413.0,0,1,2013-10-25,88,205,7,41,3,2,46,2,4,2,5,5,0,0,0,0,0,0,0,62,304,1,1,3,1,13,0,247,1,0,Budget Families,-0.21188777158015223,1.4657715317593805,0.023099216470529604
1969,Graduate,Partner,42231.0,1,1,2014-03-25,99,24,0,8,0,1,4,1,1,0,3,5,0,0,0,0,0,0,0,45,37,2,1,4,1,5,0,96,1,0,Budget Families,-1.6835016431184069,0.9025745871601478,0.0056770495964791464
1980,Postgraduate,Single,78789.0,0,0,2012-08-08,12,667,50,850,21,83,83,1,4,6,5,2,0,0,0,0,0,0,1,34,1754,0,0,1,0,16,0,690,2,3,Premium Spenders,2.517493501158748,-1.7890398552400573,0.9808294773274189
1968,Graduate,Partner,56534.0,0,1,2013-07-23,35,691,7,61,10,0,46,4,10,4,7,8,0,1,0,0,1,0,1,46,815,1,1,3,1,25,2,341,1,1,Established Families,0.4153191076397134,0.32249430021122877,0.8070284019971766
1971,Graduate,Single,58350.0,0,1,2013-01-04,5,493,26,206,116,80,80,4,8,3,12,6,0,0,0,0,0,0,0,43,1001,1,0,2,1,27,0,541,1,1,Established Families,1.025097252418821,-0.19017906395141262,0.5731736533537543
1951,Graduate,Single,49090.0,0,1,2013-07-19,45,494,5,82,7,0,100,3,7,2,9,7,0,0,0,0,0,0,0,63,688,1,0,2,1,21,0,345,1,1,Established Families,0.24446850367999373,1.394407372452885,0.15038252244996372
1987,Postgraduate,Single,61787.0,0,0,2013-07-06,71,621,73,414,78,48,85,1,8,4,6,5,0,0,0,0,0,0,0,27,1319,0,0,1,0,19,0,358,2,3,Premium Spenders,1.3600770134002214,-1.5821678879261845,0.5203553627892697
1985,Postgraduate,Partner,18169.0,1,0,2013-02-19,40,9,0,5,0,0,7,1,1,0,2,8,0,0,0,0,0,0,0,29,21,1,1,3,1,4,0,495,2,2,Young Starters,-2.5587564210386136,-1.3945523553787107,0.427195597226494
1981,Undergraduate,Single,24336.0,1,0,2012-08-27,82,1,6,2,8,2,12,1,1,0,2,7,0,0,0,0,0,0,0,33,31,1,0,2,1,4,0,671,0,2,Young Starters,-2.1910333487056652,-0.7607071408063296,0.21996253239314964
1990,Graduate,Partner,18222.0,0,0,2012-12-31,70,12,4,19,12,6,14,1,2,0,3,8,0,0,0,0,0,0,0,24,67,0,1,2,0,6,0,545,1,2,Young Starters,-2.0143981186338693,-2.0997451238849205,0.19116285367735453
1952,Graduate,Single,62335.0,0,1,2013-05-23,87,243,131,217,85,6,26,2,3,3,13,2,0,0,0,0,0,0,0,62,708,1,0,2,1,21,0,402,1,1,Established Families,1.3935847178437881,1.5532289566114963,0.022064380740996675
1971,Undergraduate,Partner,42033.0,1,1,2012-09-19,95,11,1,4,2,0,7,1,1,0,2,7,0,0,0,0,0,0,0,43,25,2,1,4,1,4,0,648,0,0,Budget Families,-2.106759031593316,0.7929315453382452,0.040024321610367654
1983,Postgraduate,Partner,86580.0,0,0,2013-02-27,72,532,21,127,26,20,20,0,4,2,5,1,0,0,1,0,0,0,0,31,746,0,1,2,0,11,1,487,2,3,Premium Spenders,1.6949061897294997,-1.5233143271003369,0.3377502313025156
1957,Postgraduate,Single,41437.0,1,1,2012-09-22,5,29,0,2,0,0,1,1,1,0,3,7,0,0,0,0,0,0,0,57,32,2,0,3,1,5,0,645,2,0,Budget Families,-1.9254359105236976,0.9392796564892613,0.8335544934297939
1951,Postgraduate,Single,73705.0,0,2,2014-03-05,86,612,91,520,258,107,107,2,9,6,8,5,0,0,0,0,0,0,0,63,1695,2,0,3,1,25,0,116,2,1,Established Families,1.8174244587722277,2.519469821801799,0.13738792815725653
1976,Graduate,Partner,61064.0,0,1,2012-08-31,80,387,126,342,0,45,180,5,8,4,11,6,0,0,0,0,0,0,0,38,1080,1,1,3,1,28,0,667,1,1,Established Families,1.1745407530968324,0.18455190117420195,0.19772790432234766
1989,Graduate,Single,18358.0,1,0,2013-11-20,49,6,8,19,16,4,4,3,3,0,4,7,0,0,0,0,0,0,0,25,57,1,0,2,1,10,0,221,1,2,Young Starters,-2.053281421165459,-1.4856254581418917,0.22356682291237304
1973,Postgraduate,Partner,55012.0,0,1,2014-03-21,85,582,0,65,0,0,13,6,8,2,9,5,0,0,0,0,0,0,0,41,660,1,1,3,1,25,0,100,2,1,Established Families,0.6963384317325612,0.3130276202144653,0.009462897276191687
1973,Undergraduate,Partner,9722.0,1,0,2012-10-02,7,6,17,16,6,16,42,4,3,1,3,8,0,0,0,0,0,0,1,41,103,1,1,3,1,11,0,635,0,2,Young Starters,-2.164158182832057,-0.7646515337529408,0.6067204895637854
1984,Postgraduate,Partner,38175.0,1,0,2013-09-23,6,70,6,69,2,3,3,3,3,1,4,7,0,0,0,0,0,0,0,30,153,1,1,3,1,11,0,279,2,2,Young Starters,-1.400003514907345,-1.4333333586602366,0.5389663508705506
1956,Postgraduate,Partner,58656.0,0,1,2012-09-20,25,962,12,194,16,24,12,4,7,8,13,6,0,0,1,0,0,0,0,58,1220,1,1,3,1,32,1,647,2,1,Established Families,1.6685106231842908,1.1070517627520948,0.7389524105026727
1965,Graduate,Partner,52117.0,0,1,2012-08-16,55,112,10,107,30,0,20,2,5,2,4,7,0,0,0,0,0,0,0,49,279,1,1,3,1,13,0,682,1,0,Budget Families,-0.6401237041306089,0.3901933217355121,0.336081742227158
1978,Graduate,Partner,64813.0,1,0,2014-01-02,81,293,0,124,179,97,52,1,7,2,10,5,0,0,0,0,0,0,0,36,745,1,1,3,1,20,0,178,1,1,Established Families,0.6590254300197825,-0.13688484555969152,0.006427272900895622
1973,Postgraduate,Partner,54222.0,0,1,2014-03-01,98,199,12,31,3,12,7,1,3,3,5,3,0,0,0,0,0,0,0,41,264,1,1,3,1,12,0,120,2,0,Budget Families,-0.07958062066695303,0.05914384095633574,0.009551057196091502
1986,Graduate,Partner,83512.0,0,0,2014-06-17,31,1060,61,835,80,20,101,1,4,7,10,1,1,0,1,1,1,0,1,28,2157,0,1,2,0,22,4,12,1,3,Premium Spenders,3.4244065296496498,-1.9216868860696135,0.9863645287283538
1959,Postgraduate,Partner,77520.0,0,1,2013-08-28,30,940,44,396,0,88,58,1,8,7,7,4,1,0,1,1,0,0,1,55,1526,1,1,3,1,23,3,305,2,1,Established Families,2.154889191365156,0.7246396982830299,0.9780714750196485
1978,Graduate,Partner,41154.0,0,1,2013-04-09,98,44,2,11,2,3,7,1,1,0,4,5,0,0,0,0,0,0,0,36,69,1,1,3,1,6,0,446,1,2,Young Starters,-1.2826108275445363,-0.380093166736959,0.019747575206858704
1966,Graduate,Partner,80398.0,0,0,2012-11-10,92,342,51,936,207,35,26,1,5,8,12,3,0,0,1,0,0,0,0,48,1597,0,1,2,0,26,1,596,1,3,Premium Spenders,2.993940943010614,0.16703889861966145,0.5461915486169342
1992,Undergraduate,Single,18746.0,1,0,2014-05-29,41,2,10,11,12,9,20,2,3,0,3,6,0,0,0,0,0,0,0,22,64,1,0,2,1,8,0,31,0,2,Young Starters,-2.0218081635424605,-1.847385926166211,0.08635430141204126
1984,Graduate,Partner,35196.0,1,0,2012-11-13,68,75,12,141,43,39,187,6,6,1,5,8,0,0,0,0,0,0,0,30,497,1,1,3,1,18,0,593,1,2,Young Starters,-0.9267459567201064,-0.6958612373444726,0.4188796221707275
1956,Graduate,Single,60230.0,0,1,2013-05-20,78,520,20,367,39,81,40,2,6,3,6,5,0,0,0,0,0,0,0,58,1067,1,0,2,1,17,0,405,1,1,Established Families,0.8828774231458547,1.2101526638655964,0.16449845215685494
1977,Graduate,Partner,22108.0,1,1,2014-05-08,46,5,3,9,6,2,6,2,2,0,3,7,0,0,0,0,0,0,0,37,31,2,1,4,1,7,0,52,1,0,Budget Families,-2.4704895171201504,-0.0725365690459197,0.02945206891674111
1974,Graduate,Partner,44392.0,1,1,2013-09-05,71,87,5,71,7,12,29,5,4,1,4,7,0,0,0,0,0,0,0,40,211,2,1,4,1,14,0,297,1,0,Budget Families,-1.3505729531029125,0.6078446969253398,0.0610892070076594
1976,Postgraduate,Partner,55424.0,0,1,2012-11-25,6,462,61,184,10,53,107,4,7,5,9,6,1,0,0,0,0,0,1,38,877,1,1,3,1,25,1,581,2,1,Established Families,0.6823592105847034,-0.5708289879903893,0.8906258918520701
1979,Graduate,Partner,17688.0,1,0,2013-01-13,82,2,2,1,3,1,2,1,1,0,2,8,0,0,0,0,0,1,0,35,11,1,1,3,1,4,0,532,1,2,Young Starters,-2.5087625667050677,-0.6120878757753742,0.07676419806985238
1983,Postgraduate,Partner,92491.0,0,0,2013-05-01,71,979,44,935,29,25,22,1,7,5,12,3,0,1,1,1,0,0,1,31,2034,0,1,2,0,25,3,424,2,3,Premium Spenders,3.4137194111493634,-1.1576808834508876,0.9688821011044871
1991,Graduate,Single,90273.0,0,0,2013-12-14,32,704,129,853,120,74,111,1,5,6,7,2,0,1,1,1,0,0,1,23,1991,0,0,1,0,19,3,197,1,3,Premium Spenders,3.052512454594036,-2.2387347523615926,0.9954646268711369
1962,Postgraduate,Single,82571.0,0,0,2014-04-02,28,861,31,558,62,95,79,0,6,5,13,2,0,0,1,0,0,0,0,52,1686,0,0,1,0,24,1,88,2,3,Premium Spenders,3.2016920936782007,-0.22747440341248915,0.5805384479649589
1982,Postgraduate,Single,38513.0,1,0,2014-01-28,20,172,3,115,16,0,18,5,6,1,5,8,0,0,0,0,0,0,1,32,324,1,0,2,1,17,0,152,2,2,Young Starters,-1.0409225820734793,-0.9967189374817629,0.6273185756923958
1979,Postgraduate,Single,16653.0,1,0,2014-04-18,10,5,7,31,15,4,7,3,2,1,3,6,0,0,0,0,0,0,1,35,69,1,0,2,1,9,0,72,2,2,Young Starters,-1.8782050914795878,-1.2401485479913907,0.5135605993975189
1955,Graduate,Partner,42586.0,1,1,2012-10-29,7,194,2,56,0,0,0,5,4,1,6,8,0,0,0,0,0,0,1,59,252,2,1,4,1,16,0,608,1,0,Budget Families,-1.2188428095797583,1.384721368007756,0.5320266888345065
1965,Undergraduate,Single,23529.0,0,1,2013-01-07,67,9,7,13,3,2,20,1,1,1,2,6,0,0,0,0,0,0,0,49,54,1,0,2,1,5,0,538,0,2,Young Starters,-1.803042963659614,0.15571795038522976,0.19408862822552245
1951,Graduate,Partner,71107.0,0,1,2013-02-17,61,533,10,217,198,174,195,2,7,6,13,4,0,0,0,0,0,0,0,63,1327,1,1,3,1,28,0,497,1,1,Established Families,2.2108145575506333,1.6413026810759823,0.04022122986885515
1964,Postgraduate,Partner,46910.0,1,1,2014-03-23,36,48,0,14,0,0,6,2,2,0,3,6,0,0,0,0,0,0,0,50,68,2,1,4,1,7,0,98,2,0,Budget Families,-1.553648138853548,0.7759098531120597,0.08143771193788715
1955,Graduate,Single,37244.0,1,1,2013-04-27,90,18,2,10,0,0,25,1,1,1,2,7,1,0,0,0,0,0,0,59,55,2,0,3,1,5,1,428,1,0,Budget Families,-1.9697196487640405,1.8244915528682846,0.3599256711518182
1966,Graduate,Partner,82427.0,0,0,2014-03-12,35,482,147,509,104,107,107,1,3,5,12,1,0,0,1,0,0,0,0,48,1456,0,1,2,0,21,1,109,1,3,Premium Spenders,2.952412322589913,-0.5348191611160609,0.22989114607056718
1958,Undergraduate,Single,75342.0,0,1,2013-05-06,38,204,97,97,21,118,26,1,5,2,10,4,0,0,0,0,0,0,0,56,563,1,0,2,1,18,0,419,0,1,Established Families,1.0039142837504127,0.7846100395693898,0.0975142906615712
1954,Graduate,Single,70044.0,0,1,2013-02-18,46,1073,0,250,153,14,14,4,7,10,5,5,0,0,0,0,0,0,0,60,1504,1,0,2,1,26,0,496,1,1,Established Families,2.0230904530289466,1.2862723463652042,0.5060140036982668
1963,Graduate,Partner,77437.0,0,0,2013-11-26,70,560,21,442,29,44,29,1,4,5,13,1,0,0,1,0,0,0,0,51,1125,0,1,2,0,23,1,215,1,3,Premium Spenders,2.704345057845922,0.024581863578382476,0.07084986705765196
1959,Graduate,Partner,54984.0,0,1,2014-05-24,51,173,13,131,32,3,6,4,6,1,6,7,0,0,0,1,0,0,0,55,358,1,1,3,1,17,1,36,1,1,Established Families,-0.21185631025011306,0.8593500617256982,0.11348024996989708
1971,Postgraduate,Partner,42403.0,1,0,2013-12-11,18,22,1,11,0,5,3,1,1,0,3,8,0,0,0,0,0,0,0,43,42,1,1,3,1,5,0,200,2,2,Young Starters,-1.7673318490321834,-0.5237081524442064,0.32092352842842525
1964,Graduate,Partner,55761.0,0,1,2014-04-24,97,136,1,12,0,3,32,2,4,1,3,6,0,1,0,0,0,0,0,50,184,1,1,3,1,10,1,66,1,0,Budget Families,-0.6262785645362772,0.7464228988955646,0.06884059074600272
1983,Graduate,Partner,37292.0,1,0,2013-04-18,32,275,0,86,10,23,66,5,6,3,5,8,0,0,0,0,0,0,0,31,460,1,1,3,1,19,0,437,1,2,Young Starters,-0.8466583855581162,-0.9205718580105611,0.49100047540074565
1945,Postgraduate,Single,45576.0,0,0,2014-05-28,9,56,19,29,2,14,25,1,3,1,3,8,0,0,0,0,0,0,1,69,145,0,0,1,0,8,0,32,2,2,Young Starters,-0.7243957969232351,0.5368012036534847,0.6787322260257055
1947,Graduate,Partner,70321.0,0,0,2013-01-16,6,303,23,751,82,26,191,1,6,5,13,4,0,0,0,0,0,0,1,67,1376,0,1,2,0,25,0,529,1,3,Premium Spenders,2.5295805351532716,0.651001123968019,0.6312427388192243
1969,Postgraduate,Single,58086.0,0,1,2013-01-20,80,708,7,62,0,0,15,2,11,3,7,8,0,0,0,0,0,0,0,45,792,1,0,2,1,23,0,525,2,1,Established Families,0.31398064685381016,0.6243750116746629,0.2955859932546555
1952,Graduate,Partner,81795.0,0,0,2012-10-26,74,324,132,693,27,118,88,1,4,11,7,2,0,0,0,0,0,0,0,62,1382,0,1,2,0,23,0,611,1,3,Premium Spenders,2.9784057242416195,0.8497699784366115,0.6103211508908848
1947,Undergraduate,Partner,28389.0,0,0,2012-11-20,49,1,5,3,7,4,8,1,1,0,2,7,0,0,0,0,0,0,0,67,28,0,1,2,0,4,0,586,0,2,Young Starters,-1.3111088209755246,0.5594893954388924,0.1599175353266776
1969,Graduate,Single,69901.0,0,1,2013-05-29,95,312,21,206,102,92,149,3,7,3,10,5,0,0,0,0,0,0,0,45,882,1,0,2,1,23,0,396,1,1,Established Families,1.1660941145452308,0.6808369084091612,0.063209857218505
1949,Postgraduate,Partner,80360.0,0,0,2013-03-03,56,1493,86,454,112,43,43,2,4,4,5,2,0,1,1,1,0,0,0,65,2231,0,1,2,0,15,3,483,2,3,Premium Spenders,3.236798676537266,0.6552901194994156,0.9750694789507585
1961,Postgraduate,Partner,63342.0,0,1,2012-10-16,48,918,21,118,13,10,21,3,8,3,5,6,0,1,0,0,0,0,1,53,1101,1,1,3,1,19,1,621,2,1,Established Families,0.8789469572162374,0.7029542617965181,0.6898712828432878
1980,Undergraduate,Single,31859.0,1,0,2014-02-27,3,3,4,7,15,8,11,1,1,0,3,7,0,0,0,0,0,0,0,34,48,1,0,2,1,5,0,122,0,2,Young Starters,-1.9437310128871501,-1.3538190674277604,0.25223415541802213
1949,Postgraduate,Single,51569.0,0,1,2013-02-12,39,380,0,47,6,0,34,4,7,1,7,8,0,1,0,0,0,0,1,65,467,1,0,2,1,19,1,502,2,1,Established Families,-0.14570904384490982,1.491813256685609,0.8063941883155084
1979,Undergraduate,Single,16014.0,1,1,2013-03-17,42,3,9,4,7,8,7,4,1,1,4,3,0,0,0,0,0,0,0,35,38,2,0,3,1,10,0,469,0,0,Budget Families,-1.7990750169401362,-0.36991206353703565,0.17666982622411737
1968,Graduate,Partner,41120.0,1,1,2013-11-06,80,24,2,23,0,8,24,3,2,1,3,6,0,0,0,0,0,0,0,46,81,2,1,4,1,9,0,235,1,0,Budget Families,-1.5985631617466833,0.9260953004639906,0.02410762202942657
1971,Postgraduate,Single,39763.0,1,0,2013-08-04,9,80,1,60,4,6,16,2,5,1,2,9,0,0,0,0,0,0,1,43,167,1,0,2,1,10,0,329,2,2,Young Starters,-1.6004330460241558,-0.464150127579075,0.8618255309408622
1955,Postgraduate,Partner,38725.0,1,1,2014-05-10,52,31,0,6,2,1,5,2,1,0,4,4,0,0,0,0,0,0,0,59,45,2,1,4,1,7,0,50,2,0,Budget Families,-1.3407217274624312,1.4066711482787735,0.021089181104848587
1972,Graduate,Partner,77981.0,1,0,2013-05-26,78,138,120,204,16,126,60,3,7,4,7,5,0,0,0,0,0,0,0,42,664,1,1,3,1,21,0,399,1,1,Established Families,1.0210936316238686,0.32440684481450566,0.06712644847319509
1964,Undergraduate,Partner,62905.0,0,1,2013-09-10,68,166,75,96,119,107,59,3,7,2,8,4,0,0,0,0,0,0,0,50,622,1,1,3,1,20,0,292,0,1,Established Families,0.817919010134321,0.6420475848933614,0.01587994471115204
1979,Undergraduate,Single,13533.0,1,0,2013-03-10,45,12,3,8,8,0,17,2,2,0,3,7,0,0,0,0,0,0,0,35,48,1,0,2,1,7,0,476,0,2,Young Starters,-2.243929186380993,-0.9398953205097005,0.3025399858666034
1975,Graduate,Partner,59481.0,0,1,2013-10-23,47,178,3,85,71,66,58,2,3,3,8,2,0,0,0,0,0,0,0,39,461,1,1,3,1,16,0,249,1,1,Established Families,0.5788337489273604,-0.47309998808381043,0.013342701786140462
1977,Graduate,Partner,72117.0,0,1,2013-08-20,34,707,20,171,65,60,50,1,9,7,9,5,0,0,0,0,0,0,0,37,1073,1,1,3,1,26,0,313,1,1,Established Families,1.4607108636109334,-0.3395449958184979,0.07958276766093984
1986,Undergraduate,Partner,21955.0,1,0,2013-09-07,81,5,1,7,17,14,11,2,2,1,3,6,0,0,0,0,0,0,0,28,55,1,1,3,1,8,0,295,0,2,Young Starters,-1.8840908189695906,-1.0668939779916549,0.02497815841814857
1956,Graduate,Partner,67131.0,0,1,2013-03-26,72,465,71,250,93,35,62,3,9,2,12,6,0,0,0,0,0,0,0,58,976,1,1,3,1,26,0,460,1,1,Established Families,1.3219746570854771,1.4422061978513032,0.03187402912980973
1980,Postgraduate,Single,36802.0,1,0,2014-06-16,23,16,1,2,0,0,1,1,1,0,3,5,0,0,0,0,0,0,0,34,20,1,0,2,1,5,0,13,2,2,Young Starters,-1.5185072205407362,-1.234226351400695,0.2371292933332758
1975,Postgraduate,Partner,47808.0,0,1,2013-10-20,30,123,1,26,2,0,72,2,3,2,3,7,1,0,0,0,0,0,0,39,224,1,1,3,1,10,1,252,2,2,Young Starters,-1.0710361765118506,-0.5949656220756604,0.6928005722915493
1974,Postgraduate,Single,25509.0,1,0,2012-09-18,15,40,3,30,10,7,11,3,3,0,3,9,0,0,0,0,0,0,1,40,101,1,0,2,1,9,0,649,2,2,Young Starters,-2.081822719150592,-0.6942216963098354,0.9475391907455032
1952,Postgraduate,Partner,85431.0,0,0,2013-06-08,54,376,53,462,168,53,53,1,2,7,7,0,0,0,0,0,0,0,0,62,1165,0,1,2,0,17,0,386,2,3,Premium Spenders,2.858395536995382,0.47060636024344565,0.19706262160177865
1967,Graduate,Partner,42664.0,0,1,2014-03-18,44,21,0,3,0,0,0,1,1,0,3,6,0,0,0,0,0,0,0,47,24,1,1,3,1,5,0,103,1,2,Young Starters,-1.4012782879578665,-0.1017651686388206,0.05286449700686512
1977,Postgraduate,Partner,28973.0,0,0,2012-10-13,59,206,0,46,3,2,12,2,5,1,5,8,0,0,0,0,0,0,0,37,269,0,1,2,0,13,0,624,2,2,Young Starters,-1.0494190572449276,-1.1247171549928774,0.5155555341879443
1973,Postgraduate,Partner,39435.0,1,0,2013-08-06,16,71,0,18,0,0,13,1,3,1,2,7,0,0,0,0,0,0,0,41,102,1,1,3,1,7,0,327,2,2,Young Starters,-1.5276131915297713,-0.6880376437076087,0.5105710536334087
1984,Undergraduate,Partner,65370.0,0,0,2013-08-01,1,71,22,112,138,89,29,1,2,3,13,1,0,0,0,0,0,0,0,30,461,0,1,2,0,19,0,332,0,3,Premium Spenders,1.389382766101696,-2.127212164506875,0.025469289497519552
1979,Undergraduate,Single,20194.0,1,0,2012-12-17,64,0,4,7,11,10,15,2,2,0,3,6,0,0,0,0,0,0,0,35,47,1,0,2,1,7,0,559,0,2,Young Starters,-1.919699839897533,-0.7807791506740092,0.17829719457427803
1976,Postgraduate,Single,42473.0,1,1,2014-02-17,72,93,1,21,0,4,25,3,2,1,4,5,0,0,0,0,0,0,0,38,144,2,0,3,1,10,0,132,2,0,Budget Families,-1.3757586860699647,0.2994308461590717,0.08817426217533003
1968,Graduate,Partner,64590.0,0,0,2012-10-14,98,920,138,168,36,46,30,1,9,4,10,6,0,0,0,0,0,0,0,46,1338,0,1,2,0,24,0,623,1,3,Premium Spenders,1.7702091888942173,0.11038631202699341,0.07223245257933185
1959,Graduate,Partner,71232.0,0,1,2013-11-28,91,653,17,170,34,26,17,2,11,2,10,7,0,0,0,0,0,0,0,55,917,1,1,3,1,25,0,213,1,1,Established Families,1.1180076499568268,1.4525065129477366,0.009013933213608126
1971,Graduate,Partner,34600.0,1,1,2013-01-01,8,199,33,60,8,3,15,5,5,2,5,8,0,0,0,0,0,0,1,43,318,2,1,4,1,17,0,544,1,0,Budget Families,-1.4610312881522434,0.30277839353463837,0.5997601346638913
1967,Graduate,Single,46904.0,1,1,2012-11-03,20,153,4,56,0,9,31,4,5,1,4,8,0,0,0,0,0,0,0,47,253,2,0,3,1,14,0,603,1,0,Budget Families,-1.3549559806890048,0.6678430823483642,0.8162874756734128
1973,Graduate,Partner,49094.0,0,1,2012-09-21,6,376,0,38,11,8,69,5,6,3,6,6,0,0,0,0,0,0,0,41,502,1,1,3,1,20,0,646,1,1,Established Families,-0.04468748146681855,-0.49523969302333526,0.5806399173877589
1983,Graduate,Partner,36075.0,1,0,2013-12-09,54,46,0,30,12,1,30,1,2,0,4,6,0,0,0,0,0,0,0,31,119,1,1,3,1,7,0,202,1,2,Young Starters,-1.5264747522074225,-1.0741430111943628,0.042697987688667574
1979,Undergraduate,Partner,60839.0,1,1,2012-08-28,72,600,21,128,223,150,128,13,2,2,12,8,0,0,0,0,0,0,0,35,1250,2,1,4,1,29,0,670,0,1,Established Families,0.5745858895866232,0.6944462780632767,0.06051678684857807
1962,Undergraduate,Partner,82122.0,0,0,2013-08-15,89,734,22,350,151,25,100,1,3,9,13,1,0,0,1,0,0,0,0,52,1382,0,1,2,0,26,1,318,0,3,Premium Spenders,3.2213998364914,0.34206388088676914,0.036652031312170305
1952,Graduate,Partner,34074.0,1,1,2013-07-13,69,135,1,41,10,1,67,5,3,3,3,6,1,0,0,0,0,0,0,62,255,2,1,4,1,14,1,351,1,0,Budget Families,-1.1620366857629982,1.9795612803114837,0.3397046467646634
1960,Postgraduate,Partner,28520.0,1,1,2013-06-14,55,11,0,10,0,2,20,1,1,1,2,6,0,0,0,0,0,0,0,54,43,2,1,4,1,5,0,380,2,0,Budget Families,-2.0798972172403025,1.0910197742108023,0.14224040944657182
1955,Graduate,Single,62535.0,0,1,2013-10-03,13,163,48,90,0,45,52,1,3,2,8,3,0,0,0,0,0,0,0,59,398,1,0,2,1,14,0,269,1,1,Established Families,0.5212583657492723,0.5761060910376725,0.14239839623769127
1977,Postgraduate,Single,36273.0,1,0,2014-04-16,80,29,3,30,3,2,9,2,3,0,3,6,0,0,0,0,0,0,0,37,76,1,0,2,1,8,0,74,2,2,Young Starters,-1.4336062365678004,-0.40882796337866006,0.10971144432302413
1964,Graduate,Partner,63404.0,0,2,2014-06-06,97,734,26,70,11,44,17,2,6,3,4,4,0,0,0,1,0,0,0,50,902,2,1,4,1,15,1,23,1,1,Established Families,0.34950598448737374,1.4625850011133175,0.01938351525381792
1976,Graduate,Partner,78416.0,0,1,2014-06-27,99,453,38,279,188,38,183,2,7,7,10,3,0,0,0,0,0,0,0,38,1179,1,1,3,1,26,0,2,1,3,Premium Spenders,2.0504711263419266,0.254593434268443,0.00941390458049807
1974,Graduate,Partner,75702.0,0,1,2012-10-14,87,1073,0,629,145,37,37,1,10,5,13,6,0,0,1,0,0,0,0,40,1921,1,1,3,1,29,1,623,1,1,Established Families,2.318895744199664,0.4297222595476833,0.17508331147555228
1951,Postgraduate,Partner,59385.0,1,1,2013-04-28,85,135,0,10,0,4,36,2,3,1,4,5,0,0,0,0,0,0,0,63,185,2,1,4,1,10,0,427,2,0,Budget Families,-0.6768272276302549,2.1708402876572133,0.05942405853396976
1951,Graduate,Partner,44689.0,1,1,2014-01-10,82,18,0,5,0,0,11,2,1,1,2,7,1,0,0,0,0,0,0,63,34,2,1,4,1,6,1,170,1,0,Budget Families,-1.7134308048137752,2.0779726399989538,0.08558899689370117
1966,Postgraduate,Single,7144.0,0,2,2013-12-07,92,81,4,33,5,2,291,0,23,1,1,0,0,0,0,0,0,0,0,48,416,2,0,3,1,25,0,204,2,0,Budget Families,-0.1821531067411915,1.122444876054456,0.15324454793943873
1956,Graduate,Partner,90369.0,0,0,2014-04-28,2,292,51,981,224,23,17,1,4,6,6,1,0,0,0,0,0,0,1,58,1588,0,1,2,0,17,0,62,1,3,Premium Spenders,3.1214181637455423,-0.22584962342566273,0.4349718952661342
1974,Postgraduate,Single,63159.0,0,0,2012-11-05,74,965,34,586,89,86,37,1,3,5,8,3,1,0,0,0,0,0,0,40,1797,0,0,1,0,17,1,601,2,3,Premium Spenders,2.151305831224708,-0.8287808113777908,0.7968220997180465
1963,Postgraduate,Single,46757.0,0,1,2012-11-16,71,777,30,163,0,51,122,6,4,4,7,9,0,0,0,0,0,0,0,51,1143,1,0,2,1,21,0,590,2,1,Established Families,0.1276668060452369,0.8755930205197413,0.6840441732482646
1969,Postgraduate,Partner,79734.0,0,0,2014-06-28,72,572,8,232,23,62,17,1,4,3,6,1,0,0,0,1,0,0,0,45,914,0,1,2,0,14,1,1,2,3,Premium Spenders,1.9965112267567453,-0.5500556641148395,0.0735749970346054
1992,Graduate,Partner,63207.0,0,0,2013-01-20,68,438,169,565,91,169,70,1,2,3,6,7,0,0,0,1,0,0,0,22,1502,0,1,2,0,12,1,525,1,3,Premium Spenders,0.7642174997889094,-2.026371055807574,0.8410392673587368
1954,Graduate,Single,72071.0,0,1,2013-02-14,4,531,69,300,150,138,150,3,5,4,8,2,0,0,0,0,0,0,0,60,1338,1,0,2,1,20,0,500,1,3,Premium Spenders,2.069458811272799,0.6559161920044017,0.797126481008272
1983,Postgraduate,Partner,21840.0,1,0,2013-07-21,80,17,0,9,0,0,1,1,1,0,3,9,0,0,0,0,0,0,0,31,27,1,1,3,1,5,0,343,2,2,Young Starters,-2.5460355778756423,-0.8161580537515669,0.11500516864078333
1982,Undergraduate,Partner,58582.0,0,1,2013-09-28,15,402,35,106,101,77,42,2,9,2,9,5,0,1,0,0,0,0,0,32,763,1,1,3,1,22,1,274,0,1,Established Families,0.5895988554484493,-0.985620893936254,0.15689464732887626
1951,Graduate,Single,72282.0,0,0,2013-07-19,70,503,27,419,90,139,153,1,5,7,9,7,0,0,0,0,0,0,1,63,1331,0,0,1,0,22,0,345,1,1,Established Families,1.8396438288321082,1.0298763293333966,0.25625922221184594
1956,Graduate,Partner,50387.0,0,2,2013-08-31,91,369,9,87,12,14,34,3,6,2,8,5,0,0,0,0,0,0,0,58,525,2,1,4,1,19,0,302,1,0,Budget Families,-0.13109941611121406,2.0425839411755207,0.01223859302375076
1961,Postgraduate,Partner,32583.0,1,1,2014-06-15,10,5,0,3,0,0,1,1,1,0,2,7,0,0,0,0,0,0,0,53,9,2,1,4,1,4,0,14,2,0,Budget Families,-2.2531193704591086,0.6545375427227843,0.13039021103863743
1962,Graduate,Partner,62568.0,0,1,2014-04-07,99,362,17,398,80,35,61,3,5,3,5,4,0,0,0,1,0,0,0,52,953,1,1,3,1,16,1,83,1,1,Established Families,0.8881342792001347,0.9470374440705158,0.04264948944183983
1971,Postgraduate,Single,44635.0,1,1,2013-10-11,25,56,0,9,0,0,3,2,2,0,3,7,0,0,0,0,0,0,0,43,68,2,0,3,1,7,0,261,2,0,Budget Families,-1.8471225846387795,0.23781093385197155,0.4482277420800979
1968,Graduate,Partner,63967.0,0,1,2013-08-09,57,387,84,141,73,35,162,3,4,4,12,2,0,0,0,0,0,0,0,46,882,1,1,3,1,23,0,324,1,1,Established Families,1.5234936060827173,0.2507008839769202,0.017132807313733893
1978,Undergraduate,Partner,52513.0,0,0,2012-09-04,84,367,17,241,104,188,232,2,9,5,9,7,0,0,0,0,0,0,0,36,1149,0,1,2,0,25,0,663,0,1,Established Families,1.1093478547043762,-0.6673598314746577,0.2586386371866686
1969,Graduate,Partner,25293.0,1,0,2013-09-15,51,15,0,11,0,2,9,1,1,1,2,8,0,0,0,0,0,0,0,45,37,1,1,3,1,5,0,287,1,2,Young Starters,-2.1494779438866503,-0.16504572128518605,0.12974127709108293
1965,Postgraduate,Single,54111.0,0,1,2013-08-25,97,267,6,54,8,3,50,2,5,2,6,5,0,0,0,0,0,0,0,49,388,1,0,2,1,15,0,308,2,1,Established Families,-0.048466035144535305,0.7361665738315606,0.053201710019374994
1986,Graduate,Partner,78394.0,0,0,2013-02-15,13,298,27,697,216,24,166,1,4,6,5,2,0,0,0,0,0,0,1,28,1428,0,1,2,0,16,0,499,1,3,Premium Spenders,2.1668786976319008,-2.169614699396882,0.7726160062936955
1958,Postgraduate,Partner,80739.0,0,0,2013-05-23,92,674,92,736,39,0,92,1,3,11,9,1,0,0,0,0,0,0,0,56,1633,0,1,2,0,24,0,402,2,3,Premium Spenders,3.3302227580687878,0.5736250855215694,0.20948495586869492
1975,Postgraduate,Partner,22669.0,1,0,2013-05-22,30,16,14,36,37,22,48,3,4,1,2,9,0,0,0,0,0,0,1,39,173,1,1,3,1,10,0,403,2,2,Young Starters,-2.0376996983104387,-0.6182014621181877,0.6762400255415807
1987,Graduate,Single,29236.0,1,0,2013-10-08,30,37,4,24,16,9,9,2,4,0,3,9,0,0,0,0,0,0,0,27,99,1,0,2,1,9,0,264,1,2,Young Starters,-2.1292219668958117,-1.4161411088573552,0.4867221433246279
1959,Graduate,Partner,44911.0,0,1,2013-03-15,11,159,0,22,2,1,31,3,4,1,4,7,0,0,0,0,0,0,0,55,215,1,1,3,1,12,0,471,1,0,Budget Families,-0.8672491275181057,0.3431797924310199,0.4813277730062762
1962,Postgraduate,Partner,54693.0,0,1,2013-02-17,72,686,17,142,23,26,35,8,6,4,13,6,0,0,0,0,0,0,0,52,929,1,1,3,1,31,0,497,2,1,Established Families,1.2134644106792543,1.1026884933908165,0.09168665176466627
1974,Graduate,Partner,48186.0,1,0,2014-03-20,39,97,3,66,12,7,34,3,4,1,4,7,0,0,0,0,0,0,0,40,219,1,1,3,1,12,0,101,1,2,Young Starters,-0.9389982002069711,-0.39772098502808917,0.09158439592548
1977,Graduate,Partner,54809.0,1,1,2013-09-11,0,63,6,57,13,13,22,4,2,1,5,4,0,0,0,0,0,0,1,37,174,2,1,4,1,12,0,291,1,0,Budget Families,-0.8012086995334663,-0.36332063985300656,0.16734917416562822
1978,Graduate,Partner,41580.0,1,1,2012-12-10,15,56,5,24,4,0,3,3,2,1,3,5,0,0,0,0,0,0,0,36,92,2,1,4,1,9,0,566,1,0,Budget Families,-1.5294699039642576,-0.37627069126326856,0.3287971248120845
1970,Postgraduate,Partner,80336.0,0,0,2013-09-09,12,209,19,456,160,142,66,1,2,9,13,1,0,0,0,0,0,0,0,44,1052,0,1,2,0,25,0,293,2,3,Premium Spenders,2.742813351198766,-0.9089861677166765,0.34897522841671286
1957,Graduate,Partner,47743.0,0,1,2013-03-22,56,198,2,43,0,12,20,3,4,1,6,6,0,1,0,0,0,0,0,57,275,1,1,3,1,14,1,464,1,0,Budget Families,-0.44068830519459257,0.8992070767618475,0.3530641238332122
1955,Undergraduate,Partner,62972.0,0,1,2012-08-03,39,313,15,47,20,0,192,2,7,4,3,6,0,0,0,0,0,0,0,59,587,1,1,3,1,16,0,695,0,1,Established Families,0.3193164271552285,0.978114678493524,0.46015884513316807
1954,Postgraduate,Single,57333.0,0,1,2012-09-22,55,941,14,397,76,58,176,11,8,5,9,6,0,0,0,0,0,0,1,60,1662,1,0,2,1,33,0,645,2,1,Established Families,2.098583397126015,1.5096847597292609,0.8703816054291699
1982,Postgraduate,Partner,32313.0,1,0,2013-02-11,60,86,4,56,2,4,7,3,4,0,4,9,0,0,0,0,0,0,0,32,159,1,1,3,1,11,0,503,2,2,Young Starters,-1.8324258527869999,-0.7508609000483049,0.3232331457011569
1953,Postgraduate,Single,84953.0,0,0,2013-06-03,73,167,48,602,63,72,72,1,3,10,4,2,0,1,1,1,0,0,1,61,1024,0,0,1,0,18,3,391,2,3,Premium Spenders,2.4480106424791286,0.688119015901101,0.9981023713139222
1968,Postgraduate,Single,27071.0,1,0,2014-04-23,90,8,3,19,0,2,3,2,2,0,3,6,0,0,0,0,0,0,0,46,35,1,0,2,1,7,0,67,2,2,Young Starters,-1.6477877376523566,0.22536693975693028,0.06908775326667838
1957,Postgraduate,Partner,68148.0,0,0,2013-08-31,86,389,66,408,37,57,85,1,4,4,6,2,0,0,0,0,0,0,0,57,1042,0,1,2,0,15,0,302,2,3,Premium Spenders,1.8534029939076528,0.3924602881137404,0.11022537407969255
1965,Postgraduate,Partner,65735.0,1,1,2013-12-07,37,239,7,119,4,15,11,5,6,2,6,7,0,0,0,0,0,0,0,49,395,2,1,4,1,19,0,204,2,1,Established Families,-0.31182315487937645,1.1062659866397184,0.15138404316128687
1975,Postgraduate,Partner,86836.0,0,0,2012-09-12,7,179,21,273,0,21,63,1,6,10,6,5,1,0,1,1,0,0,1,39,557,0,1,2,0,23,3,655,2,3,Premium Spenders,1.6468362357006336,-1.115504493842824,0.9993648612243341
1963,Postgraduate,Partner,4023.0,1,1,2014-06-23,29,5,0,1,1,1,1,15,0,0,0,19,0,0,0,0,0,0,0,51,9,2,1,4,1,15,0,6,2,2,Young Starters,-4.28516562586412,1.3308394089121653,0.8775061160344237
1990,Graduate,Partner,30093.0,0,0,2013-07-08,19,2,6,28,13,4,16,1,2,0,3,7,0,0,0,0,0,0,0,24,69,0,1,2,0,6,0,356,1,2,Young Starters,-1.576166464365418,-2.552195249496691,0.278832186884194
1966,Postgraduate,Partner,57705.0,0,1,2014-01-11,14,383,0,53,6,4,40,3,8,1,6,6,0,0,0,0,0,0,0,48,486,1,1,3,1,18,0,169,2,1,Established Families,0.10445817021132875,0.04005154810705159,0.16280570504563516
1988,Graduate,Single,25008.0,1,0,2014-02-02,72,2,8,8,6,1,9,2,1,0,3,8,0,0,0,0,0,0,0,26,34,1,0,2,1,6,0,147,1,2,Young Starters,-2.2967408484887337,-1.2304116705624106,0.08252791184617678
1995,Undergraduate,Single,83257.0,0,0,2012-09-18,56,536,27,590,38,107,67,1,5,10,12,6,1,0,1,0,0,1,1,19,1365,0,0,1,0,28,2,649,0,3,Premium Spenders,2.175170688078184,-1.9123044016628659,0.9563707506638434
1975,Graduate,Partner,22280.0,1,0,2013-05-19,85,2,1,4,3,1,2,1,1,0,2,8,0,0,0,0,0,0,0,39,13,1,1,3,1,4,0,406,1,2,Young Starters,-2.356104020139987,-0.29582812474951664,0.06807877932027276
1978,Postgraduate,Partner,72159.0,0,0,2012-10-29,62,322,53,899,34,40,53,1,4,6,10,2,0,0,0,0,0,0,0,36,1401,0,1,2,0,21,0,608,2,3,Premium Spenders,2.37698161722081,-1.097307044943955,0.5789918915724794
1961,Graduate,Partner,64260.0,0,0,2013-01-11,1,539,169,816,20,0,30,1,4,5,4,3,0,0,0,0,0,0,1,53,1574,0,1,2,0,14,0,534,1,3,Premium Spenders,1.9377784306891292,-0.6702555106289053,0.8432913944099693
1984,Postgraduate,Single,82733.0,0,0,2013-09-10,28,712,50,420,65,38,38,1,8,4,7,4,0,0,0,0,0,0,1,30,1323,0,0,1,0,20,0,292,2,3,Premium Spenders,2.1049589167094256,-1.697355897882038,0.6742754344455544
1971,Postgraduate,Single,74290.0,0,1,2013-08-12,70,1121,0,72,0,12,12,4,10,8,10,6,0,1,0,1,0,0,0,43,1217,1,0,2,1,32,2,321,2,1,Established Families,1.8856887297579867,0.5747813778457926,0.8107994057625708
1951,Postgraduate,Single,58217.0,2,1,2012-11-17,84,68,1,13,3,5,13,1,2,0,4,6,0,0,0,0,0,0,0,63,103,3,0,4,1,7,0,589,2,0,Budget Families,-1.5480612965798204,2.818440959222976,0.18442003454551256
1976,Postgraduate,Partner,21024.0,0,0,2013-07-04,89,36,4,18,6,2,18,1,2,0,4,7,0,0,0,0,0,0,0,38,84,0,1,2,0,7,0,360,2,2,Young Starters,-1.5615351033224847,-0.9936119658427895,0.10262486018882787
1972,Postgraduate,Partner,70116.0,0,0,2013-01-26,73,707,44,603,95,58,29,1,2,8,12,1,0,0,0,0,0,0,0,42,1536,0,1,2,0,23,0,519,2,3,Premium Spenders,2.788673691082031,-0.6053440080077386,0.1517838272110803
1985,Graduate,Partner,54006.0,1,0,2012-09-18,42,174,77,203,6,24,97,2,8,1,7,7,0,0,0,0,0,0,0,29,581,1,1,3,1,18,0,649,1,2,Young Starters,-0.2607742302073717,-0.9625001223827465,0.4733108795933973
1966,Postgraduate,Partner,69063.0,0,1,2012-11-07,16,666,35,124,69,8,26,1,5,3,5,3,0,0,0,0,0,0,0,48,928,1,1,3,1,14,0,599,2,1,Established Families,1.0135849446926817,-0.1332350301141487,0.3379064687992207
1975,Undergraduate,Single,11448.0,0,0,2013-12-15,16,0,0,0,6,2,6,1,1,0,2,6,0,0,0,0,0,0,0,39,14,0,0,1,0,4,0,196,0,2,Young Starters,-1.8579431775566975,-1.738664855807981,0.33455299954308615
1971,Graduate,Partner,70886.0,1,0,2013-10-14,65,407,70,239,103,88,53,1,5,4,4,2,0,0,0,0,0,0,0,43,960,1,1,3,1,14,0,258,1,3,Premium Spenders,1.2042743371832827,-0.06136503091609092,0.07207651435491233
1973,Graduate,Single,60208.0,1,1,2012-10-07,13,488,23,71,15,0,59,11,8,3,7,7,0,1,0,0,0,0,1,41,656,2,0,3,1,29,1,630,1,1,Established Families,0.2696712668375826,0.5467010472783156,0.9620742913219884
1968,Postgraduate,Partner,32889.0,1,1,2013-09-06,78,28,0,13,4,2,8,3,2,1,3,5,0,0,0,0,0,0,0,46,55,2,1,4,1,9,0,296,2,0,Budget Families,-1.6511316881463844,0.8307497618388066,0.05082232583197165
1984,Graduate,Single,34738.0,1,0,2014-05-11,51,3,2,10,3,0,2,1,1,0,3,6,0,0,0,0,0,0,0,30,20,1,0,2,1,5,0,49,1,2,Young Starters,-1.769037821067581,-1.2162467244145991,0.08004438169221359
1971,Postgraduate,Partner,30538.0,1,0,2012-10-01,27,284,0,52,8,3,20,4,9,0,4,10,0,0,0,0,0,0,0,43,367,1,1,3,1,17,0,636,2,2,Young Starters,-1.4051687121759726,-0.14589546803004017,0.838010605505905
1977,Undergraduate,Partner,82326.0,0,0,2014-03-10,30,938,142,754,159,81,183,1,5,10,6,2,0,1,1,1,0,0,1,37,2257,0,1,2,0,22,3,111,0,3,Premium Spenders,3.411501189679571,-1.2931270438292566,0.9804323337319766
1967,Postgraduate,Single,26642.0,1,0,2014-03-01,71,13,2,15,2,2,8,2,2,0,3,6,0,0,0,0,0,0,0,47,42,1,0,2,1,7,0,120,2,2,Young Starters,-1.6446339683432707,0.11823665646080238,0.10845264966245033
1964,Graduate,Single,69932.0,0,1,2013-06-12,97,412,172,153,150,105,57,2,7,6,11,4,0,0,0,0,0,0,0,50,1049,1,0,2,1,26,0,382,1,1,Established Families,1.6998534618365675,1.0548357680546903,0.02939128034626055
1972,Graduate,Single,44503.0,1,1,2014-04-16,83,31,1,8,0,0,8,2,2,0,3,6,0,0,0,0,0,0,0,42,48,2,0,3,1,7,0,74,1,0,Budget Families,-1.703633811763533,0.6541563770495917,0.03502191073903618
1948,Postgraduate,Single,60200.0,0,1,2013-01-02,3,502,19,132,0,6,26,6,6,2,11,6,0,0,0,0,0,0,0,66,685,1,0,2,1,25,0,543,2,1,Established Families,0.9241783888833411,1.3152493326417947,0.6906885707957292
1952,Graduate,Single,49638.0,0,1,2014-04-19,71,18,10,3,3,5,0,1,1,0,3,2,0,0,0,0,0,0,0,62,39,1,0,2,1,5,0,71,1,0,Budget Families,-0.40391507013622985,1.012241140847344,0.01897262458466764
1987,Undergraduate,Single,23830.0,0,0,2014-02-07,3,1,8,6,4,8,16,1,1,0,3,7,0,0,0,0,0,0,0,27,43,0,0,1,0,5,0,142,0,2,Young Starters,-1.7753107082700976,-2.544933219613912,0.37914243843356465
1959,Postgraduate,Single,33051.0,0,0,2012-08-16,15,100,71,243,108,94,219,3,9,1,8,9,0,0,0,0,0,0,1,55,835,0,0,1,0,21,0,682,2,1,Established Families,0.008985765218278813,-0.09357042742622665,0.9402014906592221
1958,Graduate,Partner,72905.0,0,0,2014-01-21,52,407,114,445,181,165,203,1,3,7,9,1,0,0,0,1,0,0,0,56,1515,0,1,2,0,20,1,159,1,3,Premium Spenders,2.806800115335917,0.08935577497322263,0.3364375161792897
1951,Postgraduate,Partner,69702.0,0,1,2013-02-19,8,664,9,240,50,19,57,2,7,7,10,4,0,0,0,0,0,0,0,63,1039,1,1,3,1,26,0,495,2,1,Established Families,1.8072884850403899,1.1221426545789255,0.39037431778074033
1975,Graduate,Single,70300.0,1,0,2013-07-15,89,1045,61,338,60,46,46,3,5,5,13,8,0,0,0,0,0,0,0,39,1596,1,0,2,1,26,0,349,1,1,Established Families,1.401303242322214,0.3873123000666998,0.04398860744117466
1984,Postgraduate,Partner,70643.0,0,0,2012-10-15,66,1218,107,304,23,143,33,1,5,8,4,6,0,0,0,0,0,0,1,30,1828,0,1,2,0,18,0,622,2,3,Premium Spenders,1.8127001555197033,-1.3921584651874115,0.5950315240389134
1969,Postgraduate,Partner,30396.0,1,0,2014-04-30,22,15,0,6,0,1,12,2,1,1,2,7,1,0,0,0,0,0,1,45,34,1,1,3,1,6,1,60,2,2,Young Starters,-1.8140927729141691,-0.42434648843191364,0.5774393301021313
1968,Postgraduate,Single,50616.0,0,1,2014-04-18,56,128,0,16,0,1,4,2,4,0,4,7,0,0,0,0,0,0,0,46,149,1,0,2,1,10,0,72,2,2,Young Starters,-0.99104396546983,0.1273230591606768,0.21262241128378576
1969,Postgraduate,Single,62772.0,0,1,2013-05-19,74,581,49,157,43,8,108,1,5,6,11,2,0,1,0,0,0,0,0,45,946,1,0,2,1,23,1,406,2,1,Established Families,1.5422935889819738,0.32917797648612407,0.2483871363206576
1985,Postgraduate,Single,30298.0,0,0,2014-05-19,48,6,3,12,6,1,0,1,1,1,3,3,0,0,0,0,0,0,0,29,28,0,0,1,0,6,0,41,2,2,Young Starters,-0.8911096403642716,-2.1196323370894397,0.18863117994226103
1984,Graduate,Single,52413.0,1,0,2012-11-03,67,185,8,133,56,56,12,2,7,1,7,7,0,0,0,0,0,0,0,30,450,1,0,2,1,17,0,603,1,2,Young Starters,-0.4533946487941222,-0.6927001091513958,0.44128646637188007
1957,Postgraduate,Partner,44155.0,1,1,2014-01-19,24,22,1,9,0,0,14,1,1,1,2,4,0,0,0,0,0,0,0,57,46,2,1,4,1,5,0,161,2,0,Budget Families,-1.3525756417266903,0.9956948564937667,0.10845786349920707
1971,Postgraduate,Single,86979.0,0,0,2013-11-07,67,584,100,835,65,83,35,1,5,5,5,2,1,0,0,0,0,0,1,43,1702,0,0,1,0,16,1,234,2,3,Premium Spenders,2.770132537859424,-0.6469421593287098,0.8547652278938116
1975,Graduate,Partner,76532.0,1,1,2013-09-09,38,355,30,177,90,138,30,4,9,5,7,5,0,0,0,0,0,0,0,39,820,2,1,4,1,25,0,293,1,1,Established Families,0.8769935633761812,0.5247732547806894,0.11854191265623283
1982,Graduate,Partner,42081.0,1,0,2013-02-26,86,175,10,110,54,6,27,2,6,3,4,6,1,0,0,0,0,0,0,32,382,1,1,3,1,15,1,488,1,2,Young Starters,-0.6824237682710587,-0.5170016003182454,0.35970768960766886
1989,Postgraduate,Partner,88420.0,0,0,2014-05-02,87,957,153,612,99,95,153,1,4,7,8,1,1,0,1,1,0,0,0,25,2069,0,1,2,0,20,3,58,2,3,Premium Spenders,3.327709549181111,-1.6367925310636362,0.8807892351767443
1985,Graduate,Partner,31158.0,1,0,2013-01-27,62,25,6,16,20,0,5,2,2,0,3,8,0,0,0,0,0,0,0,29,72,1,1,3,1,7,0,518,1,2,Young Starters,-2.031459142046536,-1.0708181418169358,0.15734641060156834
1968,Graduate,Single,61671.0,0,1,2014-06-03,23,641,7,56,0,0,28,8,10,4,6,8,0,1,0,1,0,0,0,46,732,1,0,2,1,28,2,26,1,1,Established Families,0.6368836461125305,0.31009535084803197,0.9379554538822111
1974,Graduate,Single,69719.0,0,0,2014-05-26,99,273,86,208,177,14,43,1,2,3,5,1,0,0,0,0,0,0,0,40,801,0,0,1,0,11,0,34,1,3,Premium Spenders,1.4422872532542352,-0.7500268959912263,0.021752309242410662
1949,Graduate,Single,49160.0,0,1,2013-10-20,29,122,21,43,25,10,15,2,3,1,6,6,0,0,0,0,0,0,0,65,236,1,0,2,1,12,0,252,1,0,Budget Families,-0.47656534922349125,1.1541277030434702,0.25233445584828923
1954,Postgraduate,Single,90933.0,0,0,2014-03-31,90,1020,31,430,62,63,79,1,4,6,4,1,0,0,1,0,0,0,0,60,1685,0,0,1,0,15,1,90,2,3,Premium Spenders,3.1378908716960883,0.6573424257791514,0.4860788546498028
1945,Postgraduate,Single,113734.0,0,0,2014-05-28,9,6,2,3,1,262,3,0,27,0,0,1,0,0,0,0,0,0,0,69,277,0,0,1,0,27,0,32,2,3,Premium Spenders,3.2468316573992846,0.9754460658331715,0.9091723143213478
1983,Graduate,Single,22148.0,0,0,2014-04-13,16,15,5,14,0,4,11,1,1,0,3,7,0,0,0,0,0,0,0,31,49,0,0,1,0,5,0,77,1,2,Young Starters,-1.765833610517824,-2.1657928797185484,0.30276814166107124
1987,Postgraduate,Partner,73395.0,0,0,2014-03-18,94,272,7,80,20,7,11,1,4,4,6,2,0,0,0,0,0,0,0,27,397,0,1,2,0,15,0,103,2,3,Premium Spenders,1.1131401901428821,-1.4987192672367116,0.010539112408568013
1971,Graduate,Single,29819.0,1,0,2013-10-24,77,9,1,24,2,1,2,3,3,0,3,6,0,0,0,0,0,0,0,43,39,1,0,2,1,9,0,248,1,2,Young Starters,-1.4976534085912765,-0.03577925077310202,0.11950590412481209
1968,Graduate,Partner,45688.0,0,1,2014-01-25,20,279,0,18,0,0,9,2,3,1,8,4,0,1,0,0,0,0,0,46,306,1,1,3,1,14,1,155,1,1,Established Families,-0.2550845346772348,-0.26196908505116606,0.09290085898757179
1971,Postgraduate,Partner,60491.0,0,1,2013-09-06,81,637,47,237,12,19,76,4,6,11,7,5,0,0,0,0,0,0,0,43,1028,1,1,3,1,28,0,296,2,1,Established Families,1.3336448330820891,0.48751997021989324,0.11822568193961823
1986,Graduate,Partner,33235.0,1,0,2014-02-05,71,45,0,16,2,1,6,1,3,0,3,7,0,0,0,0,0,0,0,28,70,1,1,3,1,7,0,144,1,2,Young Starters,-1.8285660448565164,-1.0896432869158483,0.028877202626936382
1959,Graduate,Partner,35701.0,0,0,2013-03-19,36,21,1,9,7,3,5,1,1,0,3,6,0,0,0,0,0,0,0,55,46,0,1,2,0,5,0,467,1,2,Young Starters,-1.0286947803999547,-0.35318147068703754,0.2821277581054903
1980,Postgraduate,Partner,31535.0,1,0,2013-09-26,95,15,4,13,0,0,19,1,1,1,2,7,1,0,0,0,0,0,0,34,51,1,1,3,1,5,1,276,2,2,Young Starters,-1.9334671602460316,-0.5217428887944009,0.2068001516136056
1960,Undergraduate,Partner,92556.0,0,0,2014-04-20,32,493,183,352,184,23,28,0,3,5,13,0,0,0,0,0,0,0,0,54,1263,0,1,2,0,21,0,70,0,3,Premium Spenders,3.2537649231300887,-0.14710882795865718,0.010088921683808743
1970,Graduate,Single,67384.0,0,1,2012-11-10,32,957,40,175,158,53,107,2,7,8,5,5,0,1,0,0,0,0,0,44,1490,1,0,2,1,22,1,596,1,1,Established Families,1.5474255793257443,-0.02072889115180987,0.8920352024643586
1967,Graduate,Partner,77870.0,0,1,2012-08-22,93,1017,50,500,65,50,133,3,5,5,5,8,0,1,0,1,0,0,1,47,1815,1,1,3,1,18,2,676,1,1,Established Families,1.3902819767600216,0.7981621468662806,0.9038977282401872
1963,Postgraduate,Single,52278.0,0,1,2013-01-25,24,953,0,71,0,0,174,6,10,5,10,8,0,0,0,0,0,0,0,51,1198,1,0,2,1,31,0,520,2,1,Established Families,1.0387502199495422,0.661675851708101,0.8001645362437516
1968,Graduate,Single,57107.0,0,1,2012-08-24,44,159,0,120,0,0,137,7,4,4,8,8,0,1,0,0,1,0,1,46,416,1,0,2,1,23,2,674,1,1,Established Families,-0.025957479177628615,0.37913752154225605,0.9854524743902884
1981,Postgraduate,Single,36038.0,1,0,2013-05-31,82,23,0,15,0,2,7,2,3,0,3,6,0,0,0,0,0,0,0,33,47,1,0,2,1,8,0,394,2,2,Young Starters,-1.505534860804121,-0.659361519092376,0.206119111401934
1965,Postgraduate,Partner,34230.0,1,1,2012-12-26,72,15,0,4,0,0,2,1,1,0,2,7,0,0,0,0,0,0,0,49,21,2,1,4,1,4,0,550,2,0,Budget Families,-2.2355238402417976,0.9539807748842448,0.14825658584579102
1977,Undergraduate,Single,31878.0,0,1,2014-06-22,7,23,4,5,10,5,23,1,1,0,4,3,0,0,0,0,0,0,0,37,70,1,0,2,1,6,0,7,0,2,Young Starters,-1.1766808795180672,-1.2628610610783688,0.09221555593180457
1972,Undergraduate,Partner,70932.0,0,1,2014-01-19,57,200,193,100,46,185,185,2,6,2,12,3,0,0,0,0,0,0,0,42,909,1,1,3,1,22,0,161,0,1,Established Families,1.4470383905253261,0.030034291561027198,0.010067314492016607
1956,Graduate,Single,91249.0,0,0,2012-10-20,84,1324,27,119,71,108,27,0,7,9,6,4,0,1,1,1,1,0,1,58,1676,0,0,1,0,22,4,617,1,3,Premium Spenders,3.0260819955721017,0.760187402253916,0.9946862841788902
1943,Postgraduate,Single,77598.0,0,0,2013-10-01,53,1193,33,281,129,66,33,1,7,5,13,3,0,0,1,0,0,0,0,71,1735,0,0,1,0,26,1,271,2,3,Premium Spenders,3.28027118445472,1.3415749604276632,0.41489522452592437
1959,Graduate,Single,80982.0,1,1,2013-01-08,48,505,137,401,104,22,22,3,11,5,11,5,0,0,0,0,0,1,0,55,1191,2,0,3,1,30,0,537,1,1,Established Families,1.7570292191880628,1.8095528821110878,0.3163171369346339
1977,Postgraduate,Partner,22701.0,1,0,2013-09-05,2,2,4,9,0,4,5,1,1,0,3,5,0,0,0,0,0,0,0,37,24,1,1,3,1,5,0,297,2,2,Young Starters,-1.8203855257050527,-1.2848446769036515,0.3812273639171381
1970,Graduate,Partner,70617.0,0,0,2013-06-23,45,353,61,753,40,46,27,1,3,3,7,2,0,0,0,0,0,0,0,44,1280,0,1,2,0,14,0,371,1,3,Premium Spenders,1.9142995154811435,-0.8771844195395377,0.3178639839020993
1957,Graduate,Single,64849.0,0,0,2012-11-13,42,652,48,350,94,84,108,1,9,3,6,5,0,0,0,0,0,0,1,57,1336,0,0,1,0,19,0,593,1,3,Premium Spenders,1.75659647767905,0.1852856673128385,0.7242534135420313
1965,Postgraduate,Partner,62694.0,1,1,2013-06-17,29,379,6,157,25,91,91,5,9,3,7,7,0,0,0,0,0,0,0,49,749,2,1,4,1,24,0,377,2,1,Established Families,0.20593430255737832,1.1198167269371033,0.42801158009245194
1974,Postgraduate,Partner,61917.0,1,1,2013-11-20,83,46,4,36,2,2,1,1,2,0,4,5,0,0,0,0,0,0,0,40,91,2,1,4,1,7,0,221,2,0,Budget Families,-1.1118276455795946,0.5516948040756291,0.016209302196383314
1947,Postgraduate,Partner,67472.0,0,1,2013-09-28,93,162,31,127,8,17,69,2,4,2,7,3,0,0,0,0,0,0,0,67,414,1,1,3,1,15,0,274,2,1,Established Families,0.8065117696884991,1.8832159922779221,0.014785818420513451
1982,Postgraduate,Partner,21059.0,1,0,2014-01-07,40,8,3,19,3,3,8,3,3,0,3,6,0,0,0,0,0,0,0,32,44,1,1,3,1,9,0,173,2,2,Young Starters,-1.8218823696504094,-1.1495304025293136,0.17332825750413977
1968,Postgraduate,Partner,29543.0,2,0,2014-04-01,47,17,3,18,3,4,18,2,3,1,2,7,0,0,0,0,0,0,0,46,63,2,1,4,1,8,0,89,2,0,Budget Families,-2.115236386327749,0.5961808595622895,0.09484007620528875
1951,Graduate,Partner,75903.0,0,1,2013-04-08,50,340,108,185,130,38,100,2,6,6,9,3,0,0,0,0,0,0,0,63,901,1,1,3,1,23,0,447,1,1,Established Families,1.8343372032826701,1.4244033657450883,0.06860458807191572
1975,Undergraduate,Partner,34984.0,1,1,2012-09-06,40,8,4,15,3,5,3,2,1,0,3,7,0,0,0,0,0,0,0,39,38,2,1,4,1,6,0,661,0,0,Budget Families,-2.1979528365643652,0.040518873460451015,0.12320023345801868
1956,Postgraduate,Single,54998.0,0,1,2013-03-10,3,154,22,202,39,30,8,5,4,2,9,4,0,0,0,0,0,0,1,58,455,1,0,2,1,20,0,476,2,1,Established Families,0.5613741226958487,0.5643809316479694,0.6394543916752525
1949,Postgraduate,Single,54356.0,0,1,2012-11-19,62,710,15,30,20,0,0,3,11,2,8,8,0,0,0,0,0,0,1,65,775,1,0,2,1,24,0,587,2,1,Established Families,0.4756467924032159,1.8140522848683784,0.4146604792376939
1959,Postgraduate,Partner,34242.0,0,1,2014-03-23,25,8,2,4,0,0,1,1,0,0,3,5,0,0,0,0,0,0,0,55,15,1,1,3,1,4,0,98,2,0,Budget Families,-1.4205094409811792,0.16195171346679108,0.09485630379405113
1973,Graduate,Partner,25410.0,1,0,2013-08-31,48,2,2,4,13,13,4,1,1,0,4,4,0,0,0,0,0,0,0,41,38,1,1,3,1,6,0,302,1,2,Young Starters,-1.4726008860726816,-0.6068552574906204,0.04381547190644624
1984,Postgraduate,Partner,73356.0,0,0,2014-02-06,56,1050,14,322,0,14,112,1,5,11,5,2,1,0,1,1,0,0,1,30,1512,0,1,2,0,22,3,143,2,3,Premium Spenders,2.4939140638536044,-1.5319894838705632,0.9447573962224026
1950,Graduate,Partner,28320.0,0,1,2013-01-14,68,19,1,14,3,2,4,1,1,0,3,8,0,0,0,0,0,0,0,64,43,1,1,3,1,5,0,531,1,0,Budget Families,-1.8708126333851574,1.2798137061640014,0.12024195554914507
1977,Graduate,Single,23763.0,1,0,2012-08-07,64,22,0,6,6,2,6,1,1,0,3,7,0,0,0,0,0,0,0,37,42,1,0,2,1,5,0,691,1,2,Young Starters,-2.0985543428869633,-0.634569174797776,0.4812081440863109
1984,Graduate,Partner,72570.0,0,0,2014-04-25,67,274,83,216,151,141,224,1,4,6,12,1,0,0,0,0,0,0,0,30,1089,0,1,2,0,23,0,65,1,3,Premium Spenders,2.337934935819731,-1.434565743226288,0.01728007302165532
1976,Postgraduate,Partner,34529.0,1,0,2012-09-14,94,68,6,38,3,6,41,2,2,2,3,7,0,0,0,0,0,0,0,38,162,1,1,3,1,9,0,653,2,2,Young Starters,-1.4953199710675333,-0.16088482313115493,0.2044373856871209
1951,Graduate,Single,70792.0,0,0,2013-02-06,82,344,45,654,104,11,114,2,3,4,10,3,0,0,0,0,0,0,0,63,1272,0,0,1,0,19,0,508,1,3,Premium Spenders,2.240925197706959,0.8957404816482382,0.28718680353388265
1982,Graduate,Partner,63211.0,0,0,2012-11-02,3,145,193,459,205,26,145,2,3,8,7,2,0,0,0,0,0,0,1,32,1173,0,1,2,0,20,0,604,1,3,Premium Spenders,1.8612300201871734,-1.952565137328127,0.7497343685190295
1974,Postgraduate,Partner,83891.0,0,1,2014-06-20,24,217,38,350,111,85,15,1,4,7,10,1,0,0,0,0,0,0,0,40,816,1,1,3,1,22,0,9,2,3,Premium Spenders,1.976346448871362,-0.4268282861357792,0.0967481325649351
1968,Graduate,Single,36065.0,1,1,2013-03-31,54,18,7,34,10,2,3,3,3,0,3,8,0,0,0,0,0,0,0,46,74,2,0,3,1,9,0,455,1,0,Budget Families,-2.057341265449541,0.7533198352229419,0.3315271755219725
1940,Postgraduate,Single,51141.0,0,0,2013-07-08,96,144,0,7,0,0,6,1,3,1,4,5,0,0,0,0,0,0,0,74,157,0,0,1,0,9,0,356,2,0,Budget Families,0.03549593470499652,1.5815177355804084,0.14428433180251674
1976,Graduate,Partner,56939.0,0,1,2013-09-18,19,256,34,103,90,29,49,2,3,3,10,3,0,0,0,0,0,0,0,38,561,1,1,3,1,18,0,284,1,1,Established Families,0.5399443255119818,-0.7211432202720609,0.039450836064676524
1951,Graduate,Single,80872.0,0,0,2014-05-12,60,483,72,567,94,12,108,1,4,4,10,1,0,0,0,0,0,0,0,63,1336,0,0,1,0,19,0,48,1,3,Premium Spenders,2.859146642704988,0.6528996055089809,0.07355542296877181
1976,Postgraduate,Partner,72335.0,0,0,2012-08-13,2,1285,105,653,28,21,0,1,10,4,8,8,0,0,0,0,0,0,1,38,2092,0,1,2,0,23,0,685,2,3,Premium Spenders,2.1109234571722215,-1.238251899598463,0.9381410836151426
1964,Postgraduate,Single,61798.0,0,0,2013-11-23,13,338,4,89,11,8,13,1,4,2,9,4,0,0,0,0,0,0,0,50,463,0,0,1,0,16,0,218,2,1,Established Families,0.851746375057489,-0.631981881459206,0.21915389677649333
1950,Postgraduate,Single,76842.0,0,0,2014-05-03,37,605,10,345,84,54,32,1,1,8,7,0,0,0,0,0,0,0,0,64,1130,0,0,1,0,17,0,57,2,3,Premium Spenders,2.6436395502567867,0.4150444360622772,0.21883646218707012
1976,Graduate,Partner,29478.0,1,0,2014-01-17,59,8,0,7,3,1,1,1,1,0,3,6,0,0,0,0,0,0,0,38,20,1,1,3,1,5,0,163,1,2,Young Starters,-1.8081484722630379,-0.6288179158815806,0.04225890550970169
1956,Graduate,Single,46998.0,0,1,2012-10-22,55,172,41,86,45,6,27,5,5,3,5,7,1,0,0,0,0,0,0,58,377,1,0,2,1,18,1,615,1,1,Established Families,-0.29453732571241065,1.084659521203574,0.8162401721901955
1990,Graduate,Single,96843.0,0,0,2013-04-23,60,448,71,951,40,17,17,1,6,11,10,2,0,0,1,0,0,0,1,24,1544,0,0,1,0,28,1,432,1,3,Premium Spenders,3.360257236343951,-1.658076264901019,0.9304541394566793
1965,Postgraduate,Partner,70053.0,0,1,2013-07-03,38,512,53,98,81,179,89,3,8,5,10,5,0,0,0,0,0,0,0,49,1012,1,1,3,1,26,0,361,2,1,Established Families,1.4862689999469574,0.49760459028513404,0.2414069467741474
1962,Postgraduate,Single,71670.0,0,0,2013-07-09,8,1462,16,128,0,0,160,1,5,3,6,6,0,1,1,0,1,0,1,52,1766,0,0,1,0,15,3,355,2,3,Premium Spenders,1.8318370265525308,-0.5004700941455884,0.9980846709451965
1978,Graduate,Partner,44359.0,1,1,2014-06-17,19,20,0,14,7,3,1,3,2,0,4,3,0,0,0,0,0,0,0,36,45,2,1,4,1,9,0,12,1,0,Budget Families,-1.1742917258383212,-0.4102482598369867,0.02113026398973689
1952,Graduate,Single,40887.0,1,1,2013-05-06,32,50,4,44,10,10,43,3,3,1,3,9,0,0,0,0,0,0,1,62,161,2,0,3,1,10,0,419,1,0,Budget Families,-1.8118043984049996,1.7126327263820398,0.5379595147247598
1966,Graduate,Single,48877.0,0,1,2014-01-05,27,102,1,15,2,0,24,1,3,0,4,7,0,0,0,0,0,0,0,48,144,1,0,2,1,8,0,175,1,2,Young Starters,-1.1356812189174867,-0.05488290558922991,0.28166211111059924
1947,Graduate,Partner,74485.0,0,0,2013-08-24,58,499,149,815,173,49,49,1,6,7,12,3,0,0,0,0,0,0,0,67,1734,0,1,2,0,26,0,309,1,3,Premium Spenders,3.1647545654490172,1.1042503061333206,0.11412144860918795
1972,Graduate,Partner,64474.0,0,1,2013-10-22,59,381,35,172,56,86,93,2,8,2,10,5,0,0,0,0,0,0,0,42,823,1,1,3,1,22,0,250,1,1,Established Families,0.8922762771157696,0.10860217263219604,0.029832368412670195
1963,Graduate,Partner,77226.0,0,1,2014-02-28,29,631,43,239,128,76,21,2,6,8,12,3,0,0,0,0,0,0,0,51,1138,1,1,3,1,28,0,121,1,1,Established Families,2.2272952256097467,0.5378769680012255,0.03176850204643482
1949,Graduate,Single,72643.0,0,0,2013-02-27,60,526,80,553,123,94,53,1,3,10,7,2,0,0,0,1,0,0,1,65,1429,0,0,1,0,21,1,487,1,3,Premium Spenders,2.7160008446418162,0.8357051669833496,0.8900900602339279
1978,Postgraduate,Partner,85738.0,0,0,2014-01-23,41,913,26,376,17,26,13,1,3,6,11,1,0,1,1,0,0,0,0,36,1371,0,1,2,0,21,2,157,2,3,Premium Spenders,2.833242353939109,-1.2688865682302437,0.5731046260886608
1966,Graduate,Single,55686.0,0,1,2013-02-14,27,673,0,199,37,47,26,2,6,3,5,4,1,0,0,0,0,0,0,48,982,1,0,2,1,16,1,500,1,1,Established Families,0.6963280724473654,-0.005991603071341728,0.7733708036979379
1983,Graduate,Single,39062.0,1,0,2014-03-25,28,23,0,9,0,0,12,1,1,0,3,4,1,0,0,0,0,0,0,31,44,1,0,2,1,5,1,96,1,2,Young Starters,-1.3107061481699451,-1.4242461802012396,0.4367250961972249
1975,Graduate,Partner,40794.0,0,1,2013-04-07,18,261,23,73,4,23,50,2,6,3,5,7,0,0,0,0,0,0,0,39,434,1,1,3,1,16,0,448,1,2,Young Starters,-0.7131825596517203,-0.6049312525923314,0.4755830642670214
1969,Graduate,Partner,4428.0,0,1,2013-10-05,0,16,4,12,2,4,321,0,25,0,0,1,0,0,0,0,0,0,0,45,359,1,1,3,1,25,0,267,1,1,Established Families,-0.07053208997446983,-0.5651466979312694,0.7427176064948167
1963,Undergraduate,Partner,32632.0,0,0,2012-08-02,32,63,151,137,153,19,53,2,4,4,8,5,0,0,0,0,0,0,0,51,576,0,1,2,0,18,0,696,0,1,Established Families,0.2235911019915491,-0.4371301931202692,0.22484285847562588
1968,Postgraduate,Single,38236.0,1,1,2013-09-20,2,58,0,18,2,0,10,4,3,0,4,7,0,0,0,0,0,0,0,46,88,2,0,3,1,11,0,282,2,0,Budget Families,-1.722863101110241,0.29519356882540476,0.6611691212694348
1979,Graduate,Partner,36781.0,1,0,2014-04-10,16,29,1,17,0,3,13,1,2,1,2,8,0,0,0,0,0,0,1,35,63,1,1,3,1,6,0,80,1,2,Young Starters,-1.9087456314850104,-1.0822737955480983,0.17247983293057045
1984,Postgraduate,Single,31385.0,1,0,2012-12-05,56,3,2,12,0,1,9,1,1,0,2,8,1,0,0,0,0,0,1,30,27,1,0,2,1,4,1,571,2,2,Young Starters,-2.2281530118709867,-1.1245906359882192,0.9009137750811054
1984,Graduate,Partner,24570.0,1,0,2013-02-27,97,28,34,62,11,14,44,3,4,0,4,9,0,0,0,0,0,0,0,30,193,1,1,3,1,11,0,487,1,2,Young Starters,-2.0011471804324423,-0.5857172718114878,0.08434801591116474
1951,Graduate,Partner,94642.0,0,0,2014-02-12,35,879,143,797,106,143,143,0,5,7,9,1,0,0,1,1,0,0,0,63,2211,0,1,2,0,21,2,137,1,3,Premium Spenders,4.043430071519771,0.4914313822803796,0.859547015153398
1962,Postgraduate,Partner,58646.0,0,1,2013-06-10,3,62,1,44,6,5,22,1,2,1,4,4,0,0,0,0,0,0,0,52,140,1,1,3,1,8,0,384,2,0,Budget Families,-0.3768185462040161,-0.08727653307681399,0.39755042604950397
1975,Graduate,Single,53201.0,1,1,2013-02-12,49,280,7,81,20,0,27,8,6,3,5,7,0,0,0,0,0,0,0,39,415,2,0,3,1,22,0,502,1,1,Established Families,-0.5206726583733647,0.5562984577318405,0.41956196624985836
1978,Graduate,Partner,57113.0,1,1,2013-02-06,45,182,4,33,0,2,42,6,4,1,5,7,0,0,0,0,0,0,0,36,263,2,1,4,1,16,0,508,1,0,Budget Families,-0.9363931238683253,0.20312662315006835,0.20975609076214413
1991,Graduate,Partner,51373.0,0,0,2013-06-22,37,83,2,101,64,26,117,1,3,5,3,4,0,0,0,0,0,0,0,23,393,0,1,2,0,12,0,372,1,2,Young Starters,0.03576437981223619,-2.3658443686992445,0.3384042931103304
1986,Graduate,Partner,23477.0,1,0,2013-10-21,39,38,15,54,3,8,29,3,3,0,4,8,0,0,0,0,0,0,0,28,147,1,1,3,1,10,0,251,1,2,Young Starters,-1.990127070926368,-1.3139823827087544,0.15495857556938725
1956,Graduate,Partner,58116.0,0,1,2014-04-13,38,228,19,130,4,11,51,2,3,3,8,2,0,0,0,0,0,0,0,58,443,1,1,3,1,16,0,77,1,1,Established Families,0.7288593088830397,0.7180351500705584,0.01568179788710927
1963,Postgraduate,Single,72968.0,0,0,2013-12-16,8,1092,37,592,145,37,55,1,5,5,8,3,0,0,0,1,0,0,1,51,1958,0,0,1,0,19,1,195,2,3,Premium Spenders,2.7403635565557893,-0.6051544617912815,0.8969390193301405
1971,Postgraduate,Partner,39791.0,0,1,2013-03-28,89,85,15,27,13,13,21,2,3,1,4,7,0,0,0,0,0,0,0,43,174,1,1,3,1,10,0,458,2,2,Young Starters,-1.251440027066014,0.175869970787053,0.09315737708898114
1947,Postgraduate,Single,91712.0,0,0,2013-10-17,47,1276,24,746,94,29,48,0,9,7,11,3,0,0,1,0,0,0,1,67,2217,0,0,1,0,27,1,255,2,3,Premium Spenders,4.040428804070681,1.0803266553469075,0.8187099923822626
1958,Graduate,Single,94472.0,0,1,2014-04-03,75,1017,33,417,108,100,16,1,5,5,5,5,0,1,1,0,0,0,0,56,1691,1,0,2,1,16,2,87,1,3,Premium Spenders,2.146110150374115,1.1456078700470986,0.7324626068742094
1960,Graduate,Partner,13672.0,1,1,2013-04-17,86,6,2,9,2,1,5,2,1,0,3,8,0,0,0,0,0,0,0,54,25,2,1,4,1,6,0,438,1,0,Budget Families,-2.7122935394802647,1.4155487334929873,0.040836646788565606
1980,Undergraduate,Partner,96547.0,0,0,2014-05-23,4,448,21,125,52,101,62,0,7,6,8,2,1,0,1,1,0,0,1,34,809,0,1,2,0,21,3,37,0,3,Premium Spenders,2.4168399610970615,-1.6219518053002524,0.9087464375656339
1975,Graduate,Partner,79205.0,0,0,2012-08-29,73,504,23,117,179,28,44,1,6,5,4,4,0,0,0,1,0,0,1,39,895,0,1,2,0,16,1,669,1,3,Premium Spenders,1.526946107609314,-0.7723764097967735,0.5302615842966
1975,Postgraduate,Partner,56559.0,0,1,2012-12-25,46,226,22,133,41,31,31,3,4,3,8,4,0,0,0,0,0,0,0,39,484,1,1,3,1,18,0,551,2,1,Established Families,0.31566251853004,-0.36487599948378335,0.16378851576406883
1973,Postgraduate,Partner,32644.0,1,0,2013-01-16,38,239,3,141,0,7,23,4,7,1,6,8,1,0,0,0,0,0,0,41,413,1,1,3,1,18,1,529,2,2,Young Starters,-0.9485307758793996,-0.23509055006491267,0.8690370293541726
1980,Undergraduate,Single,67506.0,0,1,2014-01-02,73,90,38,67,33,36,67,1,4,1,6,3,0,0,0,0,0,0,0,34,331,1,0,2,1,12,0,178,0,1,Established Families,0.2140481281488126,-0.5830609927053635,0.012711003334386817
1970,Graduate,Single,24206.0,1,0,2013-03-08,66,7,2,8,3,2,3,1,1,0,3,6,0,0,0,0,0,0,0,44,25,1,0,2,1,5,0,478,1,2,Young Starters,-1.8644022115513004,-0.18524968085635846,0.22062595890492073
1967,Postgraduate,Single,28420.0,1,0,2013-12-24,36,4,2,5,2,0,0,1,1,0,2,6,0,0,0,0,0,0,0,47,13,1,0,2,1,4,0,187,2,2,Young Starters,-1.8063263013856756,-0.2595259833501875,0.33032432471151957
1970,Graduate,Partner,22979.0,1,0,2012-09-06,29,16,17,19,20,21,22,3,3,2,2,8,0,0,0,0,0,0,1,44,115,1,1,3,1,10,0,661,1,2,Young Starters,-1.8631889556950336,-0.3291924710926568,0.7114088168889915
1966,Graduate,Single,33279.0,0,0,2014-06-12,29,10,3,3,0,0,0,1,0,0,3,3,0,0,0,0,0,0,0,48,16,0,0,1,0,4,0,17,1,2,Young Starters,-0.7503134986737056,-1.046860569517049,0.11064382900717334
1977,Graduate,Partner,30368.0,0,1,2013-11-07,97,35,0,13,2,0,2,2,2,0,3,8,0,0,0,0,0,0,0,37,52,1,1,3,1,7,0,234,1,2,Young Starters,-1.9775158385492944,-0.21815325775433383,0.022021050258587607
1970,Graduate,Partner,63684.0,0,1,2012-11-26,61,575,80,428,208,93,80,3,8,4,8,5,0,0,0,0,0,0,0,44,1464,1,1,3,1,23,0,580,1,1,Established Families,1.5003076746316375,0.2503235178184203,0.19464897087625405
1964,Graduate,Single,41638.0,0,1,2013-02-13,68,315,0,31,4,0,91,4,5,5,3,8,1,0,0,0,0,0,0,50,441,1,0,2,1,17,1,501,1,1,Established Families,-0.6704044420473805,0.6569002792408843,0.7165807989081006
1959,Postgraduate,Single,68805.0,0,1,2013-09-17,73,182,2,49,17,13,20,1,3,1,7,2,0,0,0,0,0,0,0,55,283,1,0,2,1,12,0,285,2,1,Established Families,0.5883614239707349,0.7949277790507093,0.034000932284621366
1966,Postgraduate,Partner,65814.0,0,1,2014-03-02,90,561,14,113,10,14,35,3,8,2,10,5,0,0,0,0,0,0,0,48,747,1,1,3,1,23,0,119,2,1,Established Families,0.98477039731257,0.8258179564473896,0.009806133811178092
1958,Graduate,Single,71964.0,0,0,2013-05-20,81,587,51,932,180,34,86,1,5,6,5,3,0,0,0,0,0,0,0,56,1870,0,0,1,0,17,0,405,1,3,Premium Spenders,2.5906500648821544,0.3458585619698066,0.5562980482822824
1986,Graduate,Single,39146.0,1,0,2013-02-14,1,94,1,33,13,12,12,3,4,0,4,8,0,0,0,0,0,0,0,28,165,1,0,2,1,11,0,500,1,2,Young Starters,-1.5531006199810613,-1.567122690826444,0.8157333739372316
1977,Graduate,Partner,96876.0,0,0,2013-08-06,79,908,43,735,40,194,21,1,7,7,9,2,0,1,1,1,0,0,1,37,1941,0,1,2,0,24,3,327,1,3,Premium Spenders,3.6089140316137014,-0.7235716483414436,0.9593976421643086
1981,Undergraduate,Partner,34445.0,0,0,2013-01-27,92,228,122,122,208,129,30,6,11,2,8,9,0,0,0,0,0,0,0,33,839,0,1,2,0,27,0,518,0,1,Established Families,0.1737644599880191,-0.7298767975871446,0.10419921819607432
1958,Graduate,Single,68281.0,0,0,2012-08-07,31,995,112,417,42,48,41,1,2,9,13,5,0,0,0,0,0,0,1,56,1655,0,0,1,0,25,0,691,1,3,Premium Spenders,2.4441323966143287,0.15776054037070733,0.6333380498872089
1983,Graduate,Partner,36790.0,0,0,2013-03-01,14,3,3,14,15,21,10,1,2,1,2,9,0,0,0,0,0,0,1,31,66,0,1,2,0,6,0,485,1,2,Young Starters,-1.6769184490404103,-2.0125120220350823,0.5829274300983247
1967,Graduate,Partner,27943.0,1,1,2013-04-15,89,12,1,16,4,1,3,3,2,0,3,8,0,0,0,0,0,0,0,47,37,2,1,4,1,8,0,440,1,0,Budget Families,-2.322268365217093,1.080569118494997,0.04208712890479628
1951,Graduate,Single,22263.0,1,1,2014-03-30,31,17,0,2,0,0,2,2,1,0,3,6,0,0,0,0,0,1,0,63,21,2,0,3,1,6,0,91,1,0,Budget Families,-2.098530211624647,1.4756872396803662,0.10711880086980566
1972,Graduate,Partner,30261.0,1,2,2012-09-25,75,8,0,5,0,3,6,1,0,0,3,8,0,0,0,0,0,0,0,42,22,3,1,5,1,4,0,642,1,0,Budget Families,-3.0016524755727336,1.2205905197372706,0.06596340265655905
1978,Graduate,Partner,28587.0,1,0,2014-02-12,42,22,4,17,12,10,13,3,2,0,4,6,0,0,0,0,0,0,0,36,78,1,1,3,1,9,0,137,1,2,Young Starters,-1.5726639822884632,-0.8309769219318119,0.05653146697039174
1982,Postgraduate,Partner,43815.0,1,0,2013-04-05,53,14,10,29,4,7,15,1,2,0,3,6,0,0,0,0,0,0,0,32,79,1,1,3,1,6,0,450,2,2,Young Starters,-1.4251203414642821,-1.0033282025429358,0.2020645777803943
1956,Graduate,Partner,48195.0,1,1,2014-01-21,53,106,27,68,52,7,5,6,4,2,5,6,0,0,0,0,0,0,0,58,265,2,1,4,1,17,0,159,1,0,Budget Families,-0.6912933495948919,1.6968844790605724,0.06670864083697589
1952,Postgraduate,Partner,77027.0,0,1,2014-02-05,23,820,57,242,45,0,11,2,8,3,6,4,0,0,0,0,0,0,0,62,1175,1,1,3,1,19,0,144,2,1,Established Families,1.684748153636429,1.0535567812492082,0.13737665235781768
1965,Postgraduate,Partner,71322.0,0,1,2013-02-16,57,753,43,226,69,10,204,2,8,5,13,4,0,0,0,0,0,0,0,49,1305,1,1,3,1,28,0,498,2,1,Established Families,2.0496758005990623,0.6655060711143211,0.07619774576728289
1979,Postgraduate,Partner,32765.0,1,0,2014-02-23,49,13,3,17,7,3,3,2,2,0,4,5,0,0,0,0,0,0,0,35,46,1,1,3,1,8,0,126,2,2,Young Starters,-1.4037833589911173,-0.8805347819697202,0.059071475665909416
1953,Graduate,Single,23272.0,0,0,2013-10-17,29,19,3,6,4,2,12,1,1,0,3,4,0,0,0,0,0,0,0,61,46,0,0,1,0,5,0,255,1,2,Young Starters,-0.9316976424861599,-0.15232312057736017,0.3060073248586349
1949,Postgraduate,Partner,49912.0,0,1,2012-09-07,5,520,8,223,32,49,42,4,10,5,7,8,1,0,0,0,0,0,1,65,874,1,1,3,1,26,1,660,2,1,Established Families,0.561093928040064,1.3198458878471475,0.9728078828553844
1985,Undergraduate,Partner,7500.0,1,0,2012-08-01,98,5,17,17,13,14,34,4,2,1,3,9,0,0,0,0,0,0,0,29,100,1,1,3,1,10,0,697,0,2,Young Starters,-2.55202526499689,-0.7376563085299492,0.12288146513567413
1947,Postgraduate,Single,68117.0,0,1,2013-03-10,80,618,44,215,0,17,36,2,11,8,4,6,1,0,0,0,0,0,1,67,930,1,0,2,1,25,1,476,2,1,Established Families,1.3439520759876586,2.1032403770429213,0.8620112437404387
1955,Graduate,Partner,67225.0,0,1,2013-11-26,4,315,35,322,46,7,143,3,7,2,11,5,0,0,0,0,0,0,0,59,868,1,1,3,1,23,0,215,1,1,Established Families,1.2224554780128378,0.7867290550346241,0.11315494426927843
1976,Graduate,Partner,17649.0,1,0,2013-11-12,70,15,1,23,0,5,1,3,3,0,3,8,0,0,0,0,0,0,0,38,45,1,1,3,1,9,0,229,1,2,Young Starters,-2.162707339416443,-0.40451265813969906,0.07274803226580286
1975,Graduate,Partner,55914.0,0,1,2013-04-29,32,384,60,364,119,101,232,4,11,6,8,7,0,0,0,0,0,0,0,39,1260,1,1,3,1,29,0,426,1,1,Established Families,1.1023049821843145,-0.1487622362678978,0.5650975761272726
1984,Graduate,Partner,40059.0,1,0,2013-09-28,82,110,29,92,28,10,145,1,6,2,3,8,1,0,0,0,0,0,0,30,414,1,1,3,1,12,1,274,1,2,Young Starters,-1.226582790310845,-0.6832998498936681,0.38692761604053133
1950,Graduate,Partner,60905.0,0,1,2013-12-05,27,208,17,76,36,17,38,2,3,3,7,2,0,0,0,0,0,0,0,64,392,1,1,3,1,15,0,206,1,1,Established Families,0.7545544446816894,1.0132977742434255,0.034830397177514696
1977,Graduate,Partner,75330.0,1,1,2012-10-04,94,555,82,257,93,61,61,4,10,3,12,6,0,0,0,0,0,0,0,37,1109,2,1,4,1,29,0,633,1,1,Established Families,1.1501953618444494,1.0139955143913575,0.036848192301045385
1951,Graduate,Single,60689.0,0,1,2013-06-01,23,240,90,216,63,6,24,4,4,4,10,3,0,0,0,0,0,0,0,63,639,1,0,2,1,22,0,393,1,1,Established Families,1.1887260167083864,1.1022448271792067,0.25506381008983703
1984,Graduate,Partner,38680.0,1,0,2013-03-28,97,11,0,36,15,5,12,1,2,0,3,7,0,0,0,0,0,0,0,30,79,1,1,3,1,6,0,458,1,2,Young Starters,-1.7245897978104279,-0.7193411145542503,0.03758265399023823
1982,Graduate,Partner,61416.0,0,0,2013-02-08,25,848,154,323,201,61,78,1,10,3,10,6,1,0,0,0,0,0,0,32,1665,0,1,2,0,24,1,506,1,3,Premium Spenders,1.8156677712702547,-1.5222394167690056,0.681415540095618
1991,Graduate,Single,49767.0,0,0,2013-05-02,92,202,47,197,55,42,149,1,5,4,8,4,0,0,0,0,0,0,0,23,692,0,0,1,0,18,0,423,1,3,Premium Spenders,0.6086517069897176,-1.7492254955398017,0.1690357640748168
1970,Graduate,Single,83273.0,1,2,2012-09-25,98,433,89,650,16,102,102,10,4,6,9,7,0,0,0,0,0,0,0,44,1392,3,0,4,1,29,0,642,1,1,Established Families,1.053451023422321,2.2699951927436515,0.5504761750602648
1981,Graduate,Partner,29009.0,1,0,2013-11-29,19,6,6,15,10,5,2,2,2,0,3,6,0,0,0,0,0,0,0,33,44,1,1,3,1,7,0,212,1,2,Young Starters,-1.7424217777968467,-1.2842068901693153,0.16350103965586918
1979,Postgraduate,Partner,45057.0,1,0,2013-12-01,80,37,0,7,3,0,3,1,2,0,3,5,0,0,0,0,0,0,0,35,50,1,1,3,1,6,0,210,2,2,Young Starters,-1.220096046702595,-0.5924072366090608,0.02971145432438767
1971,Graduate,Partner,37150.0,1,0,2012-09-11,80,167,37,64,49,34,116,8,4,3,6,7,0,0,0,0,0,0,0,43,467,1,1,3,1,21,0,656,1,1,Established Families,-0.4303408819378641,0.32465874666765715,0.20172173339997942
1970,Graduate,Single,43020.0,1,0,2013-11-30,79,45,7,99,4,25,43,3,4,1,4,6,0,0,0,0,0,0,0,44,223,1,0,2,1,12,0,211,1,2,Young Starters,-0.8445596580465138,0.1685404371003944,0.1285641299269149
1959,Graduate,Partner,53154.0,0,1,2014-06-09,50,129,0,21,0,1,7,1,3,1,4,4,0,0,0,0,0,0,0,55,158,1,1,3,1,9,0,20,1,0,Budget Families,-0.394237381276626,0.5386658813485319,0.019459257169947206
1973,Graduate,Partner,65308.0,0,0,2013-09-11,60,713,0,264,120,80,34,1,7,8,12,4,0,0,1,1,0,0,0,41,1211,0,1,2,0,28,2,291,1,3,Premium Spenders,2.1796868561102434,-0.5525683049425283,0.5692761016062889
1970,Graduate,Single,76467.0,1,0,2012-08-17,44,676,161,426,210,44,58,2,2,5,5,6,0,0,0,0,0,0,1,44,1575,1,0,2,1,14,0,681,1,1,Established Families,1.210640891400438,-0.02001800987120621,0.6282704314314768
1947,Undergraduate,Partner,81044.0,0,0,2013-12-27,0,450,26,535,73,98,26,1,5,6,10,1,0,0,0,0,0,0,0,67,1208,0,1,2,0,22,0,184,0,3,Premium Spenders,2.958843903841985,0.4549319992067586,0.15248964997389972
1951,Graduate,Partner,32871.0,1,1,2013-03-09,28,22,2,12,0,2,5,1,1,0,3,4,0,0,0,0,0,0,0,63,43,2,1,4,1,5,0,477,1,0,Budget Families,-1.558242709692277,1.3860714463545056,0.14896288308428363
1975,Graduate,Single,55801.0,1,1,2013-09-22,35,367,4,51,6,4,95,6,7,2,6,7,0,0,0,1,0,0,0,39,527,2,0,3,1,21,1,280,1,1,Established Families,-0.42356312118917355,0.4122169857759794,0.6730785476908219
1959,Graduate,Single,76320.0,0,1,2014-06-22,49,526,35,214,69,53,35,2,6,3,4,2,0,0,0,0,0,0,0,55,932,1,0,2,1,15,0,7,1,3,Premium Spenders,1.4895815840800066,0.6491611622815335,0.11967659268113749
1955,Postgraduate,Single,36927.0,1,1,2014-06-02,46,51,0,16,0,0,4,2,3,0,3,8,0,0,0,0,0,0,0,59,71,2,0,3,1,8,0,27,2,0,Budget Families,-1.9622937982022124,1.5357823250555624,0.18348571377824643
1953,Graduate,Partner,48794.0,1,1,2014-06-26,97,25,0,11,3,0,15,1,1,0,3,4,0,0,0,0,0,0,0,61,54,2,1,4,1,5,0,3,1,0,Budget Families,-1.1819947269381526,1.946166421537987,0.003464142942511917
1965,Graduate,Single,23478.0,0,0,2013-03-19,51,28,6,27,12,17,39,1,3,0,3,8,0,0,0,0,0,0,0,49,129,0,0,1,0,7,0,467,1,2,Young Starters,-1.5206256748890383,-0.547200617801855,0.49883886031217933
1973,Graduate,Single,71128.0,1,0,2012-10-06,80,958,159,447,20,0,31,3,2,10,12,7,0,0,0,0,0,0,0,41,1615,1,0,2,1,27,0,631,1,1,Established Families,1.6787620932784828,0.4239250630542805,0.25580725362751866
1950,Graduate,Partner,59462.0,0,1,2013-01-05,29,724,17,143,0,8,196,2,9,2,12,7,0,0,0,0,0,0,0,64,1088,1,1,3,1,25,0,540,1,1,Established Families,1.0699606227322402,1.436126157577694,0.12053822035251964
1969,Postgraduate,Partner,51381.5,1,1,2013-05-18,52,375,42,48,94,66,96,7,4,10,4,3,0,0,0,0,0,0,0,45,721,2,1,4,1,25,0,407,2,1,Established Families,0.5922678161052921,0.8648189161436647,0.3005183703584701
1981,Postgraduate,Single,51381.5,1,0,2013-05-31,82,23,0,15,0,2,7,2,3,0,3,6,0,0,0,0,0,0,0,33,47,1,0,2,1,8,0,394,2,2,Young Starters,-1.1429339016712377,-0.5920079822750374,0.2450616077098757
1978,Graduate,Partner,42554.0,1,1,2013-01-12,93,29,1,11,0,0,0,2,2,0,3,4,0,0,0,0,0,0,0,36,41,2,1,4,1,7,0,533,1,0,Budget Families,-1.4879035401730758,0.24835475234730411,0.02700256110985397
1951,Graduate,Single,67046.0,0,1,2013-01-06,92,544,35,133,23,151,107,2,4,5,4,2,0,0,0,0,0,0,0,63,993,1,0,2,1,15,0,539,1,1,Established Families,1.4135754426144673,1.533193610719998,0.09432239632631202
1948,Graduate,Partner,42192.0,0,0,2013-09-06,40,40,15,15,17,6,7,1,2,1,3,4,0,0,0,0,0,0,0,66,100,0,1,2,0,7,0,296,1,0,Budget Families,-0.26879462946468513,0.41062551660839586,0.1019017404599456
1952,Postgraduate,Partner,77610.0,0,1,2012-10-29,70,1245,33,332,21,33,16,2,4,7,4,7,0,0,0,0,0,0,0,62,1680,1,1,3,1,17,0,608,2,1,Established Families,1.5289848901065228,1.538273818890269,0.29661515333788196
1984,Graduate,Partner,31761.0,1,0,2014-04-05,96,19,1,20,16,14,28,2,3,0,4,5,0,0,0,0,0,0,0,30,98,1,1,3,1,9,0,85,1,2,Young Starters,-1.3699487139741198,-0.7745483652551101,0.007011924678870065
1979,Graduate,Partner,34350.0,1,0,2013-10-19,81,16,3,15,2,1,11,1,1,0,3,7,0,0,0,0,0,0,0,35,48,1,1,3,1,5,0,253,1,2,Young Starters,-1.861360387511052,-0.568847203576224,0.027600515166500934
1949,Graduate,Partner,54591.0,0,1,2013-08-05,63,376,4,94,12,9,24,3,6,2,8,5,0,0,0,0,0,0,0,65,519,1,1,3,1,19,0,328,1,1,Established Families,0.46763936111026366,1.5930489710723328,0.02651922529244275
1956,Graduate,Partner,71866.0,0,1,2013-12-25,85,184,178,178,103,39,33,1,6,3,10,3,0,0,0,0,0,0,0,58,715,1,1,3,1,20,0,186,1,1,Established Families,1.3603468150257052,1.3266619170553886,0.004537198243514916
1983,Graduate,Partner,69520.0,0,0,2013-07-07,95,627,120,414,121,80,93,1,9,6,5,5,0,0,0,0,0,0,0,31,1455,0,1,2,0,21,0,357,1,3,Premium Spenders,1.8203593594840266,-1.0217118550164013,0.1801433534431794
1970,Graduate,Single,64713.0,1,0,2014-02-07,11,180,60,241,13,54,54,2,5,5,7,4,0,0,0,0,0,0,1,44,602,1,0,2,1,19,0,142,1,1,Established Families,0.7134512871721664,-0.2923445103464279,0.2917201428825412
1977,Postgraduate,Partner,27889.0,1,0,2013-07-05,42,14,0,4,0,0,8,1,1,1,2,6,0,0,0,0,0,0,0,37,26,1,1,3,1,5,0,359,2,2,Young Starters,-1.8538935288576661,-0.8573767145232885,0.23518814588766657
1960,Undergraduate,Single,22123.0,0,0,2014-03-27,77,3,3,24,34,7,31,1,2,1,3,5,0,0,0,0,0,0,0,54,102,0,0,1,0,7,0,94,0,2,Young Starters,-1.0254714868653314,-0.10700354542883266,0.03530293943555144
1971,Graduate,Partner,51381.5,1,1,2013-03-03,82,71,1,16,0,0,9,4,2,1,3,8,0,0,0,0,0,0,0,43,97,2,1,4,1,10,0,483,1,0,Budget Families,-1.644802959443829,0.8946797249559327,0.08207439235600672
1954,Postgraduate,Partner,51381.5,0,1,2013-06-23,83,161,0,22,0,0,24,2,4,1,4,6,0,0,0,0,0,0,0,60,207,1,1,3,1,11,0,371,2,0,Budget Families,-0.5499398751462743,1.2950428646642567,0.08512844421358941
1973,Graduate,Partner,27803.0,1,0,2012-08-26,40,8,26,46,38,9,49,2,3,0,4,8,0,0,0,0,0,0,0,41,176,1,1,3,1,9,0,672,1,2,Young Starters,-1.784372676488247,-0.4362951156282634,0.46448158134052336
1955,Graduate,Single,51381.5,0,1,2013-10-18,95,264,0,21,12,6,147,3,6,1,5,7,0,0,0,0,0,0,0,59,450,1,0,2,1,15,0,254,1,1,Established Families,-0.28449947853826785,1.4603005151024928,0.04426187870423886
1960,Graduate,Partner,51651.0,0,1,2012-11-07,32,293,6,23,13,6,92,4,6,2,5,8,0,0,0,0,0,0,0,54,433,1,1,3,1,17,0,599,1,1,Established Families,-0.4046903582202622,0.644043968233686,0.4403179025713968
1943,Postgraduate,Single,51381.5,0,0,2013-10-30,75,532,126,490,164,126,126,1,5,5,11,1,0,0,1,0,0,0,1,71,1564,0,0,1,0,22,1,242,2,3,Premium Spenders,2.6164885679553964,1.2562796907500953,0.40361561982811545
1992,Undergraduate,Partner,87000.0,0,0,2012-12-15,61,196,25,607,67,17,49,1,4,6,7,2,0,0,0,0,0,0,0,22,961,0,1,2,0,18,0,561,0,3,Premium Spenders,2.031737385722989,-2.0314996451070764,0.17688745757231936
1959,Graduate,Partner,79823.0,0,1,2014-03-31,6,835,73,380,114,73,43,1,6,9,7,2,0,1,0,0,0,0,0,55,1518,1,1,3,1,23,1,90,1,3,Premium Spenders,2.5274682239213373,0.43298693453693354,0.5947921041093184
1980,Graduate,Single,30828.0,1,0,2013-10-04,16,16,11,15,2,0,12,2,1,1,4,3,0,0,0,0,0,0,0,34,56,1,0,2,1,8,0,268,1,2,Young Starters,-1.1280095126935104,-1.3404677708799235,0.31824886910487904
1971,Postgraduate,Partner,34109.0,0,1,2013-11-06,39,9,1,5,2,1,4,1,0,0,3,4,0,0,0,0,0,0,0,43,22,1,1,3,1,4,0,235,2,2,Young Starters,-1.3766254929571429,-0.5614878393779816,0.09391625353453138
1974,Postgraduate,Single,53367.0,1,1,2013-08-31,2,229,7,140,10,3,11,7,5,1,8,7,0,0,0,0,0,0,1,40,400,2,0,3,1,21,0,302,2,1,Established Families,-0.5846259562259806,0.1758467422095704,0.5988590222938323
1969,Undergraduate,Partner,22390.0,0,0,2013-10-21,49,0,1,4,15,1,5,1,1,0,2,7,0,0,0,0,0,0,0,45,26,0,1,2,0,4,0,251,0,2,Young Starters,-1.6852007758083325,-0.9463258449798813,0.05919401077937653
1976,Graduate,Partner,71322.0,0,1,2014-05-02,31,121,24,124,24,15,42,1,4,1,7,2,0,0,0,0,0,0,0,38,350,1,1,3,1,13,0,58,1,1,Established Families,0.5775762957651498,-0.6978485796493898,0.01689331080381226
1993,Graduate,Single,79244.0,0,0,2012-12-19,58,471,102,125,212,61,245,1,4,10,7,1,0,0,1,1,0,0,1,21,1216,0,0,1,0,22,2,557,1,3,Premium Spenders,2.45063177397512,-2.121457122730118,0.9538335525415578
1950,Postgraduate,Partner,48699.0,1,1,2013-05-21,90,26,1,10,2,0,1,1,1,0,3,5,0,0,0,0,0,0,0,64,40,2,1,4,1,5,0,404,2,0,Budget Families,-1.330421345371871,2.127088214787317,0.02855677956422163
1975,Graduate,Partner,80144.0,0,0,2013-09-30,47,240,132,445,250,192,108,1,3,7,8,1,0,0,0,0,0,0,0,39,1367,0,1,2,0,19,0,272,1,3,Premium Spenders,2.6146822361560083,-1.0836627923766924,0.15248965073160137
1956,Graduate,Single,54252.0,1,1,2013-05-28,25,178,4,26,8,4,44,5,4,1,5,6,0,0,0,0,0,0,0,58,264,2,0,3,1,15,0,397,1,0,Budget Families,-0.6690739221372233,1.423263373872459,0.43877585380598383
1976,Postgraduate,Partner,81929.0,1,0,2012-09-29,60,1486,55,278,49,0,185,2,4,4,10,6,1,0,1,0,0,0,1,38,2053,1,1,3,1,20,2,638,2,3,Premium Spenders,2.0341035341974885,-0.1378614729867691,0.8388103603866102
1975,Graduate,Partner,76068.0,0,1,2012-11-29,67,1115,12,128,33,12,76,1,2,3,4,6,0,1,0,0,1,0,0,39,1376,1,1,3,1,10,2,577,1,1,Established Families,0.7518172173664808,-0.23317294515482279,0.593054761098848
1976,Postgraduate,Partner,53204.0,1,1,2014-03-20,40,29,0,8,2,0,6,1,1,0,3,4,0,0,0,0,0,0,0,38,45,2,1,4,1,5,0,101,2,0,Budget Families,-1.3360773873522784,-0.09737014429034917,0.052075835855621776
1984,Undergraduate,Partner,14796.0,1,0,2012-09-17,1,13,3,8,7,4,16,2,1,0,3,9,0,0,0,0,0,0,1,30,51,1,1,3,1,6,0,650,0,2,Young Starters,-2.6579674460474876,-1.608057296198583,0.5237206526285616
1974,Postgraduate,Partner,78128.0,0,1,2014-02-19,89,934,24,230,16,24,36,2,8,4,6,3,0,1,1,0,0,0,0,40,1264,1,1,3,1,20,2,130,2,3,Premium Spenders,1.7894118250832514,0.15352960359275905,0.4161838686176806
1972,Undergraduate,Partner,14188.0,0,0,2013-02-28,40,2,7,11,16,12,27,1,2,0,4,6,0,0,0,0,0,0,0,42,75,0,1,2,0,7,0,486,0,2,Young Starters,-1.5325268307618225,-1.2405167181417223,0.12556089697462855
1970,Graduate,Single,72967.0,0,1,2012-12-15,1,158,35,179,0,0,125,2,7,2,8,5,1,0,0,0,0,0,1,44,497,1,0,2,1,19,1,561,1,1,Established Families,0.6526265712953928,-0.2993576726810908,0.896344579820801
1949,Postgraduate,Partner,48150.0,0,1,2013-06-08,24,173,2,39,3,2,47,3,5,1,4,7,0,0,0,0,0,0,0,65,266,1,1,3,1,13,0,386,2,0,Budget Families,-0.5824365825810891,1.1685571374368395,0.45892687522341125
1961,Graduate,Single,82332.0,0,0,2012-09-17,89,830,59,968,51,79,19,1,5,3,12,2,0,0,1,0,0,0,1,53,2006,0,0,1,0,21,1,650,1,3,Premium Spenders,3.3170459601359186,0.30632915125133325,0.5688078909306302
1955,Graduate,Single,58275.0,1,1,2013-06-02,48,189,10,253,56,43,64,6,8,2,7,7,0,0,0,0,0,0,0,59,615,2,0,3,1,23,0,392,1,1,Established Families,0.037306129899655587,1.928268753877456,0.3629451654648815
1981,Postgraduate,Partner,44953.0,0,0,2012-12-21,31,728,17,133,11,8,124,1,7,3,13,6,1,0,0,0,0,0,0,33,1021,0,1,2,0,24,1,555,2,1,Established Families,0.8878252722462273,-1.4420314155983742,0.47174075721071146
1953,Graduate,Partner,34587.0,1,1,2014-05-16,68,7,2,9,2,0,2,2,1,0,3,4,0,0,0,0,0,0,0,61,22,2,1,4,1,6,0,44,1,0,Budget Families,-1.4922248858748326,1.6458265713493974,0.007163386078628023
1974,Postgraduate,Partner,43018.0,0,1,2013-11-01,46,35,4,17,7,6,64,1,2,2,2,5,0,0,0,0,0,0,0,40,133,1,1,3,1,7,0,240,2,2,Young Starters,-1.0929295015265656,-0.553881881236094,0.2104578141547608
1954,Postgraduate,Partner,45736.0,0,1,2013-07-24,92,188,3,180,20,3,43,5,7,1,6,7,0,0,0,0,0,0,0,60,437,1,1,3,1,19,0,340,2,1,Established Families,-0.18825644679571346,1.5692913866774405,0.07440829514087235
1969,Postgraduate,Partner,66476.0,0,1,2013-12-04,80,742,28,152,25,9,57,2,6,8,10,4,0,0,0,0,0,0,0,45,1013,1,1,3,1,26,0,207,2,1,Established Families,1.5321702241060269,0.5510795848156024,0.021533463140122864
1981,Undergraduate,Partner,27733.0,1,0,2013-08-26,16,0,7,5,26,2,17,2,2,0,3,7,0,0,0,0,0,0,0,33,57,1,1,3,1,7,0,307,0,2,Young Starters,-1.926467318823695,-1.2752781416954808,0.16933177170806252
1952,Postgraduate,Partner,69805.0,0,1,2014-01-21,50,750,71,174,13,10,20,2,6,8,11,2,0,0,0,0,0,0,0,62,1038,1,1,3,1,27,0,159,2,1,Established Families,2.192088859697813,1.3745614492563616,0.02540717280181714
1962,Postgraduate,Single,72217.0,0,0,2013-04-10,93,816,42,450,55,56,154,1,3,10,8,2,0,0,0,0,0,0,0,52,1573,0,0,1,0,22,0,445,2,3,Premium Spenders,2.7559084190125307,0.2749344150044078,0.36211653267655014
1971,Graduate,Single,25818.0,1,0,2012-10-18,51,5,2,8,2,2,9,1,0,1,2,7,0,0,0,0,0,0,0,43,28,1,0,2,1,4,0,619,1,2,Young Starters,-2.0589242622595965,-0.36242394224233104,0.5526133482869062
1976,Postgraduate,Partner,37509.0,1,0,2012-09-12,24,37,5,56,12,8,5,2,3,0,4,7,0,0,0,0,0,0,0,38,123,1,1,3,1,9,0,655,2,2,Young Starters,-1.469904638332472,-0.7802279351963417,0.6873780774688804
1976,Undergraduate,Partner,25176.0,1,1,2013-08-10,79,4,0,4,0,0,5,1,1,0,2,7,0,0,0,0,0,0,0,38,13,2,1,4,1,4,0,323,0,0,Budget Families,-2.57046378576465,0.23826031636334474,0.019227236705446165
1980,Graduate,Partner,43586.0,0,1,2012-08-30,26,99,2,11,4,0,16,3,3,0,4,8,0,0,0,0,0,0,0,34,132,1,1,3,1,10,0,668,1,2,Young Starters,-1.466999104864559,-0.9392672334106116,0.5061588694503636
1956,Undergraduate,Partner,53230.0,0,1,2012-08-03,86,176,72,98,136,21,229,4,5,2,12,5,0,0,0,0,0,0,0,58,732,1,1,3,1,23,0,695,0,1,Established Families,0.7787222617098898,1.4075862563183388,0.02541362379929968
1957,Graduate,Partner,50116.0,1,1,2014-06-20,68,54,0,10,0,0,2,2,1,0,4,5,0,1,0,0,0,0,0,57,66,2,1,4,1,7,1,9,1,0,Budget Families,-1.236375531005786,1.5084793027485917,0.028636006526283835
1986,Postgraduate,Partner,82333.0,0,0,2013-03-30,60,1311,0,359,46,89,17,1,4,3,10,2,0,0,1,0,0,0,1,28,1822,0,1,2,0,18,1,456,2,3,Premium Spenders,2.719859519077843,-1.6987776222198694,0.1790841473560757
1965,Postgraduate,Partner,65220.0,0,0,2012-09-03,3,890,63,292,0,25,12,4,8,4,7,6,0,0,0,0,0,0,1,49,1282,0,1,2,0,23,0,664,2,1,Established Families,1.6951409037202514,-0.5665009757546873,0.8446125458947525
1974,Graduate,Partner,33590.0,2,1,2013-11-03,65,4,0,2,0,0,2,1,1,0,2,7,0,0,0,0,0,0,0,40,8,3,1,5,1,4,0,238,1,0,Budget Families,-2.7930793511427674,0.9684174785478405,0.027538800260634023
1976,Postgraduate,Single,72309.0,0,0,2013-03-11,64,960,0,883,50,38,0,1,5,6,8,3,0,0,0,1,0,0,1,38,1931,0,0,1,0,20,1,475,2,3,Premium Spenders,2.6324922863760403,-0.9503447817877246,0.924017452989667
1949,Postgraduate,Partner,156924.0,0,0,2013-08-29,85,2,1,2,1,1,1,0,0,0,0,0,0,0,0,0,0,0,0,65,8,0,1,2,0,0,0,304,2,3,Premium Spenders,2.6151146980972255,0.9269414414791805,0.0634954243437727
1980,Undergraduate,Partner,16005.0,1,0,2012-08-14,69,1,3,2,20,30,47,3,2,1,2,8,0,0,0,0,0,0,0,34,103,1,1,3,1,8,0,684,0,2,Young Starters,-2.2517931765984565,-0.715853668950562,0.2276880899195371
1957,Postgraduate,Single,65487.0,0,0,2014-01-10,48,240,67,500,199,0,163,3,3,5,6,2,0,0,0,0,0,0,0,57,1169,0,0,1,0,17,0,170,2,3,Premium Spenders,2.008082748870941,0.07690448542644737,0.4789688887881249
1965,Graduate,Partner,58692.0,0,1,2014-04-06,21,301,11,61,4,7,11,1,8,2,4,7,0,0,0,0,0,0,0,49,395,1,1,3,1,15,0,84,1,1,Established Families,-0.2759080696219894,0.1519532207178521,0.08500396067657134
1969,Graduate,Single,40590.0,1,1,2013-10-02,30,154,0,50,6,11,37,5,3,4,3,6,1,0,0,0,0,0,0,45,258,2,0,3,1,15,1,270,1,0,Budget Families,-1.1325009299177748,0.5345896316721258,0.8137654458305877
1954,Postgraduate,Single,62637.0,0,1,2014-03-01,76,104,12,48,4,12,5,1,2,2,5,2,0,0,0,0,0,0,0,60,185,1,0,2,1,10,0,120,2,0,Budget Families,0.2963816756544213,1.0894584774612786,0.04224137571591853
1966,Postgraduate,Single,29435.0,1,1,2012-08-06,11,70,3,37,4,2,64,4,3,2,2,9,0,0,0,0,0,0,1,48,180,2,0,3,1,11,0,692,2,0,Budget Families,-2.1587691052141635,0.5528846048407388,0.9533174117867763
1974,Graduate,Single,19346.0,1,0,2014-01-30,26,2,0,9,3,6,2,1,1,0,3,8,0,0,0,0,0,0,0,40,22,1,0,2,1,5,0,150,1,2,Young Starters,-2.3594208970487625,-0.7532334195593571,0.27183986276921374
1971,Graduate,Partner,35788.0,1,1,2014-01-23,34,23,2,11,3,1,4,2,2,0,3,6,0,0,0,0,0,0,0,43,44,2,1,4,1,7,0,157,1,0,Budget Families,-1.9107034454965788,0.23934012012818023,0.060675144610321904
1968,Graduate,Single,36997.0,1,1,2013-02-01,72,43,4,12,8,0,27,5,2,1,4,5,0,0,0,0,0,0,0,46,94,2,0,3,1,12,0,513,1,0,Budget Families,-1.348639583237648,0.8623566899772829,0.22743236331376263
1957,Graduate,Partner,23539.0,0,0,2014-02-28,13,4,24,11,16,1,25,1,2,0,4,6,0,0,0,0,0,0,0,57,81,0,1,2,0,7,0,121,1,2,Young Starters,-1.1536858741109222,-0.43560922129392726,0.17902815521245763
1973,Graduate,Single,65333.0,0,1,2014-01-17,58,654,7,92,0,15,30,7,9,4,8,6,0,1,1,0,0,0,0,41,798,1,0,2,1,28,2,163,1,1,Established Families,1.062245155031524,0.21921364083485811,0.7466132457885807
1957,Graduate,Single,78499.0,0,0,2013-11-23,12,912,72,170,47,36,97,1,11,3,4,4,0,0,1,0,0,0,1,57,1334,0,0,1,0,19,1,218,1,3,Premium Spenders,2.236957505357247,-0.06887563171524773,0.8750988393130237
1971,Postgraduate,Partner,29732.0,1,0,2014-03-25,23,25,0,8,0,1,4,1,2,0,2,9,0,0,0,0,0,0,0,43,38,1,1,3,1,5,0,96,2,2,Young Starters,-2.2338568524188283,-0.49149506327718967,0.2794453370498429
1960,Postgraduate,Partner,41275.0,1,2,2014-03-24,33,24,4,22,0,2,9,4,3,1,3,5,0,0,0,0,0,0,0,54,61,3,1,5,1,11,0,97,2,0,Budget Families,-1.6918976432585842,1.7294171919880525,0.09341805623142714
1973,Postgraduate,Partner,63516.0,1,1,2013-07-06,30,141,11,114,15,14,5,4,4,1,7,5,0,0,0,0,0,0,0,41,300,2,1,4,1,16,0,358,2,0,Budget Families,-0.37455702551596026,0.3451351984934025,0.20536281883532057
1962,Postgraduate,Partner,42769.0,0,1,2013-10-12,15,71,0,13,3,1,0,2,1,1,4,4,0,0,0,0,0,0,0,52,88,1,1,3,1,8,0,260,2,0,Budget Families,-0.7944558443930073,-0.045744700343086066,0.1823535608513267
1958,Postgraduate,Partner,49572.0,1,1,2013-12-15,25,35,1,16,0,1,1,2,2,0,3,7,0,0,0,0,0,0,0,56,54,2,1,4,1,7,0,196,2,0,Budget Families,-1.6061411617632153,1.1344492935715143,0.17696012687937712
1972,Graduate,Partner,69209.0,0,0,2012-09-17,4,496,32,849,229,48,128,2,5,3,6,4,0,0,0,1,0,0,0,42,1782,0,1,2,0,16,1,650,1,3,Premium Spenders,2.068549640144006,-1.2822236605103967,0.9701728472971618
1976,Graduate,Partner,17148.0,1,0,2014-01-28,80,9,9,11,13,10,16,4,3,1,3,8,0,0,0,0,0,0,0,38,68,1,1,3,1,11,0,152,1,2,Young Starters,-2.037832831541607,-0.2706602509063975,0.04296266792849859
1983,Undergraduate,Partner,32146.0,1,0,2014-05-12,16,26,3,23,4,7,3,2,2,0,4,6,0,0,0,0,0,0,0,31,66,1,1,3,1,8,0,48,0,2,Young Starters,-1.6132588695457122,-1.4099112398005016,0.05390665635986141
1964,Undergraduate,Single,41713.0,1,1,2014-04-29,57,77,8,44,10,10,25,5,3,1,4,6,0,0,0,0,0,0,0,50,174,2,0,3,1,13,0,61,0,0,Budget Families,-1.2362095321396565,1.0779268414188221,0.045610753132093985
1975,Postgraduate,Partner,34176.0,0,1,2014-01-22,9,11,2,7,4,2,2,1,1,0,3,3,0,0,0,0,0,0,0,39,28,1,1,3,1,5,0,158,2,2,Young Starters,-1.1946587099750787,-1.1214017485840075,0.16543601178111975
1955,Postgraduate,Partner,58482.0,0,1,2014-03-12,59,576,7,115,19,7,7,2,7,4,9,6,0,1,0,0,0,0,0,59,731,1,1,3,1,22,1,109,2,1,Established Families,0.6857653897511254,1.2723532668402109,0.1150742630726219
1965,Graduate,Single,59686.0,0,1,2014-01-25,78,89,15,89,34,42,5,1,4,1,6,4,0,0,0,0,0,0,0,49,274,1,0,2,1,12,0,155,1,0,Budget Families,-0.025886731918230477,0.4817884659925515,0.0426251835868332
1964,Postgraduate,Partner,60896.0,0,1,2012-10-11,90,1013,30,399,60,46,153,3,9,10,4,6,0,0,0,0,0,0,1,50,1701,1,1,3,1,26,0,626,2,1,Established Families,1.713253205065413,1.0051770932266013,0.45743669574478574
1980,Graduate,Partner,62994.0,1,0,2014-03-04,74,224,12,48,4,12,12,1,6,2,4,6,0,0,0,0,0,0,0,34,312,1,1,3,1,13,0,117,1,2,Young Starters,-0.34444581930413104,-0.44261506576870774,0.02649478403198916
1957,Graduate,Partner,47320.0,0,1,2013-08-01,10,200,19,111,50,15,19,6,5,1,8,6,0,0,0,0,0,0,0,57,414,1,1,3,1,20,0,332,1,1,Established Families,0.006583405178579648,0.6134905253288678,0.19486668124795387
1949,Undergraduate,Single,74859.0,0,0,2013-06-03,63,570,73,614,133,102,73,1,6,5,11,3,0,0,0,1,0,0,0,65,1565,0,0,1,0,23,1,391,0,3,Premium Spenders,2.835971091268626,0.9549780811383373,0.5812070701292349
1992,Undergraduate,Single,15253.0,1,0,2013-10-28,13,1,3,3,8,1,13,2,1,0,3,7,0,0,0,0,0,0,0,22,29,1,0,2,1,6,0,244,0,2,Young Starters,-2.418825881027013,-2.1189629788062647,0.2675861460280041
1974,Postgraduate,Single,31560.0,1,0,2013-06-24,98,62,1,20,4,0,7,2,2,1,3,8,0,0,0,0,0,0,0,40,94,1,0,2,1,8,0,370,2,2,Young Starters,-1.8241486526711221,0.019159048064751483,0.22640861221509562
1990,Postgraduate,Single,91172.0,0,0,2013-03-27,94,162,28,818,0,28,56,0,4,3,7,3,1,0,1,1,1,0,1,24,1092,0,0,1,0,14,4,459,2,3,Premium Spenders,1.873455146042458,-1.6366749865958745,0.9981993640766949
1984,Graduate,Partner,90000.0,0,0,2013-12-23,91,675,144,133,94,192,241,1,4,8,5,1,1,0,1,1,0,0,0,30,1479,0,1,2,0,18,3,188,1,3,Premium Spenders,2.7986071209816408,-1.2756170688342594,0.9202554031666963
1981,Graduate,Single,41967.0,1,1,2013-11-23,66,23,4,10,0,2,15,1,1,0,3,4,0,0,0,0,0,0,0,33,54,2,0,3,1,5,0,218,1,0,Budget Families,-1.642014552373957,-0.24780153886711367,0.03989750976976187
1965,Graduate,Single,69263.0,0,1,2014-03-05,14,492,5,32,13,5,21,1,9,1,7,6,0,1,0,0,0,0,0,49,568,1,0,2,1,18,1,116,1,1,Established Families,0.45814712865823415,0.1541126820841377,0.4328058564866009
1970,Undergraduate,Single,65706.0,0,0,2013-06-28,77,918,10,129,13,0,129,1,11,3,12,7,0,1,1,0,1,0,1,44,1199,0,0,1,0,27,3,366,0,1,Established Families,1.6619339076081643,-0.09070280876625327,0.6943953112430321
1975,Graduate,Partner,60934.0,0,1,2014-01-17,41,224,155,155,192,93,54,2,6,4,11,4,0,0,0,0,0,0,0,39,873,1,1,3,1,23,0,163,1,1,Established Families,1.0390832358296203,-0.29326404194754163,0.021788865374538672
1951,Graduate,Partner,71965.0,0,1,2013-07-29,21,572,19,286,50,38,248,3,6,3,5,3,0,0,0,0,0,0,0,63,1213,1,1,3,1,17,0,335,1,1,Established Families,1.656845198287724,0.9897691627518315,0.2508325166438662
1955,Graduate,Partner,65210.0,0,1,2014-03-10,25,626,0,70,0,7,28,2,9,3,8,6,0,1,0,1,0,0,0,59,731,1,1,3,1,22,2,111,1,1,Established Families,0.8390874288290202,0.9938020929185442,0.553436738057615
1975,Postgraduate,Partner,79174.0,0,0,2013-01-11,2,1074,37,518,193,92,129,1,5,6,7,2,0,0,1,1,0,0,1,39,2043,0,1,2,0,19,2,534,2,3,Premium Spenders,2.9973611137384752,-1.485731210975173,0.9852447659208851
1967,Postgraduate,Single,81380.0,0,0,2012-12-22,51,741,68,689,224,68,103,1,4,2,10,2,0,0,0,0,0,0,0,47,1893,0,0,1,0,17,0,554,2,3,Premium Spenders,2.8979718308102584,-0.5333681116341263,0.6366911152678361
1973,Postgraduate,Single,48432.0,0,1,2012-10-18,3,322,3,50,4,3,42,5,7,1,6,8,0,0,0,0,0,0,0,41,424,1,0,2,1,19,0,619,2,1,Established Families,-0.5141724960749443,-0.4601891252092336,0.9055011417956336
1971,Graduate,Partner,52914.0,0,1,2013-01-07,32,254,10,44,30,10,227,2,7,3,3,7,1,0,0,0,0,0,0,43,575,1,1,3,1,15,1,538,1,1,Established Families,-0.3197114170640718,-0.1858808583387694,0.8121114351564089
1974,Graduate,Partner,26067.0,1,0,2013-11-04,49,22,2,18,0,2,12,3,3,0,3,8,0,0,0,0,0,0,0,40,56,1,1,3,1,9,0,237,1,2,Young Starters,-1.9369129326074557,-0.42386795430103974,0.11701236656421991
1972,Postgraduate,Partner,44325.0,0,1,2013-03-07,69,516,0,21,0,0,5,4,8,2,7,8,0,1,0,0,0,0,0,42,542,1,1,3,1,21,1,479,2,1,Established Families,-0.37351214830676355,0.22797036458054593,0.3999848491287235
1978,Undergraduate,Single,26487.0,1,0,2013-05-20,23,2,8,10,12,14,23,3,2,1,3,5,0,0,0,0,0,0,0,36,69,1,0,2,1,9,0,405,0,2,Young Starters,-1.4686553965856257,-1.0542661940959461,0.42547461439469036
1957,Undergraduate,Partner,53233.0,0,1,2014-03-18,18,28,0,9,3,0,0,1,1,0,3,4,0,0,0,0,0,0,0,57,40,1,1,3,1,5,0,103,0,0,Budget Families,-0.7083580010081147,0.29612999773865223,0.036058051981504684
1960,Graduate,Partner,67716.0,0,1,2013-01-10,8,530,142,217,62,9,56,4,7,4,13,5,0,1,0,0,0,0,0,54,1016,1,1,3,1,28,1,535,1,1,Established Families,1.5972551299056907,0.5981222076358216,0.594031245470826
1972,Postgraduate,Partner,76234.0,0,1,2014-02-06,21,519,50,167,130,0,41,1,8,3,11,3,0,1,0,0,0,0,0,42,907,1,1,3,1,23,1,143,2,1,Established Families,1.6223143698712723,-0.24953328916866574,0.15786330267723966
1956,Postgraduate,Partner,84117.0,0,0,2014-05-11,60,611,76,749,59,45,26,1,7,10,6,2,0,0,1,0,0,0,0,58,1566,0,1,2,0,24,1,49,2,3,Premium Spenders,3.2039290912562444,0.4785448929833885,0.737081896541402
1957,Postgraduate,Partner,65487.0,0,0,2014-01-10,48,240,67,500,199,0,163,3,3,5,6,2,0,0,0,0,0,0,0,57,1169,0,1,2,0,17,0,170,2,3,Premium Spenders,2.008082748870941,0.07690448542644737,0.27194235658953214
1972,Undergraduate,Partner,25224.0,1,0,2014-03-16,36,4,9,12,11,2,8,2,1,1,3,3,0,0,0,0,0,0,0,42,46,1,1,3,1,7,0,105,0,2,Young Starters,-1.239487322538368,-0.668604138996231,0.030427005892922444
1983,Postgraduate,Single,89616.0,0,0,2013-02-25,36,671,47,655,145,111,15,1,7,5,12,2,0,0,0,0,0,0,1,31,1644,0,0,1,0,25,0,489,2,3,Premium Spenders,3.1711946903343096,-1.5110995404524434,0.5907530572618537
1971,Graduate,Single,40851.0,1,1,2013-02-21,63,23,1,7,0,4,24,1,1,1,2,7,0,0,0,0,0,0,0,43,59,2,0,3,1,5,0,493,1,0,Budget Families,-2.053286259915514,0.5194216109659096,0.27731323856775236
1947,Graduate,Partner,27469.0,0,0,2012-08-02,2,9,1,2,3,2,0,1,0,0,3,6,0,0,0,0,0,0,0,67,17,0,1,2,0,4,0,696,1,2,Young Starters,-1.1855970957359723,0.08775861950139395,0.7240643594023135
1957,Undergraduate,Partner,82347.0,0,0,2012-11-06,38,556,54,845,202,133,63,1,7,7,10,3,1,0,0,1,0,0,1,57,1853,0,1,2,0,25,2,600,0,3,Premium Spenders,3.286372209911925,0.2560290711710849,0.9696698150474196
1957,Graduate,Partner,73803.0,0,1,2012-08-01,61,833,80,363,52,26,174,2,9,5,6,6,1,0,0,0,0,0,1,57,1528,1,1,3,1,22,1,697,1,1,Established Families,1.7082045604519713,1.1850390288787411,0.6908987477273925
1952,Postgraduate,Single,8820.0,1,1,2013-03-22,52,12,0,13,4,2,4,4,3,0,3,8,0,0,0,0,0,0,0,62,35,2,0,3,1,10,0,464,2,0,Budget Families,-2.5094436409885352,1.7167942901672628,0.47440184345058406
1974,Graduate,Single,43322.0,0,0,2014-04-21,25,56,7,48,10,2,18,1,3,0,4,7,0,0,0,0,0,0,0,40,141,0,0,1,0,8,0,69,1,2,Young Starters,-0.9179021729758055,-1.3206088970382517,0.2849467080630496
1973,Graduate,Partner,55593.0,0,1,2013-08-21,63,293,8,124,11,4,106,2,6,6,3,6,1,0,0,0,0,0,0,41,546,1,1,3,1,17,1,312,1,1,Established Families,-0.01707953861531618,-0.022133793199294777,0.4651451106718
1954,Graduate,Partner,50501.0,1,1,2013-06-18,10,297,0,38,13,0,152,7,5,4,4,6,1,0,0,0,0,0,1,60,500,2,1,4,1,20,1,376,1,1,Established Families,-0.24912471584641277,1.5104285752661084,0.6796329423141795
1975,Graduate,Partner,37085.0,1,1,2014-06-26,65,39,1,16,2,0,3,4,3,0,3,8,0,0,0,0,0,0,0,39,61,2,1,4,1,10,0,3,1,0,Budget Families,-2.058188846686778,0.41059038362363104,0.02027010133058189
1990,Undergraduate,Single,16185.0,1,0,2013-08-05,71,5,11,16,21,8,45,2,2,2,2,8,0,0,0,0,0,0,0,24,106,1,0,2,1,8,0,328,0,2,Young Starters,-2.349466410438796,-1.3696196793432445,0.1749187854055006
1969,Graduate,Single,57731.0,0,1,2012-11-23,0,266,21,300,65,8,44,4,8,8,6,6,0,0,0,0,0,0,0,45,704,1,0,2,1,26,0,583,1,1,Established Families,0.719129625482104,-0.11273666544531727,0.9114004738188888
1973,Postgraduate,Single,48432.0,0,1,2012-10-18,3,322,3,50,4,3,42,5,7,1,6,8,0,0,0,0,0,0,1,41,424,1,0,2,1,19,0,619,2,1,Established Families,-0.5141724960749443,-0.4601891252092336,0.8801893872554389
1978,Graduate,Partner,73807.0,0,1,2013-01-02,88,366,124,156,71,78,54,2,5,5,11,2,0,0,0,0,0,0,0,36,849,1,1,3,1,23,0,543,1,3,Premium Spenders,1.6281881148141681,-0.09615722518306871,0.025485843252519222
1968,Graduate,Single,35893.0,1,1,2012-10-15,80,158,0,23,0,0,18,6,3,1,5,8,0,0,0,0,0,0,0,46,199,2,0,3,1,15,0,622,1,0,Budget Families,-1.6040814666450762,1.1217914643722653,0.3588591637395293
1980,Graduate,Partner,61014.0,0,1,2012-08-11,17,269,129,495,182,43,29,4,9,3,4,7,0,0,0,0,0,0,0,34,1147,1,1,3,1,20,0,687,1,1,Established Families,0.5520935475368853,-0.8025796969049079,0.8294526632613374
1954,Graduate,Partner,32144.0,1,1,2014-03-23,76,41,0,10,0,0,3,4,2,1,3,7,0,1,0,0,0,0,0,60,54,2,1,4,1,10,1,98,1,0,Budget Families,-1.7944717279539757,1.8588976350021658,0.0881904207674388
1963,Undergraduate,Partner,14918.0,0,1,2012-12-07,52,3,3,3,15,4,15,1,1,0,3,6,0,0,0,0,0,0,0,51,43,1,1,3,1,5,0,569,0,2,Young Starters,-1.99747807536345,0.11703225725237493,0.08322877447781211
1963,Graduate,Single,45146.0,1,1,2013-07-15,28,33,0,5,0,0,15,2,1,1,2,4,0,0,0,0,0,0,0,51,53,2,0,3,1,6,0,349,1,0,Budget Families,-1.3277055165935303,0.6557041060997892,0.2744928761732609
1955,Undergraduate,Single,41769.0,0,1,2013-02-13,31,302,29,131,32,0,27,6,8,1,7,8,0,0,0,0,0,0,0,59,521,1,0,2,1,22,0,501,0,1,Established Families,-0.22230542397419814,1.0400057158096696,0.4101505031863075
1981,Graduate,Partner,88325.0,0,0,2014-02-05,42,519,71,860,93,27,53,1,6,2,9,2,0,0,0,0,0,0,0,33,1623,0,1,2,0,18,0,144,1,3,Premium Spenders,2.7408345917870727,-1.4897766503137064,0.08339443395348989
1950,Postgraduate,Single,38054.0,1,1,2014-05-01,24,23,2,17,2,1,0,2,2,0,3,7,0,0,0,0,0,0,0,64,45,2,0,3,1,7,0,59,2,0,Budget Families,-1.8023346877085262,1.6132865303725719,0.2890668819033898
1995,Undergraduate,Single,80617.0,0,0,2012-10-12,42,594,51,631,72,55,32,1,4,6,8,2,0,0,0,0,0,0,0,19,1435,0,0,1,0,19,0,625,0,3,Premium Spenders,2.308982128838998,-2.432884336689992,0.6279988436156507
1976,Graduate,Partner,5305.0,0,1,2013-07-30,12,12,4,7,1,3,5,0,1,0,0,13,0,0,0,0,0,0,0,38,32,1,1,3,1,1,0,334,1,2,Young Starters,-3.7592730077604575,-0.9581104957303971,0.6265326863322789
1954,Graduate,Partner,36807.0,1,1,2012-12-20,88,4,2,5,0,0,5,1,1,0,2,6,0,0,0,0,0,0,0,60,16,2,1,4,1,4,0,556,1,0,Budget Families,-1.8964204020403328,1.807965612589044,0.04653833630906586
1985,Postgraduate,Partner,40101.0,1,0,2012-10-14,73,171,3,129,26,24,62,4,6,1,6,7,0,0,0,0,0,0,0,29,415,1,1,3,1,17,0,623,2,2,Young Starters,-0.7837413334494808,-0.7579549096405054,0.4024159807982582
1979,Graduate,Partner,58025.0,0,1,2013-11-26,81,270,31,88,11,48,22,3,3,2,10,4,0,0,0,0,0,0,0,35,470,1,1,3,1,18,0,215,1,1,Established Families,0.3022577361070727,-0.30963748898821436,0.006652586157887519
1979,Undergraduate,Partner,7500.0,1,0,2013-05-07,7,2,8,11,3,8,21,4,3,2,2,7,0,0,0,0,0,0,0,35,53,1,1,3,1,11,0,418,0,2,Young Starters,-2.1577883292285205,-1.2178678390951674,0.4371433320869104
1963,Postgraduate,Partner,33562.0,1,2,2014-06-25,33,21,12,12,0,3,3,3,2,0,4,4,0,0,0,0,0,0,0,51,51,3,1,5,1,9,0,4,2,0,Budget Families,-1.8650593171266938,1.4054007739980903,0.030772498164762355
1970,Postgraduate,Single,57642.0,0,1,2014-01-09,24,580,6,58,8,0,27,3,7,6,6,4,1,0,0,0,0,0,0,44,679,1,0,2,1,22,1,171,2,1,Established Families,0.7873997366273358,-0.13946553171341253,0.6583650305293004
1979,Graduate,Partner,63777.0,1,1,2013-03-24,87,457,5,106,15,17,53,8,11,1,6,8,0,0,0,0,0,0,0,35,653,2,1,4,1,26,0,462,1,1,Established Families,-0.036677348273817224,0.8020552514999005,0.0797832127043041
1962,Graduate,Single,57967.0,0,1,2013-03-03,39,229,7,137,4,0,91,5,4,2,8,5,0,0,0,0,0,0,0,52,468,1,0,2,1,19,0,483,1,1,Established Families,0.3635667204045608,0.5185445906923555,0.32884338609518915
1978,Undergraduate,Partner,51381.5,0,0,2012-08-12,53,32,2,1607,12,4,22,0,0,0,1,0,0,1,0,0,0,0,0,36,1679,0,1,2,0,1,1,686,0,3,Premium Spenders,1.2970703401870387,-1.8334621515637908,0.9414577644895344
1972,Graduate,Partner,24434.0,2,0,2014-05-18,9,3,2,8,20,0,17,2,2,1,2,7,0,0,0,0,0,0,0,42,50,2,1,4,1,7,0,42,1,0,Budget Families,-2.3530505111443847,-0.06223799398906481,0.09497327110567516
1984,Graduate,Single,11012.0,1,0,2013-03-16,82,24,3,26,7,1,23,3,3,1,2,9,1,0,0,0,0,0,0,30,84,1,0,2,1,9,1,470,1,2,Young Starters,-2.532584860917435,-0.8224709710650832,0.751466691447047
1970,Postgraduate,Single,44802.0,0,0,2012-08-21,71,853,10,143,13,10,20,2,9,4,12,8,0,0,0,0,0,0,0,44,1049,0,0,1,0,27,0,677,2,1,Established Families,0.8742581550186672,-0.18730989277504903,0.31675282123905163
1986,Graduate,Single,26816.0,0,0,2012-08-17,50,5,1,6,3,4,3,1,0,0,3,4,0,0,0,0,0,0,0,28,22,0,0,1,0,4,0,681,1,2,Young Starters,-1.2685627994746542,-2.1879641747017184,0.48865410524998965
1967,Graduate,Partner,61223.0,0,1,2013-06-13,46,709,43,182,42,118,247,2,9,3,4,5,0,0,0,0,0,0,0,47,1341,1,1,3,1,18,0,381,1,1,Established Families,1.0775128819032256,0.19490324730847872,0.18656378514569255
1981,Graduate,Single,56981.0,0,0,2014-01-25,91,908,48,217,32,12,24,1,2,3,13,6,0,1,0,0,0,0,0,33,1241,0,0,1,0,19,1,155,1,3,Premium Spenders,1.0815881827748006,-0.9724433738291423,0.05343513175329914
1956,Postgraduate,Partner,69245.0,0,1,2014-01-24,8,428,30,214,80,30,61,2,6,5,10,3,0,0,0,0,0,0,0,58,843,1,1,3,1,23,0,156,2,1,Established Families,1.5680123943508664,0.6811121568365602,0.12018779480218633
1954,Postgraduate,Partner,52869.0,1,1,2012-10-15,40,84,3,61,2,1,21,3,3,1,4,7,0,0,0,0,0,0,1,60,172,2,1,4,1,11,0,622,2,0,Budget Families,-1.1521813832398142,1.6412833165823817,0.4502407096771898
