Year_Birth,Education,Marital_Status,Income,Kidhome,Teenhome,Dt_Customer,Recency,MntWines,MntFruits,MntMeatProducts,MntFishProducts,MntSweetProducts,MntGoldProds,NumDealsPurchases,NumWebPurchases,NumCatalogPurchases,NumStorePurchases,NumWebVisitsMonth,AcceptedCmp3,AcceptedCmp4,AcceptedCmp5,AcceptedCmp1,AcceptedCmp2,Complain,Response,Age,Total_Spent,Children,Partner,Family_Size,Is_Parent,Total_Purchases,Total_Accepted_Cmp,Customer_Days,Edu_Code
1957,Graduate,Single,58138.0,0,0,2012-09-04,58,635,88,546,172,88,88,3,8,10,4,7,0,0,0,0,0,0,1,57,1617,0,0,1,0,25,0,663,1
1954,Graduate,Single,46344.0,1,1,2014-03-08,38,11,1,6,2,1,6,2,1,1,2,5,0,0,0,0,0,0,0,60,27,2,0,3,1,6,0,113,1
1965,Graduate,Partner,71613.0,0,0,2013-08-21,26,426,49,127,111,21,42,1,8,2,10,4,0,0,0,0,0,0,0,49,776,0,1,2,0,21,0,312,1
1984,Graduate,Partner,26646.0,1,0,2014-02-10,26,11,4,20,10,3,5,2,2,0,4,6,0,0,0,0,0,0,0,30,53,1,1,3,1,8,0,139,1
1981,Postgraduate,Partner,58293.0,1,0,2014-01-19,94,173,43,118,46,27,15,5,5,3,6,5,0,0,0,0,0,0,0,33,422,1,1,3,1,19,0,161,2
1967,Postgraduate,Partner,62513.0,0,1,2013-09-09,16,520,42,98,0,42,14,2,6,4,10,6,0,0,0,0,0,0,0,47,716,1,1,3,1,22,0,293,2
1971,Graduate,Single,55635.0,0,1,2012-11-13,34,235,65,164,50,49,27,4,7,3,7,6,0,0,0,0,0,0,0,43,590,1,0,2,1,21,0,593,1
1985,Postgraduate,Partner,33454.0,1,0,2013-05-08,32,76,10,56,3,1,23,2,4,0,4,8,0,0,0,0,0,0,0,29,169,1,1,3,1,10,0,417,2
1974,Postgraduate,Partner,30351.0,1,0,2013-06-06,19,14,0,24,3,3,2,1,3,0,2,9,0,0,0,0,0,0,1,40,46,1,1,3,1,6,0,388,2
1950,Postgraduate,Partner,5648.0,1,1,2014-03-13,68,28,0,6,1,1,13,1,1,0,0,20,1,0,0,0,0,0,0,64,49,2,1,4,1,2,1,108,2
1983,Graduate,Partner,51381.5,1,0,2013-11-15,11,5,5,6,0,2,1,1,1,0,2,7,0,0,0,0,0,0,0,31,19,1,1,3,1,4,0,226,1
1976,Undergraduate,Partner,7500.0,0,0,2012-11-13,59,6,16,11,11,1,16,1,2,0,3,8,0,0,0,0,0,0,0,38,61,0,1,2,0,6,0,593,0
1959,Graduate,Single,63033.0,0,0,2013-11-15,82,194,61,480,225,112,30,1,3,4,8,2,0,0,0,0,0,0,0,55,1102,0,0,1,0,16,0,226,1
1952,Postgraduate,Single,59354.0,1,1,2013-11-15,53,233,2,53,3,5,14,3,6,1,5,6,0,0,0,0,0,0,0,62,310,2,0,3,1,15,0,226,2
1987,Graduate,Partner,17323.0,0,0,2012-10-10,38,3,14,17,6,1,5,1,1,0,3,8,0,0,0,0,0,0,0,27,46,0,1,2,0,5,0,627,1
1946,Postgraduate,Single,82800.0,0,0,2012-11-24,23,1006,22,115,59,68,45,1,7,6,12,3,0,0,1,1,0,0,1,68,1315,0,0,1,0,26,2,582,2
1980,Graduate,Partner,41850.0,1,1,2012-12-24,51,53,5,19,2,13,4,3,3,0,3,8,0,0,0,0,0,0,0,34,96,2,1,4,1,9,0,552,1
1946,Graduate,Partner,37760.0,0,0,2012-08-31,20,84,5,38,150,12,28,2,4,1,6,7,0,0,0,0,0,0,0,68,317,0,1,2,0,13,0,667,1
1949,Postgraduate,Partner,76995.0,0,1,2013-03-28,91,1012,80,498,0,16,176,2,11,4,9,5,0,0,0,1,0,0,0,65,1782,1,1,3,1,26,1,458,2
1985,Undergraduate,Single,33812.0,1,0,2012-11-03,86,4,17,19,30,24,39,2,2,1,3,6,0,0,0,0,0,0,0,29,133,1,0,2,1,8,0,603,0
1982,Graduate,Partner,37040.0,0,0,2012-08-08,41,86,2,73,69,38,48,1,4,2,5,8,0,0,0,0,0,0,0,32,316,0,1,2,0,12,0,690,1
1979,Graduate,Partner,2447.0,1,0,2013-01-06,42,1,1,1725,1,1,1,15,0,28,0,1,0,0,0,0,0,0,0,35,1730,1,1,3,1,43,0,539,1
1949,Postgraduate,Partner,58607.0,0,1,2012-12-23,63,867,0,86,0,0,19,3,2,3,9,8,0,1,0,0,0,0,0,65,972,1,1,3,1,17,1,553,2
1954,Postgraduate,Partner,65324.0,0,1,2014-01-11,0,384,0,102,21,32,5,3,6,2,9,4,0,0,0,0,0,0,0,60,544,1,1,3,1,20,0,169,2
1951,Graduate,Partner,40689.0,0,1,2013-03-18,69,270,3,27,39,6,99,7,7,1,5,8,0,0,0,0,0,0,0,63,444,1,1,3,1,20,0,468,1
1969,Graduate,Single,18589.0,0,0,2013-01-02,89,6,4,25,15,12,13,2,2,1,3,7,0,0,0,0,0,0,0,45,75,0,0,1,0,8,0,543,1
1976,Graduate,Partner,53359.0,1,1,2013-05-27,4,173,4,30,3,6,41,4,5,1,4,7,0,0,0,0,0,0,0,38,257,2,1,4,1,14,0,398,1
1986,Graduate,Single,51381.5,1,0,2013-02-20,19,5,1,3,3,263,362,0,27,0,0,1,0,0,0,0,0,0,0,28,637,1,0,2,1,27,0,494,1
1989,Graduate,Partner,38360.0,1,0,2013-05-31,26,36,2,42,20,21,10,2,2,1,4,3,0,0,0,0,0,0,0,25,131,1,1,3,1,9,0,394,1
1965,Postgraduate,Partner,84618.0,0,0,2013-11-22,96,684,100,801,21,66,0,1,6,9,10,2,0,0,1,0,0,0,0,49,1672,0,1,2,0,26,1,219,2
1989,Postgraduate,Single,10979.0,0,0,2014-05-22,34,8,4,10,2,2,4,2,3,0,3,5,0,0,0,0,0,0,0,25,30,0,0,1,0,8,0,38,2
1963,Postgraduate,Partner,38620.0,0,0,2013-05-11,56,112,17,44,34,22,89,1,2,5,3,3,0,0,0,0,0,0,0,51,318,0,1,2,0,11,0,414,2
1970,Graduate,Partner,40548.0,0,1,2012-10-10,31,110,0,5,2,0,3,2,2,1,4,5,0,1,0,0,0,0,0,44,120,1,1,3,1,9,1,627,1
1952,Postgraduate,Single,46610.0,0,2,2012-10-29,8,96,12,96,33,22,43,6,4,1,6,6,0,0,0,0,0,0,1,62,302,2,0,3,1,17,0,608,2
1946,Postgraduate,Partner,68657.0,0,0,2013-02-20,4,482,34,471,119,68,22,1,3,5,9,7,0,0,0,0,0,0,0,68,1196,0,1,2,0,18,0,494,2
1951,Postgraduate,Single,49389.0,1,1,2013-08-29,55,40,0,19,2,1,3,1,2,0,3,7,0,0,0,0,0,0,0,63,65,2,0,3,1,6,0,304,2
1970,Postgraduate,Partner,67353.0,0,1,2013-12-31,37,702,17,151,0,8,35,5,5,6,12,2,0,0,0,0,0,0,0,44,913,1,1,3,1,28,0,180,2
1976,Undergraduate,Partner,23718.0,1,0,2013-09-02,76,6,3,14,15,7,36,3,3,1,2,7,0,0,0,0,0,0,0,38,81,1,1,3,1,9,0,300,0
1973,Graduate,Single,42429.0,0,1,2014-02-11,99,55,0,6,2,0,4,2,1,1,3,5,0,0,0,0,0,0,0,41,67,1,0,2,1,7,0,138,1
1943,Postgraduate,Single,48948.0,0,0,2013-02-01,53,437,8,206,160,49,42,2,7,10,5,6,1,0,0,0,0,0,1,71,902,0,0,1,0,24,1,513,2
1980,Graduate,Partner,80011.0,0,1,2013-04-29,3,421,76,536,82,178,102,2,8,6,5,4,0,0,0,0,0,0,0,34,1395,1,1,3,1,21,0,426,1
1985,Postgraduate,Partner,20559.0,1,0,2013-03-12,88,13,1,29,3,0,7,2,2,0,3,8,0,0,0,0,0,0,0,29,53,1,1,3,1,7,0,474,2
1957,Graduate,Partner,21994.0,0,1,2012-12-24,4,9,0,6,3,1,3,1,0,0,3,5,0,0,0,0,0,0,0,57,22,1,1,3,1,4,0,552,1
1959,Postgraduate,Single,51381.5,0,0,2013-11-05,80,81,11,50,3,2,39,1,1,3,4,2,0,0,0,0,0,0,0,55,186,0,0,1,0,9,0,236,2
1975,Postgraduate,Partner,7500.0,1,0,2013-10-02,19,3,1,10,3,2,12,3,2,0,3,5,0,0,0,0,0,0,0,39,31,1,1,3,1,8,0,270,2
1976,Graduate,Single,79941.0,0,0,2014-06-28,72,123,164,266,227,30,174,1,2,4,9,1,0,0,0,0,0,0,0,38,984,0,0,1,0,16,0,1,1
1996,Undergraduate,Partner,7500.0,0,0,2012-11-09,24,3,18,14,15,22,50,3,3,1,3,9,0,0,0,0,0,0,1,18,122,0,1,2,0,10,0,597,0
1968,Graduate,Partner,41728.0,1,0,2013-05-24,92,13,6,15,3,5,13,1,2,0,2,10,0,0,0,0,0,0,0,46,55,1,1,3,1,5,0,401,1
1951,Graduate,Single,51381.5,2,1,2014-01-01,96,48,5,48,6,10,7,3,2,1,4,6,0,0,0,0,0,0,0,63,124,3,0,4,1,10,0,179,1
1954,Postgraduate,Partner,72550.0,1,1,2012-11-08,39,826,50,317,50,38,38,9,5,2,12,8,0,0,0,0,0,0,0,60,1319,2,1,4,1,28,0,598,2
1957,Graduate,Single,65486.0,0,1,2014-05-12,29,245,19,125,37,67,14,1,4,2,10,2,0,0,0,0,0,0,0,57,507,1,0,2,1,17,0,48,1
1964,Postgraduate,Partner,79143.0,0,0,2012-08-11,2,650,37,780,27,167,32,1,6,9,13,3,0,0,0,0,0,0,0,50,1693,0,1,2,0,29,0,687,2
1977,Graduate,Single,35790.0,1,0,2013-01-02,54,12,6,20,30,1,3,2,2,0,3,7,0,0,0,0,0,0,0,37,72,1,0,2,1,7,0,543,1
1977,Graduate,Single,82582.0,0,0,2014-06-07,54,510,120,550,156,40,241,1,4,9,7,1,1,0,0,1,0,0,1,37,1617,0,0,1,0,21,2,22,1
1978,Graduate,Partner,66373.0,1,1,2013-06-12,57,328,9,124,12,24,109,7,4,2,10,3,0,0,0,0,0,0,0,36,606,2,1,4,1,23,0,382,1
1955,Postgraduate,Partner,82384.0,0,0,2012-11-19,55,984,51,432,180,120,190,1,3,10,13,1,0,0,1,0,0,0,1,59,1957,0,1,2,0,27,1,587,2
1966,Graduate,Single,70287.0,0,0,2013-04-02,30,295,35,482,121,120,40,1,5,5,10,3,0,0,0,0,0,0,1,48,1093,0,0,1,0,21,0,453,1
1988,Graduate,Single,27938.0,1,0,2014-04-28,31,13,0,8,2,1,5,1,1,0,4,3,0,0,0,0,0,0,0,26,29,1,0,2,1,6,0,62,1
1982,Graduate,Single,51381.5,1,0,2013-06-17,57,11,3,22,2,2,6,2,2,0,3,6,0,0,0,0,0,0,0,32,46,1,0,2,1,7,0,377,1
1968,Postgraduate,Partner,55954.0,0,1,2014-03-03,63,447,0,28,0,0,43,3,8,2,6,7,0,0,0,0,0,0,0,46,518,1,1,3,1,19,0,118,2
1982,Postgraduate,Single,75777.0,0,0,2013-07-04,12,712,26,538,69,13,80,1,3,6,11,1,0,1,1,0,0,0,1,32,1438,0,0,1,0,21,2,360,2
1975,Graduate,Partner,66653.0,1,1,2012-09-07,18,452,18,102,16,18,6,4,4,2,12,3,0,0,0,0,0,0,0,39,612,2,1,4,1,22,0,660,1
1952,Graduate,Single,61823.0,0,1,2013-02-18,26,523,7,134,37,14,169,4,8,2,10,7,0,0,0,0,0,0,0,62,884,1,0,2,1,24,0,496,1
1951,Postgraduate,Single,67680.0,0,1,2013-06-11,8,546,0,48,0,6,6,1,7,3,8,5,0,0,0,0,0,0,0,63,606,1,0,2,1,19,0,383,2
1948,Graduate,Partner,70666.0,0,0,2013-12-06,29,398,40,367,119,122,30,1,7,4,4,4,0,0,0,0,0,0,0,66,1076,0,1,2,0,16,0,205,1
1971,Graduate,Partner,25721.0,1,0,2013-05-21,75,1,3,6,3,6,15,1,1,1,2,7,0,0,0,0,0,0,1,43,34,1,1,3,1,5,0,404,1
1967,Graduate,Partner,32474.0,1,1,2014-05-11,0,10,0,1,0,0,0,1,1,0,2,7,0,0,0,0,0,0,0,47,11,2,1,4,1,4,0,49,1
1979,Undergraduate,Single,88194.0,0,1,2014-03-19,19,688,14,309,201,24,38,1,11,10,10,5,1,0,0,1,0,0,1,35,1274,1,0,2,1,32,2,102,0
1958,Graduate,Partner,69096.0,0,1,2013-09-27,4,247,49,159,7,82,109,1,5,2,10,4,0,0,0,0,0,0,0,56,653,1,1,3,1,18,0,275,1
1970,Graduate,Partner,74854.0,1,2,2013-04-08,90,856,59,487,58,29,73,7,2,5,5,5,0,0,0,0,0,0,0,44,1562,3,1,5,1,19,0,447,1
1954,Postgraduate,Partner,66991.0,0,0,2012-09-11,1,496,36,460,189,60,12,3,4,8,6,3,0,0,0,0,0,0,0,60,1253,0,1,2,0,21,0,656,2
1973,Undergraduate,Partner,51381.5,1,0,2012-09-14,25,25,3,43,17,4,17,3,3,0,3,8,0,0,0,0,0,0,0,41,109,1,1,3,1,9,0,653,0
1959,Graduate,Partner,65031.0,0,1,2013-03-17,29,258,107,291,84,37,86,4,10,3,13,7,0,0,0,0,0,0,0,55,863,1,1,3,1,30,0,469,1
1975,Postgraduate,Partner,60631.0,1,1,2013-04-05,88,565,6,65,0,6,19,5,9,2,8,7,0,1,0,0,0,0,0,39,661,2,1,4,1,24,1,450,2
1952,Graduate,Partner,28332.0,0,0,2014-04-30,58,14,10,13,4,15,9,1,2,1,4,2,0,0,0,0,0,0,0,62,65,0,1,2,0,8,0,60,1
1977,Graduate,Single,40246.0,1,0,2012-12-19,68,2,1,6,2,1,1,1,1,0,2,6,0,0,0,0,0,0,0,37,13,1,0,2,1,4,0,557,1
1972,Postgraduate,Partner,75251.0,0,0,2012-08-27,34,721,111,925,97,18,18,1,7,6,5,5,0,0,0,0,0,0,1,42,1890,0,1,2,0,19,0,671,2
1976,Graduate,Single,75825.0,0,0,2012-10-12,40,1032,105,779,137,105,51,0,5,8,9,4,1,0,0,0,0,0,1,38,2209,0,0,1,0,22,1,625,1
1976,Undergraduate,Partner,26326.0,0,0,2013-09-04,12,1,0,5,0,3,9,1,0,0,3,3,0,0,0,0,0,1,0,38,18,0,1,2,0,4,0,298,0
1965,Graduate,Partner,56046.0,0,0,2013-01-02,9,577,0,64,0,0,51,2,10,1,8,8,1,0,0,0,0,0,1,49,692,0,1,2,0,21,1,543,1
1985,Graduate,Single,29760.0,1,0,2012-08-29,87,64,4,68,7,5,17,4,3,1,4,8,0,0,0,0,0,0,0,29,165,1,0,2,1,12,0,669,1
1969,Graduate,Partner,26304.0,1,0,2013-06-23,5,4,1,5,2,0,4,1,1,0,2,7,0,0,0,0,0,0,0,45,16,1,1,3,1,4,0,371,1
1973,Undergraduate,Partner,23559.0,1,0,2013-07-03,87,25,5,19,7,0,23,3,3,0,3,7,0,0,0,0,0,0,0,41,79,1,1,3,1,9,0,361,0
1987,Graduate,Single,81361.0,0,0,2014-02-25,18,163,23,424,27,65,76,1,3,10,13,1,0,0,0,0,0,0,0,27,778,0,0,1,0,27,0,124,1
1960,Graduate,Partner,29440.0,1,1,2013-08-11,95,17,8,14,10,4,3,2,1,0,4,7,0,0,0,0,0,0,0,54,56,2,1,4,1,7,0,322,1
1970,Postgraduate,Partner,36138.0,1,1,2013-07-16,48,130,0,16,0,0,5,5,3,1,4,7,0,1,0,0,0,0,0,44,151,2,1,4,1,13,1,348,2
1957,Graduate,Single,50388.0,0,1,2014-05-28,3,292,6,37,0,3,34,4,6,1,6,7,0,1,0,1,0,0,1,57,372,1,0,2,1,17,2,32,1
1973,Graduate,Partner,79593.0,0,0,2014-05-12,70,350,60,568,110,133,145,1,5,6,7,2,0,0,1,0,0,0,0,41,1366,0,1,2,0,19,1,48,1
1967,Graduate,Partner,54178.0,0,1,2014-01-21,79,135,9,39,4,0,7,1,2,2,5,2,0,0,0,0,0,0,0,47,194,1,1,3,1,10,0,159,1
1957,Postgraduate,Partner,51381.5,2,1,2012-11-19,4,230,42,192,49,37,53,12,7,2,8,9,0,0,0,0,0,0,0,57,603,3,1,5,1,29,0,587,2
1957,Graduate,Single,51381.5,1,1,2014-05-27,45,7,0,8,2,0,1,1,1,0,2,7,0,0,0,0,0,0,0,57,18,2,0,3,1,4,0,33,1
1973,Postgraduate,Partner,51381.5,0,0,2013-11-23,87,445,37,359,98,28,18,1,2,4,8,1,0,0,0,0,0,0,0,41,985,0,1,2,0,15,0,218,2
1972,Postgraduate,Single,42394.0,1,0,2014-03-23,69,15,2,10,0,1,4,1,1,0,3,7,0,0,0,0,0,0,0,42,32,1,0,2,1,5,0,98,2
1970,Postgraduate,Partner,23626.0,1,0,2014-05-24,84,27,2,14,0,0,0,3,3,1,3,5,0,0,0,0,0,0,0,44,43,1,1,3,1,10,0,36,2
1983,Graduate,Partner,30096.0,1,0,2014-05-22,30,5,3,11,12,5,9,1,2,0,3,6,0,0,0,0,0,0,0,31,45,1,1,3,1,6,0,38,1
1960,Graduate,Single,47916.0,0,1,2012-11-22,72,505,0,26,0,0,75,5,7,4,6,6,0,1,0,0,0,0,0,54,606,1,0,2,1,22,1,584,1
1972,Graduate,Single,51813.0,1,1,2013-04-11,37,51,2,7,0,1,2,2,2,0,3,7,0,0,0,0,0,0,0,42,63,2,0,3,1,7,0,444,1
1951,Undergraduate,Partner,78497.0,0,0,2013-12-01,44,207,26,447,75,0,223,1,5,7,12,2,0,0,0,1,0,0,0,63,978,0,1,2,0,25,1,210,0
1983,Postgraduate,Partner,50150.0,0,0,2013-06-20,32,135,46,92,65,61,11,2,5,2,7,5,0,0,0,0,0,0,0,31,410,0,1,2,0,16,0,374,2
1960,Undergraduate,Single,47823.0,0,1,2013-07-23,0,53,1,5,2,1,10,2,2,0,3,8,0,0,0,0,0,0,0,54,72,1,0,2,1,7,0,341,0
1959,Postgraduate,Single,34554.0,0,1,2014-03-30,43,41,1,6,2,0,5,2,2,0,3,6,0,0,0,0,0,0,0,55,55,1,0,2,1,7,0,91,2
1979,Graduate,Partner,85693.0,0,1,2013-04-20,59,386,172,183,185,132,111,2,9,5,11,5,0,0,0,0,0,0,0,35,1169,1,1,3,1,27,0,435,1
1945,Postgraduate,Partner,65846.0,0,0,2013-05-17,68,562,81,276,80,40,81,1,6,3,6,4,0,0,0,0,0,0,0,69,1120,0,1,2,0,16,0,408,2
1959,Graduate,Partner,87195.0,0,0,2014-05-08,35,217,76,690,50,26,38,1,3,11,5,1,0,0,0,0,0,0,1,55,1097,0,1,2,0,20,0,52,1
1979,Undergraduate,Partner,24594.0,1,0,2013-12-10,94,1,3,6,10,0,9,1,1,0,3,5,0,0,0,0,0,0,0,35,29,1,1,3,1,5,0,201,0
1964,Graduate,Partner,49096.0,1,1,2013-09-24,15,144,1,32,2,1,7,4,4,1,4,7,0,0,0,0,0,0,0,50,187,2,1,4,1,13,0,278,1
1969,Graduate,Partner,52413.0,0,2,2013-02-02,56,295,106,271,75,98,65,4,6,4,12,6,0,0,0,0,0,0,0,45,910,2,1,4,1,26,0,512,1
1978,Graduate,Single,38557.0,1,0,2012-12-19,17,76,3,31,4,4,27,2,3,1,3,7,0,0,0,0,0,0,0,36,145,1,0,2,1,9,0,557,1
1960,Postgraduate,Partner,89058.0,0,0,2012-12-07,18,454,194,106,31,22,43,1,5,4,4,2,0,0,0,0,0,0,0,54,850,0,1,2,0,14,0,569,2
1979,Graduate,Partner,77298.0,0,1,2013-11-02,46,425,115,292,23,35,79,1,6,6,11,3,0,0,0,0,0,0,0,35,969,1,1,3,1,24,0,239,1
1991,Postgraduate,Single,68126.0,0,0,2012-11-10,40,1332,17,311,23,51,86,1,7,4,5,9,0,1,0,0,0,0,1,23,1820,0,0,1,0,17,1,596,2
1963,Postgraduate,Partner,57288.0,0,1,2014-06-25,27,527,0,21,0,0,60,3,8,1,8,6,0,1,0,0,0,0,0,51,608,1,1,3,1,20,1,4,2
1991,Graduate,Single,86037.0,0,0,2013-01-02,95,490,44,125,29,20,22,1,6,7,11,3,0,1,1,0,0,0,1,23,730,0,0,1,0,25,2,543,1
1980,Postgraduate,Partner,43974.0,1,0,2012-12-12,19,378,0,101,0,0,72,5,6,4,6,7,0,0,0,0,0,0,0,34,551,1,1,3,1,21,0,564,2
1962,Graduate,Single,50785.0,1,1,2013-09-10,27,64,1,21,0,1,27,2,2,1,3,6,0,0,0,0,0,0,0,52,114,2,0,3,1,8,0,292,1
1970,Graduate,Partner,90765.0,0,0,2014-01-24,25,547,99,812,151,82,33,0,4,6,5,1,0,0,1,1,0,0,0,44,1724,0,1,2,0,15,2,156,1
1978,Undergraduate,Partner,36550.0,1,0,2013-02-19,74,47,90,94,123,103,120,5,9,1,5,9,0,0,0,0,0,0,0,36,577,1,1,3,1,20,0,495,0
1967,Undergraduate,Partner,30753.0,1,1,2013-07-11,85,12,5,25,0,9,30,2,1,1,3,5,0,0,0,0,0,0,0,47,81,2,1,4,1,7,0,353,0
1969,Graduate,Partner,21918.0,1,0,2013-11-14,37,1,6,7,11,5,3,2,2,0,3,6,0,0,0,0,0,0,0,45,33,1,1,3,1,7,0,227,1
1953,Postgraduate,Partner,56129.0,0,1,2013-06-20,65,320,48,133,39,72,48,4,6,2,10,4,0,0,0,0,0,0,0,61,660,1,1,3,1,22,0,374,2
1967,Postgraduate,Single,32557.0,1,0,2014-02-24,13,34,3,29,0,4,10,3,2,1,3,5,0,0,0,0,0,0,1,47,80,1,0,2,1,9,0,125,2
1985,Postgraduate,Partner,19510.0,2,0,2013-09-04,63,9,0,7,3,4,7,2,1,0,3,7,0,0,0,0,0,0,0,29,30,2,1,4,1,6,0,298,2
1976,Graduate,Single,30992.0,1,0,2013-04-22,83,17,0,14,7,3,2,1,1,0,3,7,0,0,0,0,0,0,0,38,43,1,0,2,1,5,0,433,1
1983,Graduate,Single,101970.0,0,0,2013-03-12,69,722,27,102,44,72,168,0,6,8,13,2,0,1,1,1,0,0,1,31,1135,0,0,1,0,27,3,474,1
1965,Undergraduate,Partner,71488.0,0,0,2013-02-18,87,162,33,124,40,28,172,2,3,4,7,1,0,0,0,0,0,0,0,49,559,0,1,2,0,16,0,496,0
1984,Graduate,Single,79607.0,0,0,2013-04-21,37,450,133,951,173,0,216,1,3,6,6,1,0,0,0,0,0,0,1,30,1923,0,0,1,0,16,0,434,1
1953,Postgraduate,Partner,54348.0,1,1,2014-06-08,51,70,0,16,0,0,4,2,2,0,4,6,0,0,0,0,0,0,0,61,90,2,1,4,1,8,0,21,2
1961,Postgraduate,Partner,51381.5,0,1,2013-07-11,23,352,0,27,10,0,15,3,6,1,7,6,0,0,0,0,0,0,0,53,404,1,1,3,1,17,0,353,2
1956,Postgraduate,Partner,77376.0,1,1,2014-05-10,72,492,19,110,16,12,12,4,6,3,10,4,0,0,0,0,0,0,0,58,661,2,1,4,1,23,0,50,2
1952,Graduate,Partner,62998.0,0,1,2013-09-30,10,120,58,73,65,89,58,5,5,4,5,5,0,0,0,0,0,0,0,62,463,1,1,3,1,19,0,272,1
1958,Postgraduate,Single,61331.0,1,1,2013-03-10,42,534,5,47,0,5,41,5,11,1,6,8,0,0,0,0,0,0,0,56,632,2,0,3,1,23,0,476,2
1969,Graduate,Partner,73448.0,0,0,2014-02-10,10,236,106,189,23,41,130,1,7,2,9,4,0,0,0,0,0,0,0,45,725,0,1,2,0,19,0,139,1
1963,Graduate,Partner,51381.5,0,1,2013-08-11,96,231,65,196,38,71,124,1,6,5,7,4,0,0,0,0,0,0,0,51,725,1,1,3,1,19,0,322,1
1964,Postgraduate,Partner,41551.0,1,1,2013-08-14,51,220,0,33,3,0,23,5,5,1,5,8,0,0,0,0,0,0,0,50,279,2,1,4,1,16,0,319,2
1967,Postgraduate,Partner,62981.0,0,0,2013-03-17,21,796,14,590,38,44,0,1,4,5,13,3,0,1,0,0,0,0,0,47,1482,0,1,2,0,23,1,469,2
1976,Undergraduate,Single,9548.0,1,0,2012-08-08,31,0,1,3,10,6,9,2,1,0,3,8,0,0,0,0,0,0,0,38,29,1,0,2,1,6,0,690,0
1959,Postgraduate,Partner,33762.0,2,1,2013-07-07,61,53,1,34,2,0,16,3,2,2,2,8,0,0,0,0,0,0,0,55,106,3,1,5,1,9,0,357,2
1973,Postgraduate,Single,35860.0,1,1,2014-05-19,37,15,0,8,4,2,20,2,1,1,2,5,1,0,0,0,0,0,1,41,49,2,0,3,1,6,1,41,2
1965,Postgraduate,Single,36921.0,1,1,2013-07-28,74,17,1,12,3,1,4,2,2,0,3,7,0,0,0,0,0,0,0,49,38,2,0,3,1,7,0,336,2
1992,Postgraduate,Single,92859.0,0,0,2012-10-19,46,962,61,921,52,61,20,1,5,4,12,2,0,0,0,0,0,0,0,22,2077,0,0,1,0,22,0,618,2
1976,Postgraduate,Partner,65104.0,0,1,2013-11-14,4,738,0,232,13,20,50,2,3,5,7,7,0,0,0,0,0,0,1,38,1053,1,1,3,1,17,0,227,2
1962,Graduate,Partner,86111.0,0,0,2013-04-19,73,399,28,756,36,40,126,1,5,7,10,2,0,0,0,0,0,0,0,52,1385,0,1,2,0,23,0,436,1
1974,Postgraduate,Single,68352.0,0,1,2013-08-28,47,614,16,132,43,33,33,3,8,5,9,6,0,0,0,0,0,0,0,40,871,1,0,2,1,25,0,305,2
1988,Graduate,Partner,41883.0,1,0,2013-03-19,13,32,34,41,73,16,116,3,4,2,3,7,0,0,0,0,0,0,0,26,312,1,1,3,1,12,0,467,1
1976,Graduate,Partner,59809.0,0,2,2012-10-18,36,598,16,141,32,41,49,3,3,3,6,8,0,0,0,0,0,0,0,38,877,2,1,4,1,15,0,619,1
1975,Graduate,Partner,23957.0,1,0,2012-10-28,47,2,1,18,20,11,16,1,2,0,3,6,0,0,0,0,0,0,1,39,68,1,1,3,1,6,0,609,1
1981,Graduate,Partner,38547.0,1,0,2013-08-28,49,6,1,10,0,1,4,1,1,0,2,8,0,0,0,0,0,1,0,33,22,1,1,3,1,4,0,305,1
1973,Undergraduate,Partner,35688.0,2,1,2012-08-22,94,73,3,90,12,1,32,7,4,1,4,8,0,0,0,0,0,0,0,41,211,3,1,5,1,16,0,676,0
1966,Postgraduate,Partner,49605.0,0,0,2014-06-21,65,42,16,29,12,20,8,1,2,1,4,3,0,0,0,0,0,0,0,48,127,0,1,2,0,8,0,8,2
1953,Postgraduate,Partner,59354.0,0,2,2014-04-24,59,295,21,78,39,13,13,1,4,4,7,3,0,0,0,0,0,0,0,61,459,2,1,4,1,16,0,66,2
1969,Graduate,Partner,65747.0,0,1,2014-03-07,96,346,17,48,23,13,13,4,8,1,6,6,0,1,0,0,0,0,0,45,460,1,1,3,1,19,1,114,1
1972,Undergraduate,Partner,46344.0,0,1,2012-12-14,28,233,20,57,8,20,91,4,7,1,5,7,0,0,0,0,0,0,0,42,429,1,1,3,1,17,0,562,0
1988,Graduate,Single,34176.0,1,0,2014-05-12,12,5,7,24,19,14,20,4,3,0,4,6,0,0,0,0,0,0,0,26,89,1,0,2,1,11,0,48,1
1952,Postgraduate,Partner,61010.0,0,1,2012-10-09,57,888,0,57,0,0,76,2,8,5,11,5,0,0,0,0,0,0,0,62,1021,1,1,3,1,26,0,628,2
1949,Graduate,Partner,69372.0,0,0,2013-02-19,10,997,26,269,34,13,42,1,10,4,6,4,0,1,1,0,0,0,1,65,1381,0,1,2,0,21,2,495,1
1958,Graduate,Single,49967.0,0,1,2013-07-08,4,212,6,69,4,12,3,3,6,1,5,7,0,0,0,0,0,0,0,56,306,1,0,2,1,15,0,356,1
1978,Graduate,Single,60199.0,1,2,2013-09-12,49,8,1,7,2,0,0,1,0,0,3,4,0,0,0,0,0,0,0,36,18,3,0,4,1,4,0,290,1
1977,Graduate,Partner,55375.0,0,1,2013-10-17,3,42,11,57,10,28,14,1,1,1,6,2,0,0,0,0,0,0,0,37,162,1,1,3,1,9,0,255,1
1955,Graduate,Single,80317.0,0,0,2013-08-20,64,536,11,387,149,91,57,1,3,4,10,1,0,0,0,0,0,0,0,59,1231,0,0,1,0,18,0,313,1
1958,Postgraduate,Single,30523.0,2,1,2013-07-01,0,5,0,3,0,0,5,1,1,0,2,7,0,0,0,0,0,0,0,56,13,3,0,4,1,4,0,363,2
1945,Postgraduate,Partner,70356.0,0,0,2012-11-05,20,1349,16,249,43,16,33,2,10,6,9,6,0,0,0,0,0,0,0,69,1706,0,1,2,0,27,0,601,2
1984,Graduate,Partner,23228.0,1,0,2014-01-05,91,53,3,49,7,4,5,4,3,0,4,8,0,0,0,0,0,0,0,30,121,1,1,3,1,11,0,175,1
1975,Postgraduate,Single,74165.0,0,0,2013-05-01,9,1001,12,240,16,12,12,1,5,4,10,2,0,0,0,0,0,0,0,39,1293,0,0,1,0,20,0,424,2
1973,Postgraduate,Partner,157243.0,0,1,2014-03-01,98,20,2,1582,1,2,1,15,0,22,0,0,0,0,0,0,0,0,0,41,1608,1,1,3,1,37,0,120,2
1966,Graduate,Partner,43482.0,2,1,2013-11-13,83,18,1,32,6,3,28,3,2,0,4,6,0,0,0,0,0,0,0,48,88,3,1,5,1,9,0,228,1
1953,Graduate,Single,62551.0,0,0,2013-11-18,27,125,16,98,134,21,27,1,6,7,4,3,1,0,0,0,0,0,0,61,421,0,0,1,0,18,1,223,1
1959,Graduate,Single,52332.0,0,0,2013-08-28,63,212,5,33,7,0,2,1,3,2,6,4,0,1,0,0,0,0,0,55,259,0,0,1,0,12,1,305,1
1988,Graduate,Single,66951.0,0,0,2013-11-02,46,277,162,305,173,76,124,1,3,4,7,1,0,0,0,0,0,0,0,26,1117,0,0,1,0,15,0,239,1
1957,Graduate,Partner,26091.0,1,1,2014-02-25,84,15,10,19,8,17,20,3,2,1,3,5,0,0,0,0,0,0,0,57,89,2,1,4,1,9,0,124,1
1965,Graduate,Partner,33456.0,1,1,2014-04-21,58,7,3,10,8,1,7,2,1,0,3,7,0,0,0,0,0,0,0,49,36,2,1,4,1,6,0,69,1
1982,Graduate,Partner,28718.0,1,0,2013-07-13,78,12,4,6,11,8,16,2,2,0,3,8,0,0,0,0,0,0,0,32,57,1,1,3,1,7,0,351,1
1970,Graduate,Partner,50447.0,2,0,2014-04-21,4,85,7,24,2,3,27,1,3,1,3,6,0,0,0,0,0,0,0,44,148,2,1,4,1,8,0,69,1
1959,Postgraduate,Partner,53537.0,1,1,2014-01-30,17,81,0,6,0,0,6,2,2,1,3,5,0,0,0,0,0,0,0,55,93,2,1,4,1,8,0,150,2
1967,Graduate,Single,52074.0,0,1,2014-04-04,77,59,0,12,0,0,48,1,2,2,2,4,1,0,0,0,0,0,0,47,119,1,0,2,1,7,1,86,1
1975,Postgraduate,Partner,80427.0,0,1,2012-09-12,56,1149,71,449,69,71,26,1,11,8,8,5,0,0,0,0,0,0,0,39,1835,1,1,3,1,28,0,655,2
1948,Postgraduate,Partner,83837.0,0,0,2012-12-16,79,847,66,119,86,89,111,1,9,10,5,4,0,1,0,1,0,0,1,66,1318,0,1,2,0,25,2,560,2
1970,Postgraduate,Partner,38853.0,1,1,2014-05-23,90,29,0,14,0,0,2,2,2,0,3,7,0,0,0,0,0,0,0,44,45,2,1,4,1,7,0,37,2
1959,Graduate,Partner,38285.0,2,1,2014-06-24,96,2,0,5,2,0,1,1,0,0,3,2,0,0,0,0,0,0,0,55,10,3,1,5,1,4,0,5,1
1976,Postgraduate,Partner,51650.0,0,1,2014-05-11,81,152,3,22,2,5,7,1,4,1,4,5,0,0,0,0,0,0,0,38,191,1,1,3,1,10,0,49,2
1988,Undergraduate,Partner,16248.0,1,0,2014-05-10,77,12,11,10,3,12,9,3,2,1,3,6,0,0,0,0,0,0,0,26,57,1,1,3,1,9,0,50,0
1946,Postgraduate,Partner,66835.0,0,0,2013-09-28,21,620,26,195,34,17,141,1,6,4,13,2,0,0,0,0,0,0,0,68,1033,0,1,2,0,24,0,274,2
1984,Postgraduate,Partner,30477.0,1,0,2014-01-22,16,47,1,6,0,0,12,1,1,1,3,6,0,0,0,0,0,0,0,30,66,1,1,3,1,6,0,158,2
1961,Undergraduate,Partner,28249.0,0,0,2014-06-15,80,1,9,7,2,14,10,1,2,0,3,6,0,0,0,0,0,0,0,53,43,0,1,2,0,6,0,14,0
1983,Graduate,Partner,25271.0,1,0,2012-12-05,45,10,1,18,10,4,7,1,1,1,2,9,0,0,0,0,0,0,0,31,50,1,1,3,1,5,0,571,1
1970,Postgraduate,Single,32303.0,0,1,2014-03-08,63,35,0,2,0,0,2,2,1,0,4,5,0,0,0,0,0,0,0,44,39,1,0,2,1,7,0,113,2
1966,Graduate,Partner,61286.0,0,1,2013-08-02,34,356,0,107,19,9,117,2,7,1,8,5,0,0,0,0,0,0,0,48,608,1,1,3,1,18,0,331,1
1976,Graduate,Partner,74068.0,0,0,2013-03-19,14,783,30,537,140,76,15,1,4,10,9,2,0,0,0,0,0,0,0,38,1581,0,1,2,0,24,0,467,1
1964,Postgraduate,Partner,45759.0,1,1,2013-02-23,13,42,1,18,3,0,4,2,2,0,3,7,0,0,0,0,0,0,0,50,68,2,1,4,1,7,0,491,2
1978,Undergraduate,Partner,24882.0,1,0,2012-09-09,52,1,4,10,29,0,36,1,1,1,2,6,1,0,0,0,0,0,0,36,80,1,1,3,1,5,1,658,0
1989,Postgraduate,Partner,66973.0,0,0,2013-05-17,98,466,22,432,147,113,102,1,8,7,12,3,0,0,0,0,0,0,0,25,1282,0,1,2,0,28,0,408,2
1988,Graduate,Partner,38872.0,1,0,2013-05-30,93,23,3,21,3,19,22,2,3,0,3,8,0,0,0,0,0,0,0,26,91,1,1,3,1,8,0,395,1
1973,Graduate,Partner,51148.0,1,1,2013-02-18,38,235,6,45,8,9,12,4,5,1,6,6,0,0,0,0,0,0,0,41,315,2,1,4,1,16,0,496,1
1977,Graduate,Partner,31353.0,1,1,2013-12-29,24,10,0,10,3,1,7,2,1,1,2,8,0,0,0,0,0,0,0,37,31,2,1,4,1,6,0,182,1
1980,Postgraduate,Partner,69661.0,0,0,2014-05-13,80,656,16,106,32,16,8,1,7,3,12,3,0,0,0,0,0,0,0,34,834,0,1,2,0,23,0,47,2
1954,Graduate,Partner,80067.0,0,0,2013-09-19,82,519,17,813,27,173,51,1,4,6,6,2,0,0,1,0,0,0,0,60,1600,0,1,2,0,17,1,283,1
1954,Graduate,Partner,86718.0,0,0,2013-01-17,20,344,189,482,50,33,172,1,5,6,5,2,0,0,0,0,0,0,0,60,1270,0,1,2,0,17,0,528,1
1973,Postgraduate,Single,46854.0,1,1,2014-03-31,81,96,1,79,7,1,79,6,5,1,3,8,1,0,0,0,0,0,1,41,263,2,0,3,1,15,1,90,2
1952,Graduate,Single,69142.0,0,1,2014-06-29,50,448,4,34,6,4,39,3,8,1,7,5,0,1,0,0,0,0,0,62,535,1,0,2,1,19,1,0,1
1968,Graduate,Single,75922.0,0,0,2013-12-09,60,265,138,553,224,23,92,1,4,4,9,1,0,0,0,0,0,0,0,46,1295,0,0,1,0,18,0,202,1
1978,Graduate,Single,63693.0,0,1,2013-10-14,63,587,43,337,42,87,54,3,11,6,9,6,0,0,0,0,0,0,0,36,1150,1,0,2,1,29,0,258,1
1977,Postgraduate,Partner,102160.0,0,0,2012-11-02,54,763,29,138,76,176,58,0,7,9,10,4,0,1,1,1,0,0,1,37,1240,0,1,2,0,26,3,604,2
1965,Postgraduate,Single,40637.0,1,1,2013-07-17,72,22,0,13,0,0,3,2,1,0,3,7,0,0,0,0,0,0,0,49,38,2,0,3,1,6,0,347,2
1984,Postgraduate,Single,18890.0,0,0,2012-11-10,5,6,4,1,7,2,15,1,0,1,2,6,1,0,0,0,0,0,1,30,35,0,0,1,0,4,1,596,2
1988,Graduate,Partner,29604.0,1,0,2013-12-08,88,7,6,13,7,6,14,1,1,0,3,9,1,0,0,0,0,0,0,26,53,1,1,3,1,5,1,203,1
1963,Postgraduate,Single,48721.0,1,1,2013-05-13,50,81,18,113,47,13,21,6,4,2,5,6,0,0,0,0,0,0,0,51,293,2,0,3,1,17,0,412,2
1966,Graduate,Partner,44794.0,0,1,2014-06-08,99,54,0,7,0,0,4,1,2,0,3,6,0,0,0,0,0,0,0,48,65,1,1,3,1,6,0,21,1
1954,Graduate,Single,64497.0,0,1,2012-09-10,17,1170,48,320,42,32,192,5,11,4,9,8,1,0,0,0,0,0,1,60,1804,1,0,2,1,29,1,657,1
1956,Graduate,Partner,46097.0,0,1,2013-03-31,11,72,24,68,65,4,8,5,3,1,6,4,0,0,0,0,0,0,0,58,241,1,1,3,1,15,0,455,1
1954,Graduate,Partner,77972.0,0,0,2014-03-18,18,613,22,319,33,102,12,1,4,6,9,1,0,0,0,0,0,0,0,60,1101,0,1,2,0,20,0,103,1
1968,Postgraduate,Partner,44377.0,1,1,2012-10-05,70,224,0,30,0,0,10,8,5,1,5,8,0,0,0,0,0,0,0,46,264,2,1,4,1,19,0,632,2
1974,Postgraduate,Partner,46014.0,1,1,2013-01-21,21,410,0,59,19,9,44,10,7,1,8,7,0,0,0,0,0,0,0,40,541,2,1,4,1,26,0,524,2
1985,Graduate,Partner,70951.0,0,0,2013-05-04,66,239,10,554,254,87,54,1,3,4,9,1,0,0,0,0,0,0,0,29,1198,0,1,2,0,17,0,421,1
1977,Graduate,Partner,41443.0,1,0,2014-04-01,79,171,7,171,25,19,89,6,8,1,5,8,0,0,0,0,0,0,0,37,482,1,1,3,1,20,0,89,1
1978,Undergraduate,Single,52195.0,2,1,2014-05-12,2,12,0,4,0,0,1,1,1,0,2,8,0,0,0,0,0,0,0,36,17,3,0,4,1,4,0,48,0
1948,Postgraduate,Partner,83790.0,0,0,2013-11-15,81,1076,16,417,42,48,16,1,8,10,6,3,0,1,1,0,0,0,0,66,1615,0,1,2,0,25,2,226,2
1954,Postgraduate,Single,44551.0,0,1,2013-08-31,24,182,4,33,0,0,66,2,4,1,5,7,0,0,0,0,0,0,0,60,285,1,0,2,1,12,0,302,2
1980,Graduate,Partner,69508.0,1,0,2012-11-14,48,824,32,162,42,32,43,2,11,4,11,6,0,0,0,0,0,0,0,34,1135,1,1,3,1,28,0,592,1
1988,Undergraduate,Partner,45204.0,1,0,2014-04-11,93,30,11,25,29,1,18,1,1,1,4,3,0,0,0,0,0,0,0,26,114,1,1,3,1,7,0,79,0
1969,Graduate,Partner,72460.0,0,0,2013-11-14,56,377,10,540,80,30,10,1,3,5,7,1,0,0,0,0,0,0,0,45,1047,0,1,2,0,16,0,227,1
1970,Postgraduate,Partner,77622.0,0,2,2014-04-14,3,520,7,154,19,0,14,2,6,3,11,3,0,0,0,0,0,0,0,44,714,2,1,4,1,22,0,76,2
1980,Postgraduate,Partner,30732.0,1,0,2013-01-05,44,155,1,25,0,1,3,4,4,1,4,8,0,0,0,0,0,0,0,34,185,1,1,3,1,13,0,540,2
1962,Graduate,Single,63887.0,0,1,2012-09-08,38,897,23,207,15,11,92,5,9,6,12,6,0,0,0,0,0,0,0,52,1245,1,0,2,1,32,0,659,1
1978,Graduate,Partner,42011.0,1,0,2013-03-26,46,131,0,16,2,1,39,4,3,1,4,8,0,0,0,0,0,0,0,36,189,1,1,3,1,12,0,460,1
1976,Graduate,Partner,51369.0,0,1,2012-10-25,84,297,7,79,0,11,182,2,8,2,4,8,0,0,0,0,0,0,0,38,576,1,1,3,1,16,0,612,1
1952,Graduate,Single,51537.0,0,1,2012-12-09,27,787,20,204,0,0,92,3,2,2,11,8,0,0,0,0,0,0,0,62,1103,1,0,2,1,18,0,567,1
1972,Postgraduate,Partner,79930.0,0,0,2012-08-08,72,792,86,740,67,51,17,1,3,5,8,2,0,0,0,0,0,0,0,42,1753,0,1,2,0,17,0,690,2
1986,Postgraduate,Partner,34320.0,1,0,2014-02-16,66,4,1,9,3,0,0,1,1,0,2,8,0,0,0,0,0,0,0,28,17,1,1,3,1,4,0,133,2
1966,Graduate,Single,37070.0,1,1,2013-03-20,30,231,7,137,4,15,39,9,5,1,8,7,0,0,0,0,0,0,1,48,433,2,0,3,1,23,0,466,1
1962,Undergraduate,Single,81975.0,0,1,2013-01-05,2,983,76,184,180,138,27,1,6,3,4,7,0,0,1,0,0,0,0,52,1588,1,0,2,1,14,1,540,0
1971,Graduate,Partner,38590.0,1,0,2013-05-15,65,3,1,8,4,3,3,1,1,0,2,8,0,0,0,0,0,0,0,43,22,1,1,3,1,4,0,410,1
1951,Graduate,Single,15033.0,0,0,2014-04-16,37,0,4,5,6,0,4,1,1,0,3,3,0,0,0,0,0,0,0,63,19,0,0,1,0,5,0,74,1
1965,Postgraduate,Partner,62745.0,0,1,2013-03-23,89,562,21,464,28,10,32,3,7,8,11,5,0,0,0,0,0,0,0,49,1117,1,1,3,1,29,0,463,2
1975,Undergraduate,Partner,22212.0,1,0,2013-12-09,49,5,9,20,6,8,21,2,2,0,4,6,0,0,0,0,0,0,0,39,69,1,1,3,1,8,0,202,0
1982,Postgraduate,Partner,23661.0,1,0,2013-12-04,46,18,0,4,0,0,1,1,1,0,3,7,0,0,0,0,0,0,0,32,23,1,1,3,1,5,0,207,2
1958,Postgraduate,Single,79761.0,0,1,2013-10-04,32,415,5,124,15,35,11,1,5,2,11,3,0,0,0,0,0,0,0,56,605,1,0,2,1,19,0,268,2
1973,Graduate,Single,7500.0,1,0,2013-12-26,54,5,3,10,12,7,20,4,3,1,3,7,0,0,0,0,0,0,0,41,57,1,0,2,1,11,0,185,1
1968,Graduate,Single,73455.0,0,0,2013-10-28,98,901,61,757,186,163,20,1,6,5,10,3,0,1,0,0,0,0,0,46,2088,0,0,1,0,22,1,244,1
1958,Graduate,Partner,64961.0,0,1,2012-12-23,97,382,114,276,75,124,38,2,6,4,4,3,0,0,0,0,0,0,0,56,1009,1,1,3,1,16,0,553,1
1971,Graduate,Single,22804.0,1,0,2013-07-31,75,14,1,7,2,1,1,1,2,0,2,9,0,0,0,0,0,0,0,43,26,1,0,2,1,5,0,333,1
1990,Graduate,Partner,73687.0,0,0,2013-11-28,8,559,153,503,218,13,181,1,3,9,9,2,0,0,0,1,0,0,1,24,1627,0,1,2,0,22,1,213,1
1958,Graduate,Partner,61074.0,0,1,2012-08-17,37,789,0,133,0,28,152,7,11,5,8,7,0,0,0,0,0,0,0,56,1102,1,1,3,1,31,0,681,1
1964,Postgraduate,Partner,31686.0,1,1,2014-06-05,31,11,0,5,0,0,1,2,1,0,3,6,0,0,0,0,0,0,0,50,17,2,1,4,1,6,0,24,2
1972,Graduate,Partner,80134.0,1,0,2013-05-20,40,1218,16,272,104,0,80,2,5,3,6,6,0,1,1,1,0,0,1,42,1690,1,1,3,1,16,3,405,1
1953,Graduate,Partner,75027.0,0,1,2013-01-09,74,925,64,179,133,12,77,2,9,4,6,5,0,0,0,0,0,0,0,61,1390,1,1,3,1,21,0,536,1
1988,Postgraduate,Partner,67546.0,0,0,2012-08-31,90,864,134,768,150,38,172,1,4,10,5,3,0,0,0,0,0,0,0,26,2126,0,1,2,0,20,0,667,2
1969,Postgraduate,Partner,65176.0,0,1,2012-10-29,57,960,28,183,220,70,70,4,9,6,6,6,0,0,0,0,0,0,0,45,1531,1,1,3,1,25,0,608,2
1975,Postgraduate,Single,31160.0,1,0,2013-09-16,59,16,3,25,6,1,13,2,2,0,3,8,0,0,0,0,0,0,0,39,64,1,0,2,1,7,0,286,2
1985,Graduate,Single,29938.0,1,0,2013-10-27,52,3,3,7,0,2,11,2,1,0,3,6,0,0,0,0,0,0,0,29,26,1,0,2,1,6,0,245,1
1974,Graduate,Single,102692.0,0,0,2013-04-05,5,168,148,444,32,172,148,1,6,9,13,2,0,1,1,1,1,0,1,40,1112,0,0,1,0,29,4,450,1
1958,Undergraduate,Partner,26490.0,0,0,2012-09-22,92,45,47,52,21,20,25,2,3,1,5,6,0,0,0,0,0,0,0,56,210,0,1,2,0,11,0,645,0
1967,Graduate,Partner,75702.0,1,1,2012-08-29,77,650,28,353,45,42,30,5,4,6,11,8,0,0,0,0,0,0,0,47,1148,2,1,4,1,26,0,669,1
1974,Postgraduate,Single,30899.0,1,0,2012-10-13,35,24,0,8,0,0,1,2,1,0,3,6,0,0,0,0,0,0,0,40,33,1,0,2,1,6,0,624,2
1961,Postgraduate,Partner,63342.0,0,1,2012-10-16,48,918,21,118,13,10,21,3,8,3,5,6,0,1,0,0,0,0,0,53,1101,1,1,3,1,19,1,621,2
1964,Graduate,Single,45989.0,0,1,2012-10-22,97,138,33,87,28,24,12,4,3,2,7,3,0,0,0,0,0,0,0,50,322,1,0,2,1,16,0,615,1
1964,Graduate,Single,18701.0,1,1,2013-06-04,95,12,4,2,10,6,10,4,2,0,4,5,0,0,0,0,0,0,0,50,44,2,0,3,1,10,0,390,1
1957,Postgraduate,Single,40737.0,2,1,2013-12-08,24,11,0,4,0,0,2,1,1,0,2,8,0,0,0,0,0,0,0,57,17,3,0,4,1,4,0,203,2
1979,Graduate,Single,15287.0,1,0,2012-10-10,60,1,2,8,4,3,13,2,1,1,2,7,1,0,0,0,0,0,1,35,31,1,0,2,1,6,1,627,1
1968,Postgraduate,Single,69674.0,0,2,2013-05-22,46,554,41,215,11,0,24,3,10,2,10,5,0,0,0,0,0,0,0,46,845,2,0,3,1,25,0,403,2
1970,Postgraduate,Partner,44159.0,1,0,2014-06-17,85,167,2,62,24,13,7,4,4,1,6,5,0,0,0,0,0,0,0,44,275,1,1,3,1,15,0,12,2
1978,Postgraduate,Partner,37717.0,1,0,2012-11-23,31,9,0,6,4,1,5,1,1,0,2,9,0,0,0,0,0,0,0,36,25,1,1,3,1,4,0,583,2
1952,Postgraduate,Partner,43776.0,1,1,2013-02-03,9,177,2,71,3,2,20,6,5,2,4,8,0,0,0,0,0,0,1,62,275,2,1,4,1,17,0,511,2
1966,Postgraduate,Partner,38179.0,1,1,2013-03-14,30,38,4,22,4,2,20,4,3,1,3,7,0,0,0,0,0,0,0,48,90,2,1,4,1,11,0,472,2
1963,Graduate,Partner,80124.0,0,0,2014-06-26,47,483,84,398,205,84,241,1,3,7,8,1,1,0,0,0,0,0,0,51,1495,0,1,2,0,19,1,3,1
1970,Postgraduate,Partner,38097.0,1,1,2012-10-15,70,77,2,35,0,1,69,4,3,2,2,7,1,0,0,0,0,0,1,44,184,2,1,4,1,11,1,622,2
1970,Graduate,Partner,72940.0,0,0,2013-06-19,13,182,74,298,162,149,116,1,3,3,6,1,0,0,0,0,0,0,0,44,981,0,1,2,0,13,0,375,1
1970,Graduate,Partner,22070.0,1,0,2013-10-04,11,10,7,19,8,2,21,2,2,2,2,6,0,0,0,0,0,0,0,44,67,1,1,3,1,8,0,268,1
1953,Graduate,Single,69267.0,0,0,2012-09-22,31,778,44,499,95,73,146,2,3,4,5,7,0,0,0,0,0,0,1,61,1635,0,0,1,0,14,0,645,1
1983,Postgraduate,Single,31788.0,1,0,2014-03-20,15,16,7,23,0,8,6,3,3,0,4,5,0,0,0,0,0,1,0,31,60,1,0,2,1,10,0,101,2
1975,Postgraduate,Partner,61905.0,0,1,2014-02-04,2,167,0,43,6,2,13,2,4,2,4,5,0,0,0,0,0,0,0,39,231,1,1,3,1,12,0,145,2
1960,Graduate,Partner,29315.0,1,1,2014-04-06,55,13,2,14,8,7,4,4,2,0,4,6,0,0,0,0,0,0,0,54,48,2,1,4,1,10,0,84,1
1963,Graduate,Single,33378.0,1,1,2013-02-06,38,33,6,40,3,7,10,3,2,0,4,7,0,0,0,0,0,0,0,51,99,2,0,3,1,9,0,508,1
1963,Postgraduate,Partner,66313.0,0,1,2013-09-16,86,625,7,99,10,22,7,2,6,3,12,4,0,0,0,0,0,0,0,51,770,1,1,3,1,23,0,286,2
1956,Graduate,Single,60714.0,0,0,2013-01-17,56,216,162,224,101,92,162,2,7,4,10,5,0,0,0,0,0,0,1,58,957,0,0,1,0,23,0,528,1
1981,Postgraduate,Partner,77882.0,0,0,2014-04-30,29,68,129,396,188,22,15,1,3,3,5,1,0,0,0,0,0,0,0,33,818,0,1,2,0,12,0,60,2
1986,Postgraduate,Single,69867.0,0,0,2013-04-02,30,196,0,512,33,130,54,1,3,5,8,1,0,0,0,1,0,0,1,28,925,0,0,1,0,17,1,453,2
1968,Postgraduate,Single,63841.0,0,1,2013-04-21,64,635,15,100,20,7,131,1,9,3,9,6,0,0,0,0,0,0,0,46,908,1,0,2,1,22,0,434,2
1981,Undergraduate,Partner,24480.0,1,0,2013-02-11,46,4,19,9,28,25,17,3,3,0,4,7,0,0,0,0,0,0,0,33,102,1,1,3,1,10,0,503,0
1974,Postgraduate,Partner,65640.0,0,1,2014-03-01,74,204,7,149,20,15,66,1,5,1,8,2,0,0,0,0,0,0,0,40,461,1,1,3,1,15,0,120,2
1975,Postgraduate,Partner,44319.0,1,1,2014-04-17,18,26,0,8,0,0,3,2,2,0,3,5,0,0,0,0,0,0,0,39,37,2,1,4,1,7,0,73,2
1974,Graduate,Partner,30631.0,1,0,2013-07-12,75,15,6,20,4,5,20,1,3,1,2,7,0,0,0,0,0,0,0,40,70,1,1,3,1,7,0,352,1
1952,Graduate,Partner,75278.0,0,0,2013-01-29,17,304,98,230,150,74,74,1,6,3,13,3,0,0,0,0,0,0,0,62,930,0,1,2,0,23,0,516,1
1956,Postgraduate,Partner,50898.0,1,1,2013-01-08,88,285,28,242,55,114,135,13,6,2,12,5,0,0,0,0,0,0,0,58,859,2,1,4,1,33,0,537,2
1966,Graduate,Single,79946.0,0,0,2014-05-12,19,395,183,565,166,141,28,1,5,11,5,3,0,0,0,0,0,0,0,48,1478,0,0,1,0,22,0,48,1
1949,Postgraduate,Single,35416.0,0,0,2013-06-13,62,248,3,81,4,3,51,3,7,1,5,8,0,0,0,0,0,0,0,65,390,0,0,1,0,16,0,381,2
1984,Undergraduate,Partner,32414.0,0,0,2013-07-04,11,20,6,5,0,9,12,1,1,0,3,7,1,0,0,0,0,0,0,30,52,0,1,2,0,5,1,360,0
1969,Graduate,Partner,38361.0,1,0,2013-12-27,74,39,0,56,20,8,14,3,3,1,3,7,0,0,0,0,0,0,0,45,137,1,1,3,1,10,0,184,1
1980,Graduate,Partner,82497.0,0,0,2012-10-31,32,777,129,573,216,21,203,1,2,7,9,4,0,0,1,0,0,0,0,34,1919,0,1,2,0,19,1,606,1
1971,Graduate,Partner,16626.0,2,0,2014-01-15,76,8,3,22,21,1,13,3,3,0,3,9,0,0,0,0,0,0,0,43,68,2,1,4,1,9,0,165,1
1965,Graduate,Partner,29672.0,1,1,2013-03-12,6,9,1,3,0,4,8,1,0,0,3,6,0,0,0,0,0,0,0,49,25,2,1,4,1,4,0,474,1
1952,Postgraduate,Partner,55951.0,0,1,2012-08-23,62,1241,0,80,0,13,40,3,3,6,11,8,0,1,0,0,1,0,0,62,1374,1,1,3,1,23,2,675,2
1988,Undergraduate,Single,35388.0,1,0,2013-03-07,20,6,4,7,4,3,8,1,1,0,3,7,0,0,0,0,0,0,0,26,32,1,0,2,1,5,0,479,0
1986,Postgraduate,Partner,42386.0,1,0,2013-01-13,43,65,4,16,0,4,11,1,3,0,3,8,0,0,0,0,0,0,0,28,100,1,1,3,1,7,0,532,2
1982,Graduate,Single,68627.0,0,0,2013-01-12,45,395,15,263,60,54,38,1,2,3,6,1,0,0,0,0,0,0,0,32,825,0,0,1,0,12,0,533,1
1965,Postgraduate,Single,57912.0,0,1,2014-03-17,34,801,0,80,0,0,35,5,8,3,12,5,0,1,0,0,0,0,0,49,916,1,0,2,1,28,1,104,2
1958,Graduate,Single,35246.0,1,1,2014-04-16,53,36,0,12,2,2,10,4,3,1,3,5,0,0,0,0,0,0,0,56,62,2,0,3,1,11,0,74,1
1956,Undergraduate,Partner,58821.0,0,1,2013-10-12,44,513,14,154,19,0,28,1,9,2,9,6,0,0,0,0,0,0,0,58,728,1,1,3,1,21,0,260,0
1978,Postgraduate,Partner,46377.0,1,0,2014-03-01,89,37,0,46,4,3,0,1,2,1,3,4,0,0,0,0,0,0,0,36,90,1,1,3,1,7,0,120,2
1988,Graduate,Single,39747.0,1,0,2014-04-13,43,80,15,93,20,13,52,3,5,1,4,8,0,0,0,0,0,0,0,26,273,1,0,2,1,13,0,77,1
1984,Graduate,Partner,23976.0,1,0,2013-12-27,68,14,1,21,2,3,25,3,3,1,3,7,0,0,0,0,0,0,0,30,66,1,1,3,1,10,0,184,1
1961,Postgraduate,Partner,80950.0,0,0,2013-03-28,44,525,147,112,219,147,63,1,6,7,9,2,0,0,0,1,0,0,0,53,1213,0,1,2,0,23,1,458,2
1966,Graduate,Single,27038.0,0,0,2012-09-18,64,1,26,25,17,23,15,1,3,0,3,9,0,0,0,0,0,0,1,48,107,0,0,1,0,7,0,649,1
1947,Graduate,Single,77457.0,0,0,2014-03-05,85,675,11,400,15,45,11,1,2,5,10,1,0,0,1,0,0,0,0,67,1157,0,0,1,0,18,1,116,1
1964,Postgraduate,Partner,64100.0,0,1,2013-09-10,93,509,0,27,0,0,10,1,8,3,6,7,0,1,0,0,0,0,0,50,546,1,1,3,1,18,1,292,2
1992,Postgraduate,Partner,42670.0,0,0,2013-04-27,12,154,2,46,20,4,15,1,4,2,4,4,0,0,0,0,0,0,0,22,241,0,1,2,0,11,0,428,2
1976,Graduate,Single,12571.0,1,0,2014-01-18,86,3,5,14,2,12,17,4,3,1,3,6,0,0,0,0,0,0,0,38,53,1,0,2,1,11,0,162,1
1967,Graduate,Partner,22574.0,2,1,2013-10-28,28,25,0,8,2,0,2,2,2,0,3,7,0,0,0,0,0,0,0,47,37,3,1,5,1,7,0,244,1
1989,Graduate,Partner,51381.5,0,0,2013-06-03,69,861,138,461,60,30,61,1,6,5,12,3,0,1,0,1,0,0,0,25,1611,0,1,2,0,24,2,391,1
1976,Postgraduate,Single,70893.0,0,0,2013-02-06,42,768,44,561,77,44,14,1,6,6,10,3,0,0,0,0,0,0,0,38,1508,0,0,1,0,23,0,508,2
1966,Graduate,Partner,54198.0,1,1,2013-12-17,13,185,0,28,3,2,17,6,3,1,6,4,0,0,0,0,0,0,0,48,235,2,1,4,1,16,0,194,1
1956,Postgraduate,Partner,28839.0,1,1,2014-03-11,86,24,0,7,0,0,1,2,2,0,3,5,0,0,0,0,0,0,0,58,32,2,1,4,1,7,0,110,2
1972,Graduate,Partner,40321.0,1,1,2013-07-29,59,44,4,21,6,0,27,2,3,0,3,7,0,0,0,0,0,0,0,42,102,2,1,4,1,8,0,335,1
1985,Graduate,Single,66503.0,1,0,2012-08-14,30,91,64,128,65,3,50,2,4,3,6,3,0,0,0,0,0,0,0,29,401,1,0,2,1,15,0,684,1
1951,Graduate,Partner,30833.0,1,1,2013-07-16,33,11,0,7,3,1,6,2,1,0,3,5,0,0,0,0,0,0,0,63,28,2,1,4,1,6,0,348,1
1970,Graduate,Single,51381.5,1,2,2013-08-23,67,738,20,172,52,50,20,6,2,3,10,7,0,1,0,1,0,0,0,44,1052,3,0,4,1,21,2,310,1
1971,Graduate,Partner,64795.0,0,1,2013-01-17,23,412,5,119,38,29,77,3,3,3,12,2,0,0,0,0,0,0,0,43,680,1,1,3,1,21,0,528,1
1974,Graduate,Partner,34421.0,1,0,2013-07-01,81,3,3,7,6,2,9,1,1,0,2,7,0,0,0,0,0,0,0,40,30,1,1,3,1,4,0,363,1
1965,Postgraduate,Single,47025.0,1,1,2014-02-09,6,16,0,3,0,0,1,1,1,0,2,7,0,0,0,0,0,0,0,49,20,2,0,3,1,4,0,140,2
1961,Postgraduate,Single,64325.0,0,1,2013-02-07,41,731,60,353,78,12,73,5,10,3,5,7,0,0,0,0,0,0,0,53,1307,1,0,2,1,23,0,507,2
1953,Graduate,Single,40464.0,0,1,2013-01-11,78,424,17,118,7,23,41,6,8,2,8,8,0,0,0,0,0,0,0,61,630,1,0,2,1,24,0,534,1
1957,Graduate,Partner,62187.0,0,0,2013-07-05,49,792,0,275,45,45,126,1,4,8,5,3,0,0,0,0,0,0,0,57,1283,0,1,2,0,18,0,359,1
1976,Postgraduate,Single,14849.0,1,0,2013-07-02,39,21,2,28,3,2,9,3,2,0,4,8,0,0,0,0,0,0,0,38,65,1,0,2,1,9,0,362,2
1984,Graduate,Partner,27255.0,1,0,2013-11-07,3,22,1,11,0,1,2,1,1,0,3,7,0,0,0,0,0,0,0,30,37,1,1,3,1,5,0,234,1
1950,Postgraduate,Partner,54432.0,2,1,2013-05-09,37,33,0,5,0,0,0,1,1,0,3,4,0,0,0,0,0,0,0,64,38,3,1,5,1,5,0,416,2
1986,Postgraduate,Single,29999.0,1,0,2013-02-13,22,68,7,59,10,5,11,4,3,1,4,8,0,0,0,0,0,0,0,28,160,1,0,2,1,12,0,501,2
1983,Graduate,Single,24072.0,1,0,2013-04-16,79,9,1,6,3,0,4,1,1,0,2,8,0,0,0,0,0,0,0,31,23,1,0,2,1,4,0,439,1
1989,Postgraduate,Single,33996.0,0,0,2013-09-11,46,40,2,15,8,0,6,1,1,1,3,4,0,0,0,0,0,0,0,25,71,0,0,1,0,6,0,291,2
1956,Postgraduate,Partner,66334.0,0,1,2013-04-03,82,909,11,218,0,0,23,2,9,3,5,5,0,0,0,0,0,0,1,58,1161,1,1,3,1,19,0,452,2
1971,Postgraduate,Partner,35178.0,1,0,2013-01-10,10,23,1,13,2,2,18,1,1,1,2,7,1,0,0,0,0,0,1,43,59,1,1,3,1,5,1,535,2
1983,Graduate,Partner,22010.0,1,0,2013-06-30,51,11,2,9,3,0,8,2,2,0,3,8,0,0,0,0,0,0,0,31,33,1,1,3,1,7,0,364,1
1960,Graduate,Single,62204.0,0,2,2012-09-12,38,317,46,247,151,46,139,1,4,5,12,3,0,0,0,0,0,0,0,54,946,2,0,3,1,22,0,655,1
1968,Graduate,Single,75693.0,0,0,2012-12-06,10,797,153,293,72,97,30,1,11,4,6,4,0,1,1,1,0,0,1,46,1442,0,0,1,0,22,3,570,1
1972,Graduate,Partner,30675.0,1,0,2012-11-12,14,10,2,16,11,2,21,1,1,0,3,8,0,0,0,0,0,0,0,42,62,1,1,3,1,5,0,594,1
1965,Graduate,Partner,83003.0,0,0,2013-03-03,18,856,61,570,40,25,122,1,7,6,8,3,0,0,1,0,0,0,1,49,1674,0,1,2,0,22,1,483,1
1988,Graduate,Single,68655.0,0,0,2012-08-10,95,456,19,832,75,118,38,1,4,5,11,3,0,0,0,0,0,0,0,26,1538,0,0,1,0,21,0,688,1
1986,Graduate,Single,41411.0,0,0,2013-12-07,11,37,32,38,11,3,18,1,2,1,4,6,0,0,0,0,0,0,0,28,139,0,0,1,0,8,0,204,1
1969,Postgraduate,Partner,55212.0,0,1,2012-11-23,65,1103,0,45,0,0,34,3,4,2,11,8,0,1,0,0,1,0,0,45,1182,1,1,3,1,20,2,583,2
1950,Postgraduate,Partner,59292.0,0,1,2013-06-13,71,378,14,68,19,14,14,2,3,5,8,3,0,0,0,0,0,0,0,64,507,1,1,3,1,18,0,381,2
1973,Undergraduate,Partner,27190.0,1,0,2013-08-15,13,1,6,7,0,1,3,1,1,0,2,8,1,0,0,0,0,0,1,41,18,1,1,3,1,4,1,318,0
1952,Graduate,Single,82623.0,0,0,2013-11-10,58,204,34,204,172,153,173,1,2,9,4,1,0,0,0,0,0,0,0,62,940,0,0,1,0,16,0,231,1
1965,Graduate,Partner,44300.0,1,1,2013-06-23,65,30,0,9,0,0,3,2,1,0,3,6,0,0,0,0,0,0,0,49,42,2,1,4,1,6,0,371,1
1970,Graduate,Single,84835.0,0,0,2014-06-16,0,189,104,379,111,189,218,1,4,4,6,1,0,0,0,0,0,0,1,44,1190,0,0,1,0,15,0,13,1
1971,Graduate,Single,30372.0,1,1,2012-12-25,33,15,0,12,7,3,7,3,2,0,3,7,0,0,0,0,0,0,0,43,44,2,0,3,1,8,0,551,1
1976,Postgraduate,Partner,33181.0,1,0,2014-01-03,90,9,0,3,0,0,4,1,1,0,2,6,1,0,0,0,0,0,0,38,16,1,1,3,1,4,1,177,2
1957,Graduate,Partner,71113.0,0,1,2013-12-17,95,495,33,255,11,33,8,4,6,7,9,4,0,0,0,0,0,0,0,57,835,1,1,3,1,26,0,194,1
1986,Graduate,Partner,71952.0,1,0,2013-01-10,93,656,80,455,52,107,93,2,8,4,8,4,1,0,1,0,0,0,0,28,1443,1,1,3,1,22,2,535,1
1966,Postgraduate,Single,69759.0,0,0,2013-10-28,38,452,20,514,13,30,0,3,4,6,5,3,0,0,0,0,0,0,1,48,1029,0,0,1,0,18,0,244,2
1974,Graduate,Partner,72099.0,0,0,2012-10-27,18,546,91,410,119,0,22,1,3,4,10,1,0,0,0,0,0,0,0,40,1188,0,1,2,0,18,0,610,1
1976,Postgraduate,Single,60000.0,0,1,2012-12-22,57,1048,0,217,0,0,12,5,11,3,5,6,0,0,0,0,0,0,0,38,1277,1,0,2,1,24,0,554,2
1978,Graduate,Single,38643.0,1,1,2013-11-29,45,22,2,14,0,1,10,2,2,0,3,7,0,0,0,0,0,1,0,36,49,2,0,3,1,7,0,212,1
1955,Graduate,Partner,50737.0,0,1,2013-05-11,61,78,0,11,0,0,10,1,2,0,4,6,0,1,0,0,0,0,0,59,99,1,1,3,1,7,1,414,1
1969,Postgraduate,Partner,68462.0,0,0,2012-12-12,6,561,64,785,84,128,48,1,3,3,8,1,0,0,0,0,0,0,0,45,1670,0,1,2,0,15,0,564,2
1943,Postgraduate,Partner,65073.0,0,0,2013-08-20,65,629,17,177,69,0,8,1,5,3,5,2,0,0,0,0,0,1,0,71,900,0,1,2,0,14,0,313,2
1948,Postgraduate,Partner,46681.0,0,2,2013-10-08,52,269,15,69,15,19,38,2,4,6,4,5,0,0,0,0,0,0,0,66,425,2,1,4,1,16,0,264,2
1957,Graduate,Partner,78618.0,0,0,2012-09-28,87,736,163,818,212,163,61,1,4,7,10,2,0,1,0,0,0,0,0,57,2153,0,1,2,0,22,1,639,1
1969,Postgraduate,Single,62187.0,0,1,2014-03-22,38,512,0,83,0,0,41,3,6,2,10,4,0,0,0,0,0,0,0,45,636,1,0,2,1,21,0,99,2
1978,Graduate,Partner,28442.0,2,0,2014-02-24,53,19,3,10,11,8,6,3,2,1,4,4,0,0,0,0,0,0,0,36,57,2,1,4,1,10,0,125,1
1967,Graduate,Partner,51479.0,1,1,2012-12-28,67,247,8,160,6,8,65,7,6,3,6,7,0,0,0,0,0,0,0,47,494,2,1,4,1,22,0,548,1
1969,Graduate,Single,54803.0,0,1,2012-08-21,65,404,0,92,28,27,142,2,6,2,9,4,0,0,0,0,0,0,0,45,693,1,0,2,1,19,0,677,1
1960,Graduate,Partner,79530.0,0,0,2013-05-17,64,333,0,815,129,42,29,1,4,10,11,2,0,0,0,0,0,0,0,54,1348,0,1,2,0,26,0,408,1
1976,Graduate,Single,31615.0,1,0,2013-03-16,82,2,3,20,6,11,9,2,2,0,3,7,0,0,0,0,0,0,0,38,51,1,0,2,1,7,0,470,1
1962,Graduate,Partner,72025.0,0,0,2012-11-17,27,833,33,549,151,133,233,1,4,3,8,3,0,0,0,0,0,0,0,52,1932,0,1,2,0,16,0,589,1
1975,Postgraduate,Single,52614.0,0,1,2012-12-01,63,789,0,142,12,9,38,2,2,4,8,8,0,0,0,0,0,0,0,39,990,1,0,2,1,16,0,575,2
1984,Undergraduate,Partner,35684.0,1,0,2014-04-22,66,10,4,7,0,6,3,1,1,0,3,6,0,0,0,0,0,0,0,30,30,1,1,3,1,5,0,68,0
1975,Graduate,Partner,48178.0,1,1,2012-10-28,69,159,4,45,6,2,38,6,5,1,4,8,0,0,0,0,0,0,0,39,254,2,1,4,1,16,0,609,1
1970,Postgraduate,Single,29548.0,1,0,2013-08-29,52,7,1,6,3,1,11,1,1,1,2,4,1,0,0,0,0,0,0,44,29,1,0,2,1,5,1,304,2
1966,Graduate,Single,63810.0,0,1,2012-11-11,45,977,12,253,16,12,101,4,4,3,12,8,0,1,0,0,0,0,0,48,1371,1,0,2,1,23,1,595,1
1972,Postgraduate,Single,38578.0,1,1,2013-06-22,2,38,4,22,3,3,3,3,3,0,3,8,0,0,0,0,0,0,1,42,73,2,0,3,1,9,0,372,2
1975,Postgraduate,Single,46098.0,1,1,2012-08-18,86,57,0,27,0,0,36,4,3,2,2,8,0,0,0,0,0,0,0,39,120,2,0,3,1,11,0,680,2
1970,Graduate,Single,22585.0,0,0,2013-03-18,23,3,9,15,13,2,39,1,1,1,2,9,1,0,0,0,0,0,1,44,81,0,0,1,0,5,1,468,1
1989,Graduate,Single,30279.0,1,0,2012-12-30,13,10,4,14,4,4,1,1,1,0,3,8,0,0,0,0,0,0,0,25,37,1,0,2,1,5,0,546,1
1961,Postgraduate,Partner,66426.0,0,1,2013-10-02,14,1043,24,97,32,24,157,2,3,5,10,6,0,0,0,0,0,0,0,53,1377,1,1,3,1,20,0,270,2
1969,Graduate,Single,30822.0,1,0,2013-06-14,92,3,9,13,2,12,12,1,1,0,3,7,0,0,0,0,0,0,0,45,51,1,0,2,1,5,0,380,1
1969,Postgraduate,Partner,33581.0,2,0,2013-01-08,38,11,0,5,0,0,1,1,1,0,2,8,0,0,0,0,0,0,0,45,17,2,1,4,1,4,0,537,2
1985,Graduate,Partner,19986.0,1,0,2013-11-14,74,3,6,5,0,2,6,1,0,0,3,7,0,0,0,0,0,0,0,29,22,1,1,3,1,4,0,227,1
1954,Graduate,Single,27421.0,0,0,2012-12-12,14,43,12,96,78,40,55,3,4,1,6,7,0,0,0,0,0,0,0,60,324,0,0,1,0,14,0,564,1
1981,Postgraduate,Single,36143.0,1,0,2014-03-30,33,12,0,1,0,0,6,1,0,1,2,3,0,0,0,0,0,0,0,33,19,1,0,2,1,4,0,91,2
1971,Graduate,Single,10245.0,1,0,2013-05-15,32,4,7,7,6,4,13,3,1,2,2,5,0,0,0,0,0,0,0,43,41,1,0,2,1,8,0,410,1
1968,Postgraduate,Partner,43795.0,0,1,2013-10-16,11,314,11,53,4,3,107,3,7,3,4,7,0,1,0,0,0,0,1,46,492,1,1,3,1,17,1,256,2
1960,Graduate,Partner,63381.0,0,1,2012-10-05,78,571,50,142,33,50,159,4,4,5,13,2,0,0,0,0,0,0,0,54,1005,1,1,3,1,26,0,632,1
1949,Graduate,Partner,38823.0,0,1,2012-08-30,56,70,0,11,2,8,23,1,2,1,3,6,0,0,0,0,0,0,0,65,114,1,1,3,1,7,0,668,1
1968,Postgraduate,Single,83664.0,1,1,2013-05-08,57,866,21,151,28,21,86,3,2,2,12,5,0,0,0,0,0,0,0,46,1173,2,0,3,1,19,0,417,2
1979,Graduate,Partner,90300.0,0,0,2014-01-03,7,594,134,786,33,134,57,0,5,6,8,1,0,0,1,0,0,0,0,35,1738,0,1,2,0,19,1,177,1
1979,Postgraduate,Partner,62499.0,1,0,2013-12-09,0,140,4,61,0,13,4,2,3,1,6,4,0,0,0,0,0,0,0,35,222,1,1,3,1,12,0,202,2
1993,Graduate,Single,74293.0,0,0,2014-05-04,66,375,152,335,93,91,81,1,5,4,6,2,0,0,0,0,0,0,0,21,1127,0,0,1,0,16,0,56,1
1946,Postgraduate,Partner,51012.0,0,0,2013-04-18,86,102,9,63,2,9,24,1,4,1,4,6,0,0,0,0,0,0,0,68,209,0,1,2,0,10,0,437,2
1968,Postgraduate,Partner,70777.0,0,1,2014-02-25,80,554,35,113,0,7,78,3,5,3,12,3,0,0,0,0,0,0,0,46,787,1,1,3,1,23,0,124,2
1991,Postgraduate,Partner,68682.0,0,0,2013-10-06,56,919,0,505,99,30,45,1,4,9,10,2,0,0,0,0,0,0,0,23,1598,0,1,2,0,24,0,266,2
1971,Graduate,Partner,43824.0,1,1,2012-09-15,18,96,1,42,12,3,32,4,3,1,4,8,0,0,0,0,0,0,0,43,186,2,1,4,1,12,0,652,1
1984,Graduate,Partner,15345.0,1,0,2012-08-31,51,5,2,16,3,2,19,2,1,1,2,8,0,0,0,0,0,0,1,30,47,1,1,3,1,6,0,667,1
1987,Graduate,Single,23442.0,1,0,2012-12-24,71,2,0,6,8,6,5,1,1,0,3,7,0,0,0,0,0,0,0,27,27,1,0,2,1,5,0,552,1
1980,Undergraduate,Partner,14515.0,1,0,2012-11-09,71,6,4,9,6,36,35,4,2,2,3,7,0,0,0,0,0,0,1,34,96,1,1,3,1,11,0,597,0
1956,Undergraduate,Single,31395.0,1,1,2013-03-23,80,23,1,25,0,8,7,4,2,1,3,6,0,0,0,0,0,0,0,58,64,2,0,3,1,10,0,463,0
1965,Graduate,Partner,75276.0,0,0,2012-09-27,2,610,105,125,137,42,21,1,9,4,9,5,0,0,0,0,0,0,0,49,1040,0,1,2,0,23,0,640,1
1974,Graduate,Single,42373.0,1,1,2013-08-15,83,67,5,61,3,8,19,5,2,1,5,5,0,0,0,0,0,0,0,40,163,2,0,3,1,13,0,318,1
1960,Graduate,Partner,30507.0,0,0,2013-03-11,29,65,36,74,38,20,110,1,5,1,4,7,0,0,0,0,0,0,0,54,343,0,1,2,0,11,0,475,1
1955,Postgraduate,Single,55521.0,1,2,2013-10-22,11,416,0,26,0,0,4,9,6,3,6,7,0,1,0,0,0,0,1,59,446,3,0,4,1,24,1,250,2
1965,Graduate,Partner,48006.0,1,1,2014-06-09,55,23,0,11,3,2,2,1,1,0,3,6,0,0,0,0,0,0,0,49,41,2,1,4,1,5,0,20,1
1972,Postgraduate,Single,27213.0,1,0,2012-08-30,19,19,3,26,10,9,3,3,2,0,4,8,0,0,0,0,0,0,1,42,70,1,0,2,1,9,0,668,2
1971,Postgraduate,Single,65808.0,1,1,2014-05-30,1,155,7,80,13,7,10,3,5,1,5,6,0,0,0,0,0,0,0,43,272,2,0,3,1,14,0,30,2
1974,Postgraduate,Partner,30351.0,1,0,2013-06-06,19,14,0,24,3,3,2,1,3,0,2,9,0,0,0,0,0,0,0,40,46,1,1,3,1,6,0,388,2
1963,Graduate,Partner,50437.0,0,2,2012-10-17,28,370,9,92,6,9,4,3,7,1,8,7,0,0,0,0,0,0,0,51,490,2,1,4,1,19,0,620,1
1982,Undergraduate,Single,23616.0,1,0,2012-11-17,76,4,22,11,3,7,32,2,3,0,3,8,0,0,0,0,0,0,1,32,79,1,0,2,1,8,0,589,0
1976,Graduate,Partner,53858.0,0,1,2012-11-09,50,407,53,221,58,150,26,4,4,3,6,4,0,0,0,0,0,0,0,38,915,1,1,3,1,17,0,597,1
1955,Postgraduate,Partner,66465.0,0,1,2013-03-30,1,1200,0,204,38,29,14,3,11,9,12,6,0,0,0,1,0,0,0,59,1485,1,1,3,1,35,1,456,2
1987,Graduate,Single,46923.0,1,0,2012-08-22,90,85,44,54,102,78,6,3,5,1,7,7,0,0,0,0,0,0,0,27,369,1,0,2,1,16,0,676,1
1962,Graduate,Partner,75072.0,0,1,2013-01-23,83,583,34,309,0,22,125,2,5,4,8,3,0,0,0,0,0,0,0,52,1073,1,1,3,1,19,0,522,1
1943,Postgraduate,Partner,75865.0,0,0,2014-03-31,73,483,0,591,156,0,12,1,3,5,10,1,0,0,0,0,0,0,0,71,1242,0,1,2,0,19,0,90,2
1975,Undergraduate,Partner,19789.0,1,0,2013-11-20,24,2,5,9,28,6,28,3,2,1,3,5,1,0,0,0,0,0,0,39,78,1,1,3,1,9,1,221,0
1994,Graduate,Partner,80134.0,0,0,2014-02-14,11,966,26,282,52,26,26,1,2,7,11,5,0,1,1,1,1,0,0,20,1378,0,1,2,0,21,4,135,1
1981,Graduate,Single,91065.0,0,0,2013-02-22,33,822,114,108,179,137,114,1,7,9,9,3,0,0,1,1,0,0,1,33,1474,0,0,1,0,26,2,492,1
1971,Postgraduate,Partner,49505.0,1,1,2013-03-05,4,604,0,100,19,0,28,9,10,2,8,8,0,0,0,0,0,0,0,43,751,2,1,4,1,29,0,481,2
1973,Postgraduate,Partner,37401.0,1,0,2014-05-06,14,19,3,19,3,1,3,2,2,0,3,7,0,0,0,0,0,0,0,41,48,1,1,3,1,7,0,54,2
1982,Postgraduate,Partner,18492.0,1,0,2014-06-05,75,2,2,2,2,1,1,1,1,0,2,8,0,0,0,0,0,0,0,32,10,1,1,3,1,4,0,24,2
1974,Postgraduate,Partner,82584.0,0,0,2013-06-04,26,1076,68,103,29,91,68,1,3,4,8,1,0,1,1,0,0,0,1,40,1435,0,1,2,0,16,2,390,2
1941,Postgraduate,Partner,93027.0,0,0,2013-04-13,77,1285,42,716,55,0,21,0,7,10,5,2,0,0,1,0,0,0,0,73,2119,0,1,2,0,22,1,442,2
1953,Graduate,Partner,48686.0,1,2,2013-12-04,8,10,0,7,2,0,1,1,1,0,2,8,0,0,0,0,0,0,0,61,20,3,1,5,1,4,0,207,1
1986,Graduate,Partner,92910.0,0,0,2014-04-24,42,551,137,792,179,103,33,1,6,7,13,1,0,1,1,1,0,0,0,28,1795,0,1,2,0,27,3,66,1
1989,Graduate,Partner,75433.0,1,0,2014-04-05,28,800,0,297,0,34,57,2,2,5,10,6,0,1,0,1,0,0,0,25,1188,1,1,3,1,19,2,85,1
1989,Undergraduate,Partner,10404.0,1,0,2014-05-04,52,2,2,11,10,6,12,2,1,0,4,5,0,0,0,0,0,0,0,25,43,1,1,3,1,7,0,56,0
1968,Graduate,Partner,61314.0,0,1,2013-04-25,1,378,0,189,97,172,172,2,5,5,12,3,0,0,0,0,0,0,0,46,1008,1,1,3,1,24,0,430,1
1961,Postgraduate,Single,84865.0,0,0,2013-05-09,1,1248,16,349,43,16,16,1,2,4,9,4,0,1,1,1,1,0,1,53,1688,0,0,1,0,16,4,416,2
1989,Graduate,Partner,42387.0,1,0,2012-10-29,42,235,0,235,19,4,191,5,8,1,7,8,0,0,0,0,0,0,0,25,684,1,1,3,1,21,0,608,1
1967,Undergraduate,Partner,67309.0,1,1,2013-01-23,76,515,47,181,149,95,95,15,9,6,9,7,0,0,0,0,0,0,0,47,1082,2,1,4,1,39,0,522,0
1964,Graduate,Partner,75236.0,0,1,2013-11-25,27,438,66,400,12,38,114,1,8,3,13,4,0,0,0,0,0,0,0,50,1068,1,1,3,1,25,0,216,1
1970,Graduate,Single,30015.0,1,0,2014-02-02,28,25,0,22,2,3,5,2,1,0,4,5,0,0,0,0,0,0,0,44,57,1,0,2,1,7,0,147,1
1956,Postgraduate,Partner,50943.0,0,1,2013-06-21,49,31,0,7,2,0,6,1,1,0,3,5,0,0,0,0,0,0,0,58,46,1,1,3,1,5,0,373,2
1966,Graduate,Single,67272.0,0,1,2013-12-21,12,357,35,271,28,28,14,3,6,2,12,5,0,0,0,0,0,0,0,48,733,1,0,2,1,23,0,190,1
1949,Postgraduate,Single,51529.0,0,1,2013-09-07,14,400,4,35,6,0,22,2,9,1,5,8,0,0,0,0,0,0,0,65,467,1,0,2,1,17,0,295,2
1971,Postgraduate,Partner,32011.0,1,0,2013-08-22,89,99,0,15,2,1,5,3,2,1,4,7,0,0,0,0,0,0,0,43,122,1,1,3,1,10,0,311,2
1986,Undergraduate,Partner,7500.0,1,0,2013-02-07,96,1,11,5,4,6,9,2,2,0,3,8,0,0,0,0,0,0,0,28,36,1,1,3,1,7,0,507,0
1989,Graduate,Partner,28691.0,1,0,2013-07-04,56,5,4,13,8,0,4,1,1,0,3,8,0,0,0,0,0,0,0,25,34,1,1,3,1,5,0,360,1
1948,Postgraduate,Partner,56223.0,0,1,2013-12-20,72,77,28,31,16,0,4,2,2,1,5,4,0,0,0,0,0,0,0,66,156,1,1,3,1,10,0,191,2
1946,Graduate,Partner,18100.0,0,0,2013-08-06,14,3,1,2,4,3,1,1,0,0,3,5,0,0,0,0,0,0,0,68,14,0,1,2,0,4,0,327,1
1974,Undergraduate,Partner,20130.0,0,0,2014-03-17,99,0,6,3,7,6,12,1,1,0,3,8,0,0,0,0,0,0,0,40,34,0,1,2,0,5,0,104,0
1959,Graduate,Single,23295.0,0,0,2013-07-13,72,0,0,1,2,12,5,1,1,0,2,8,0,0,0,0,0,0,0,55,20,0,0,1,0,4,0,351,1
1972,Postgraduate,Single,42618.0,1,0,2013-10-09,92,76,14,74,13,5,10,2,5,0,4,8,0,0,0,0,0,0,0,42,192,1,0,2,1,11,0,263,2
1964,Graduate,Single,81246.0,0,0,2013-12-29,87,398,190,537,61,156,37,1,4,5,7,1,1,0,0,1,0,0,0,50,1379,0,0,1,0,17,2,182,1
1976,Graduate,Partner,24027.0,1,0,2013-06-09,7,14,7,11,11,0,5,2,2,0,3,8,0,0,0,0,0,0,0,38,48,1,1,3,1,7,0,385,1
1953,Postgraduate,Partner,55707.0,0,1,2013-12-22,91,208,7,82,30,66,35,2,3,2,9,3,0,0,0,0,0,0,0,61,428,1,1,3,1,16,0,189,2
1955,Graduate,Single,57959.0,0,1,2013-05-02,71,430,16,322,43,24,33,5,4,7,11,3,0,0,0,0,0,0,0,59,868,1,0,2,1,27,0,423,1
1969,Graduate,Partner,56796.0,0,1,2013-02-16,24,656,38,161,62,47,37,3,8,9,7,7,0,0,0,0,0,0,0,45,1001,1,1,3,1,27,0,498,1
1971,Postgraduate,Single,36230.0,1,0,2013-10-17,17,14,2,30,8,2,3,1,2,0,4,5,0,0,0,0,0,0,0,43,59,1,0,2,1,7,0,255,2
1980,Undergraduate,Partner,70829.0,1,1,2013-12-01,87,141,70,106,72,19,23,2,4,2,8,3,0,0,0,0,0,0,0,34,431,2,1,4,1,16,0,210,0
1976,Graduate,Partner,65991.0,0,1,2012-09-07,21,507,19,364,25,47,9,3,9,5,10,7,0,0,0,0,0,0,0,38,971,1,1,3,1,27,0,660,1
1972,Graduate,Partner,38988.0,1,2,2012-08-20,90,164,24,103,12,3,42,7,5,1,6,8,0,0,0,0,0,0,0,42,348,3,1,5,1,19,0,678,1
1966,Undergraduate,Single,89572.0,0,0,2012-09-15,44,606,24,974,197,194,64,1,7,7,9,4,0,1,0,1,0,0,1,48,2059,0,0,1,0,24,2,652,0
1984,Postgraduate,Partner,42207.0,1,0,2013-04-01,71,116,11,72,3,17,46,4,4,1,5,6,1,0,0,0,0,0,1,30,265,1,1,3,1,14,1,454,2
1952,Graduate,Partner,50300.0,0,1,2014-05-25,52,143,15,60,24,23,5,2,2,1,8,2,0,0,0,0,0,0,0,62,270,1,1,3,1,13,0,35,1
1982,Undergraduate,Partner,66664.0,0,0,2012-09-25,78,398,96,447,220,96,32,1,5,7,6,3,0,0,0,0,0,0,0,32,1289,0,1,2,0,19,0,642,0
1964,Graduate,Partner,60597.0,0,1,2014-01-01,2,522,0,257,32,16,66,4,2,2,8,7,0,0,0,1,0,0,1,50,893,1,1,3,1,16,1,179,1
1949,Graduate,Single,70165.0,0,0,2013-09-22,60,161,0,253,199,191,122,1,3,7,11,1,0,0,0,0,0,0,0,65,926,0,0,1,0,22,0,280,1
1958,Postgraduate,Single,50520.0,0,1,2014-01-28,25,112,0,6,2,1,14,2,3,1,3,6,0,0,0,0,0,0,0,56,135,1,0,2,1,9,0,152,2
1975,Graduate,Partner,33183.0,1,0,2014-02-24,46,7,5,39,17,15,37,2,4,0,3,7,0,0,0,0,0,0,0,39,120,1,1,3,1,9,0,125,1
1969,Postgraduate,Single,66582.0,0,0,2014-03-03,83,789,25,420,16,38,0,1,2,8,9,1,0,0,0,0,0,0,0,45,1288,0,0,1,0,20,0,118,2
1955,Postgraduate,Partner,75261.0,0,0,2013-04-23,17,1239,17,413,23,34,17,1,5,6,5,2,0,1,1,0,0,0,1,59,1743,0,1,2,0,17,2,432,2
1970,Graduate,Single,31880.0,1,0,2012-10-31,13,4,1,5,2,0,3,1,1,0,2,8,0,0,0,0,0,0,0,44,15,1,0,2,1,4,0,606,1
1951,Graduate,Partner,53790.0,0,2,2014-03-06,86,335,42,127,28,5,5,3,7,2,8,6,0,0,0,0,0,0,0,63,542,2,1,4,1,20,0,115,1
1971,Postgraduate,Partner,49269.0,1,0,2012-08-15,92,639,8,166,11,8,58,3,7,3,12,7,0,0,0,0,0,0,0,43,890,1,1,3,1,25,0,683,2
1975,Graduate,Partner,61456.0,0,1,2013-03-27,47,563,76,384,84,192,89,4,6,10,13,4,0,0,0,0,0,0,0,39,1388,1,1,3,1,33,0,459,1
1980,Graduate,Partner,37406.0,1,0,2013-10-10,18,2,0,8,2,2,3,1,1,0,2,8,0,0,0,0,0,0,1,34,17,1,1,3,1,4,0,262,1
1981,Postgraduate,Partner,56937.0,1,0,2012-08-04,81,746,8,125,11,8,8,7,8,6,9,6,0,1,0,0,0,0,1,33,906,1,1,3,1,30,1,694,2
1978,Graduate,Partner,38415.0,1,1,2013-01-02,91,22,1,13,4,0,4,2,1,0,3,7,0,0,0,0,0,0,0,36,44,2,1,4,1,6,0,543,1
1988,Graduate,Single,20518.0,1,0,2014-05-18,58,4,1,6,4,1,9,1,1,1,2,5,0,0,0,0,0,0,0,26,25,1,0,2,1,5,0,42,1
1956,Graduate,Partner,62503.0,0,1,2013-02-18,40,478,0,193,110,75,117,4,8,3,11,5,0,0,0,0,0,0,0,58,973,1,1,3,1,26,0,496,1
1972,Postgraduate,Single,41644.0,1,1,2014-05-09,67,20,3,4,2,0,2,2,1,0,3,3,0,0,0,0,0,0,0,42,31,2,0,3,1,6,0,51,2
1977,Postgraduate,Partner,55842.0,0,1,2014-05-23,19,451,0,39,0,4,24,1,7,1,8,5,0,0,0,0,0,0,0,37,518,1,1,3,1,17,0,37,2
1972,Postgraduate,Partner,62010.0,0,1,2012-10-23,93,371,22,39,6,0,92,4,6,2,7,5,0,0,0,0,0,0,0,42,530,1,1,3,1,19,0,614,2
1977,Graduate,Partner,41124.0,1,0,2012-10-31,41,281,7,84,15,0,119,7,7,3,4,8,0,0,0,0,0,0,0,37,506,1,1,3,1,21,0,606,1
1973,Postgraduate,Partner,38961.0,1,0,2013-12-30,60,19,7,19,0,1,24,1,2,1,2,7,0,0,0,0,0,0,0,41,70,1,1,3,1,6,0,181,2
1972,Postgraduate,Single,37760.0,1,0,2013-08-11,54,26,3,13,2,10,0,1,2,0,3,6,0,0,0,0,0,0,0,42,54,1,0,2,1,6,0,322,2
1974,Graduate,Single,32233.0,1,0,2012-08-19,26,138,15,35,25,11,72,2,6,2,2,9,1,0,0,0,0,0,1,40,296,1,0,2,1,12,1,679,1
1975,Graduate,Partner,43057.0,0,1,2013-10-30,30,213,2,44,0,2,5,4,4,2,5,5,0,0,0,0,0,0,0,39,266,1,1,3,1,15,0,242,1
1960,Postgraduate,Partner,83151.0,0,0,2012-10-10,93,407,28,100,120,74,18,1,5,9,4,3,0,0,0,0,0,0,0,54,747,0,1,2,0,19,0,627,2
1964,Postgraduate,Single,78825.0,0,0,2012-09-14,35,483,74,114,169,37,18,1,5,10,13,3,0,0,0,0,0,0,1,50,895,0,0,1,0,29,0,653,2
1976,Postgraduate,Partner,65104.0,0,1,2013-11-14,4,738,0,232,13,20,50,2,3,5,7,7,0,0,0,0,0,0,0,38,1053,1,1,3,1,17,0,227,2
1974,Graduate,Partner,60093.0,0,1,2013-06-26,92,502,12,109,16,6,90,2,7,2,10,6,0,0,0,0,0,0,0,40,735,1,1,3,1,21,0,368,1
1969,Graduate,Partner,14045.0,1,0,2014-01-26,24,11,0,5,2,1,1,1,1,0,3,7,0,0,0,0,0,0,0,45,20,1,1,3,1,5,0,154,1
1952,Undergraduate,Single,28457.0,0,0,2012-10-28,96,24,1,108,29,29,14,1,4,1,4,8,0,0,0,0,0,0,0,62,205,0,0,1,0,10,0,609,0
1958,Postgraduate,Partner,78952.0,0,1,2012-09-24,11,1170,19,594,99,76,134,2,2,5,12,6,0,0,0,0,0,0,0,56,2092,1,1,3,1,21,0,643,2
1976,Graduate,Single,46310.0,1,0,2012-12-03,99,185,2,88,15,5,14,2,6,1,5,8,0,0,0,0,0,0,0,38,309,1,0,2,1,14,0,573,1
1955,Graduate,Partner,76005.0,0,0,2013-02-22,72,983,20,389,240,50,40,1,3,5,13,6,0,0,0,1,0,0,0,59,1722,0,1,2,0,22,1,492,1
1964,Postgraduate,Single,58308.0,0,1,2013-01-12,77,691,0,69,10,0,130,4,2,6,3,8,0,0,0,0,0,0,0,50,900,1,0,2,1,15,0,533,2
1944,Postgraduate,Single,55614.0,0,0,2013-11-27,85,504,13,131,8,0,26,1,9,4,6,7,0,1,0,0,0,0,0,70,682,0,0,1,0,20,1,214,2
1962,Postgraduate,Single,59432.0,0,1,2013-04-13,88,317,25,265,25,19,12,3,5,3,11,5,0,0,0,0,0,0,0,52,663,1,0,2,1,22,0,442,2
1978,Graduate,Single,55563.0,0,1,2014-04-05,22,29,1,9,2,0,2,1,2,0,3,3,0,0,0,0,0,0,0,36,43,1,0,2,1,6,0,85,1
1971,Postgraduate,Partner,78642.0,0,1,2013-04-21,83,1396,0,322,46,35,17,1,4,9,4,6,0,0,0,0,0,0,0,43,1816,1,1,3,1,18,0,434,2
1949,Postgraduate,Partner,67911.0,0,1,2014-05-22,63,529,0,356,63,28,0,3,6,7,11,3,0,0,0,0,0,0,0,65,976,1,1,3,1,27,0,38,2
1944,Graduate,Partner,65275.0,0,0,2013-04-03,9,388,14,218,91,14,21,1,4,3,13,2,0,0,0,0,0,0,0,70,746,0,1,2,0,21,0,452,1
1950,Graduate,Partner,27203.0,1,1,2012-08-06,92,13,2,21,4,0,24,2,1,1,2,8,0,0,0,0,0,0,0,64,64,2,1,4,1,6,0,692,1
1961,Postgraduate,Partner,48330.0,0,1,2013-11-15,2,28,0,4,0,0,0,1,1,0,3,5,0,0,0,0,0,0,0,53,32,1,1,3,1,5,0,226,2
1990,Undergraduate,Partner,24279.0,0,0,2012-12-29,6,16,36,21,20,62,108,1,4,1,3,8,0,0,0,0,0,0,0,24,263,0,1,2,0,9,0,547,0
1985,Postgraduate,Partner,64355.0,1,0,2012-08-24,66,1047,0,140,67,38,153,2,4,3,12,8,0,0,0,0,0,0,0,29,1445,1,1,3,1,21,0,674,2
1953,Graduate,Single,53653.0,0,0,2012-11-07,29,815,10,239,28,10,108,2,10,4,12,6,0,0,0,0,0,0,0,61,1210,0,0,1,0,28,0,599,1
1976,Graduate,Partner,65665.0,0,1,2013-12-02,77,225,162,387,106,36,29,1,5,10,8,3,0,0,0,0,0,0,0,38,945,1,1,3,1,24,0,209,1
1989,Graduate,Single,81217.0,0,0,2013-07-19,77,493,70,324,146,40,84,1,3,7,11,1,0,0,0,0,0,0,0,25,1157,0,0,1,0,22,0,345,1
1992,Graduate,Partner,34935.0,0,0,2013-06-21,71,34,4,66,3,10,20,1,2,1,4,7,0,0,0,0,0,0,0,22,137,0,1,2,0,8,0,373,1
1959,Graduate,Single,61250.0,0,1,2012-12-16,49,382,138,65,60,26,59,6,5,2,12,5,0,0,0,0,0,0,0,55,730,1,0,2,1,25,0,560,1
1981,Postgraduate,Partner,39665.0,1,0,2013-05-25,97,127,1,56,0,1,31,3,4,2,3,7,1,0,0,0,0,0,0,33,216,1,1,3,1,12,1,400,2
1979,Graduate,Single,60152.0,0,1,2013-03-28,6,325,83,300,86,58,91,1,6,4,12,3,0,0,0,0,0,0,0,35,943,1,0,2,1,23,0,458,1
1964,Graduate,Partner,48920.0,0,2,2013-10-20,93,238,17,68,8,10,6,3,6,2,5,7,0,1,0,0,0,0,0,50,347,2,1,4,1,16,1,252,1
1959,Postgraduate,Partner,89120.0,0,0,2014-03-17,78,1168,92,408,72,129,55,1,5,6,7,1,0,0,1,0,0,0,0,55,1924,0,1,2,0,19,1,104,2
1946,Postgraduate,Partner,44124.0,0,1,2013-05-11,62,284,0,55,0,6,52,4,6,2,5,8,0,0,0,0,0,0,0,68,397,1,1,3,1,17,0,414,2
1975,Postgraduate,Single,81169.0,0,0,2013-04-14,47,1288,20,613,80,61,27,1,5,7,9,2,0,0,0,0,0,0,0,39,2089,0,0,1,0,22,0,441,2
1961,Graduate,Partner,36443.0,1,1,2013-02-03,9,65,0,46,4,3,20,4,3,1,3,8,0,0,0,0,0,0,0,53,138,2,1,4,1,11,0,511,1
1990,Graduate,Single,26095.0,1,0,2013-06-30,77,11,7,9,3,1,11,1,1,0,3,7,0,0,0,0,0,0,0,24,42,1,0,2,1,5,0,364,1
1959,Graduate,Partner,71367.0,0,0,2013-08-23,24,227,23,389,42,21,75,1,4,5,7,2,0,0,0,0,0,0,0,55,777,0,1,2,0,17,0,310,1
1944,Postgraduate,Partner,80184.0,0,0,2014-03-01,19,1035,134,670,25,38,0,1,6,3,10,3,0,0,1,1,0,0,0,70,1902,0,1,2,0,20,2,120,2
1965,Graduate,Single,30630.0,1,1,2014-01-27,67,27,1,12,2,0,10,2,2,0,3,7,0,0,0,0,0,0,0,49,52,2,0,3,1,7,0,153,1
1987,Postgraduate,Single,73454.0,0,0,2014-03-01,95,982,73,351,56,14,175,1,2,4,6,5,1,0,0,0,0,0,0,27,1651,0,0,1,0,13,1,120,2
1991,Graduate,Partner,42691.0,0,0,2013-08-16,48,179,2,64,38,17,58,1,5,1,6,5,0,0,0,0,0,0,0,23,358,0,1,2,0,13,0,317,1
1953,Graduate,Partner,70503.0,0,0,2012-09-30,73,1379,33,216,0,33,66,1,2,4,9,6,0,1,1,0,0,0,0,61,1727,0,1,2,0,16,2,637,1
1987,Graduate,Partner,25545.0,1,0,2012-09-08,35,32,1,64,16,12,85,3,2,2,3,6,0,0,0,0,0,0,1,27,210,1,1,3,1,10,0,659,1
1986,Graduate,Partner,32880.0,1,0,2012-12-04,76,8,4,15,7,6,2,1,1,0,3,8,0,0,0,0,0,0,0,28,42,1,1,3,1,5,0,572,1
1958,Postgraduate,Partner,77863.0,0,0,2013-11-27,20,881,38,319,16,25,12,1,4,5,10,2,0,0,0,0,0,0,0,56,1291,0,1,2,0,20,0,214,2
1977,Postgraduate,Partner,50353.0,0,0,2014-06-08,72,141,15,153,67,31,35,1,4,4,6,3,0,0,0,0,0,0,0,37,442,0,1,2,0,15,0,21,2
1964,Graduate,Single,61839.0,0,0,2012-08-12,20,1000,155,379,224,17,120,1,4,8,4,8,0,0,0,0,0,0,0,50,1895,0,0,1,0,17,0,686,1
1960,Postgraduate,Partner,49154.0,1,1,2013-11-03,69,206,10,67,30,27,71,6,4,1,8,6,0,0,0,0,0,0,0,54,411,2,1,4,1,19,0,238,2
1975,Undergraduate,Single,47682.0,0,1,2013-02-15,80,162,61,83,97,57,61,4,4,3,8,5,0,0,0,0,0,0,0,39,521,1,0,2,1,19,0,499,0
1969,Graduate,Single,72679.0,0,1,2013-09-18,65,619,54,260,127,54,54,1,4,7,5,1,0,0,0,0,0,0,0,45,1168,1,0,2,1,17,0,284,1
1977,Postgraduate,Partner,57954.0,1,1,2014-06-18,52,456,4,24,0,0,9,7,8,2,6,7,0,1,0,0,0,0,0,37,493,2,1,4,1,23,1,11,2
1962,Graduate,Partner,65316.0,1,1,2013-04-24,65,112,6,92,3,9,38,2,3,2,5,4,0,0,0,0,0,0,0,52,260,2,1,4,1,12,0,431,1
1982,Graduate,Single,28567.0,1,0,2013-06-17,57,11,3,22,2,2,6,2,2,0,3,6,0,0,0,0,0,0,0,32,46,1,0,2,1,7,0,377,1
1951,Postgraduate,Partner,47352.0,0,1,2013-04-11,70,172,12,112,8,0,15,4,6,1,5,7,0,0,0,0,0,0,0,63,319,1,1,3,1,16,0,444,2
1967,Graduate,Partner,44931.0,0,1,2014-01-18,0,78,0,11,0,0,7,1,2,1,3,5,0,0,0,0,0,0,0,47,96,1,1,3,1,7,0,162,1
1967,Graduate,Single,76982.0,0,0,2014-02-15,19,464,151,292,65,60,30,1,8,3,4,4,0,0,1,0,0,0,1,47,1062,0,0,1,0,16,1,134,1
1952,Undergraduate,Partner,57247.0,0,1,2013-08-08,50,99,4,32,37,54,6,2,2,1,7,2,0,0,0,0,0,0,0,62,232,1,1,3,1,12,0,325,0
1981,Postgraduate,Single,22944.0,1,0,2013-12-23,67,19,3,19,4,5,26,3,3,0,3,7,0,0,0,0,0,0,0,33,76,1,0,2,1,9,0,188,2
1977,Undergraduate,Partner,25315.0,1,0,2013-11-07,46,1,9,8,11,3,22,3,3,0,3,8,0,0,0,0,0,0,0,37,54,1,1,3,1,9,0,234,0
1969,Graduate,Single,43638.0,0,1,2012-08-06,37,63,10,83,7,19,19,2,4,1,4,7,0,0,0,0,0,0,0,45,201,1,0,2,1,11,0,692,1
1984,Postgraduate,Single,42710.0,1,0,2012-11-28,38,252,3,42,4,3,102,2,4,5,3,6,0,0,0,0,0,0,0,30,406,1,0,2,1,14,0,578,2
1982,Postgraduate,Partner,84169.0,0,0,2013-08-07,9,1478,19,403,0,19,0,1,7,6,6,3,0,1,1,0,0,0,1,32,1919,0,1,2,0,20,2,326,2
1976,Graduate,Partner,54058.0,0,1,2013-06-04,56,198,18,252,32,108,54,2,4,6,8,3,0,0,0,0,0,0,0,38,662,1,1,3,1,20,0,390,1
1990,Undergraduate,Partner,24683.0,1,0,2014-03-08,98,8,4,10,6,7,6,2,2,0,4,5,0,0,0,0,0,0,0,24,41,1,1,3,1,8,0,113,0
1964,Graduate,Single,85620.0,0,0,2014-01-07,68,416,46,925,60,107,46,1,3,6,4,1,0,0,0,0,0,0,1,50,1600,0,0,1,0,14,0,173,1
1980,Graduate,Partner,47850.0,1,0,2013-12-03,72,42,7,43,20,12,10,1,3,0,4,6,0,0,0,0,0,0,0,34,134,1,1,3,1,8,0,208,1
1968,Graduate,Partner,19514.0,1,1,2014-01-26,47,14,3,21,2,1,28,4,3,1,2,8,1,0,0,0,0,0,1,46,69,2,1,4,1,10,1,154,1
1973,Postgraduate,Partner,27159.0,1,1,2014-03-29,33,17,0,3,0,0,1,2,1,0,3,6,0,0,0,0,0,0,0,41,21,2,1,4,1,6,0,92,2
1963,Undergraduate,Single,39548.0,1,1,2014-03-31,87,15,4,10,3,4,18,2,1,1,3,3,0,0,0,0,0,0,0,51,54,2,0,3,1,7,0,90,0
1989,Graduate,Single,21474.0,1,0,2014-04-08,0,6,16,24,11,0,34,2,3,1,2,7,1,0,0,0,0,0,1,25,91,1,0,2,1,8,1,82,1
1971,Postgraduate,Single,60504.0,0,1,2014-02-07,73,458,0,24,6,4,34,2,6,2,8,6,0,0,0,0,0,0,0,43,526,1,0,2,1,18,0,142,2
1963,Graduate,Partner,22419.0,0,0,2013-04-18,74,30,3,47,19,21,42,1,3,2,2,8,0,0,0,0,0,0,0,51,162,0,1,2,0,8,0,437,1
1949,Postgraduate,Partner,81698.0,0,0,2013-11-06,4,179,28,520,111,123,47,1,3,8,13,1,0,0,0,0,0,0,1,65,1008,0,1,2,0,25,0,235,2
1952,Graduate,Partner,43462.0,1,1,2012-09-12,50,90,17,97,15,6,15,6,4,1,5,8,0,0,0,0,0,0,0,62,240,2,1,4,1,16,0,655,1
1978,Postgraduate,Single,54880.0,1,0,2013-03-01,57,308,85,137,102,45,118,2,6,2,11,5,0,0,0,0,0,0,0,36,795,1,0,2,1,21,0,485,2
1982,Graduate,Partner,79908.0,0,0,2013-04-05,30,557,129,761,29,185,111,1,5,6,7,2,0,0,1,0,0,0,0,32,1772,0,1,2,0,19,1,450,1
1970,Undergraduate,Partner,15315.0,0,0,2013-08-03,27,7,4,13,15,8,17,2,2,0,4,5,0,0,0,0,0,0,0,44,64,0,1,2,0,8,0,330,0
1959,Graduate,Partner,87771.0,0,1,2013-05-22,61,1492,38,287,50,57,33,1,5,10,4,6,0,1,1,1,1,0,1,55,1957,1,1,3,1,20,4,403,1
1978,Graduate,Partner,33039.0,1,0,2013-09-09,4,30,8,12,8,8,12,1,2,0,4,5,0,0,0,0,0,0,0,36,78,1,1,3,1,7,0,293,1
1980,Graduate,Single,81741.0,0,0,2013-06-16,75,249,153,940,58,134,38,0,6,6,7,2,0,0,0,0,0,0,0,34,1572,0,0,1,0,19,0,378,1
1971,Postgraduate,Partner,71499.0,0,1,2013-06-25,12,465,25,132,136,0,37,2,8,3,13,4,0,0,0,0,0,0,0,43,795,1,1,3,1,26,0,369,2
1970,Undergraduate,Partner,62466.0,0,1,2014-01-15,13,129,129,259,168,121,83,5,6,3,12,4,0,0,0,0,0,0,0,44,889,1,1,3,1,26,0,165,0
1963,Postgraduate,Single,48799.0,0,1,2013-11-05,9,174,18,81,28,6,24,3,3,2,7,3,0,0,0,0,0,0,0,51,331,1,0,2,1,15,0,236,2
1950,Postgraduate,Partner,52157.0,0,1,2014-06-07,48,189,2,29,3,2,40,2,3,2,5,4,0,0,0,0,0,0,0,64,265,1,1,3,1,12,0,22,2
1962,Graduate,Single,66565.0,0,1,2012-12-05,80,747,10,161,65,40,42,4,4,2,9,8,0,0,0,0,0,0,0,52,1065,1,0,2,1,19,0,571,1
1951,Postgraduate,Partner,29298.0,1,1,2013-09-07,60,6,0,2,2,0,1,1,1,0,2,5,0,0,0,0,0,0,0,63,11,2,1,4,1,4,0,295,2
1979,Graduate,Single,47691.0,0,1,2013-07-05,43,14,0,3,0,0,4,1,1,0,2,6,0,0,0,0,0,0,0,35,21,1,0,2,1,4,0,359,1
1970,Graduate,Partner,38200.0,1,1,2012-12-07,19,12,0,4,0,0,1,1,1,0,2,7,0,0,0,0,0,0,0,44,17,2,1,4,1,4,0,569,1
1974,Graduate,Partner,44989.0,0,1,2012-09-12,26,98,0,106,49,10,106,5,5,1,5,6,0,0,0,0,0,0,0,40,369,1,1,3,1,16,0,655,1
1968,Postgraduate,Partner,38443.0,1,1,2014-01-27,58,32,0,5,0,0,1,2,1,0,3,7,0,0,0,0,0,0,0,46,38,2,1,4,1,6,0,153,2
1978,Undergraduate,Single,38593.0,1,0,2013-09-13,42,51,12,49,17,24,24,3,4,1,3,8,0,0,0,0,0,0,0,36,177,1,0,2,1,11,0,289,0
1970,Postgraduate,Partner,64413.0,0,1,2013-08-01,27,200,5,44,0,10,20,1,5,1,5,5,0,0,0,0,0,0,0,44,279,1,1,3,1,12,0,332,2
1981,Postgraduate,Partner,36959.0,1,0,2013-10-02,56,25,6,25,6,0,0,2,2,0,3,8,0,0,0,0,0,0,0,33,62,1,1,3,1,7,0,270,2
1977,Postgraduate,Partner,61996.0,0,1,2013-01-31,27,1050,12,144,0,0,24,3,6,4,8,5,0,1,0,1,1,0,1,37,1230,1,1,3,1,21,3,514,2
1968,Graduate,Partner,51287.0,1,1,2014-04-01,10,117,0,22,13,0,30,3,4,1,3,7,0,0,0,0,0,0,0,46,182,2,1,4,1,11,0,89,1
1970,Graduate,Partner,13260.0,1,1,2013-08-23,48,9,4,17,10,2,7,4,3,0,3,8,0,0,0,0,0,0,0,44,49,2,1,4,1,10,0,310,1
1966,Postgraduate,Partner,47472.0,1,1,2013-09-16,39,56,0,11,0,0,8,2,2,0,4,5,0,0,0,0,0,0,0,48,75,2,1,4,1,8,0,286,2
1956,Postgraduate,Partner,54603.0,1,1,2013-07-09,85,145,13,46,17,2,4,6,4,2,4,7,0,0,0,0,0,0,0,58,227,2,1,4,1,16,0,355,2
1974,Postgraduate,Partner,45207.0,1,1,2012-11-10,64,203,0,10,0,0,2,5,3,1,6,6,0,1,0,0,0,0,0,40,215,2,1,4,1,15,1,596,2
1967,Undergraduate,Partner,47821.0,1,1,2013-10-20,54,9,0,16,6,6,10,1,1,0,3,8,0,0,0,0,0,0,0,47,47,2,1,4,1,5,0,252,0
1951,Postgraduate,Partner,27450.0,0,0,2013-04-15,57,37,12,23,8,11,52,1,2,1,3,7,0,0,0,0,0,0,0,63,143,0,1,2,0,7,0,440,2
1983,Graduate,Partner,39453.0,1,0,2014-04-03,64,46,0,7,0,0,2,2,2,0,3,6,0,0,0,0,0,0,0,31,55,1,1,3,1,7,0,87,1
1971,Undergraduate,Partner,26850.0,1,1,2014-04-18,10,31,1,13,7,2,9,4,2,1,4,4,0,0,0,0,0,0,0,43,63,2,1,4,1,11,0,72,0
1955,Graduate,Single,79800.0,0,0,2012-09-23,65,1060,21,530,32,0,224,1,5,11,5,3,1,0,1,1,0,0,1,59,1867,0,0,1,0,22,3,644,1
1961,Postgraduate,Partner,61794.0,0,1,2013-09-14,74,264,47,188,54,47,11,2,4,4,10,2,0,0,0,0,0,0,0,53,611,1,1,3,1,20,0,288,2
1955,Graduate,Partner,53863.0,0,1,2014-05-17,4,399,4,30,6,4,30,3,7,1,7,7,0,1,0,0,0,0,0,59,473,1,1,3,1,18,1,43,1
1959,Graduate,Partner,24221.0,0,0,2013-08-20,94,8,9,9,2,5,22,1,1,1,3,4,0,0,0,0,0,0,0,55,55,0,1,2,0,6,0,313,1
1984,Postgraduate,Single,39684.0,1,0,2012-10-12,41,19,0,35,6,4,17,2,2,1,2,7,0,0,0,0,0,1,1,30,81,1,0,2,1,7,0,625,2
1975,Postgraduate,Partner,92163.0,0,0,2012-12-12,25,817,183,797,106,163,20,0,5,11,5,2,0,0,1,1,0,0,1,39,2086,0,1,2,0,21,2,564,2
1965,Postgraduate,Single,69882.0,0,0,2013-11-10,94,292,127,635,132,127,165,1,3,7,9,1,0,0,0,0,0,0,0,49,1478,0,0,1,0,20,0,231,2
1977,Graduate,Partner,33178.0,1,0,2014-01-30,9,12,6,2,11,2,16,1,1,0,3,4,0,0,0,0,0,0,0,37,49,1,1,3,1,5,0,150,1
1972,Postgraduate,Partner,59973.0,0,0,2013-09-11,47,130,30,168,20,34,0,1,3,4,7,1,0,0,0,0,0,0,0,42,382,0,1,2,0,15,0,291,2
1975,Postgraduate,Partner,17459.0,1,0,2013-09-19,12,6,4,16,3,10,30,3,3,1,2,7,0,0,0,0,0,0,1,39,69,1,1,3,1,9,0,283,2
1969,Graduate,Single,23910.0,1,0,2012-10-26,80,16,12,18,7,1,13,1,2,0,3,7,0,0,0,0,0,0,0,45,67,1,0,2,1,6,0,611,1
1969,Postgraduate,Partner,42169.0,1,1,2013-10-19,20,19,0,9,0,0,2,2,1,0,3,8,0,0,0,0,0,0,0,45,30,2,1,4,1,6,0,253,2
1978,Undergraduate,Partner,26224.0,1,0,2013-06-04,39,4,7,15,13,9,15,3,2,1,3,6,0,0,0,0,0,0,0,36,63,1,1,3,1,9,0,390,0
1981,Graduate,Partner,31089.0,1,0,2012-08-17,57,31,3,31,2,8,4,3,3,0,4,8,0,0,0,0,0,0,0,33,79,1,1,3,1,10,0,681,1
1961,Graduate,Single,30081.0,0,1,2013-02-21,27,36,0,2,0,0,4,1,1,0,3,7,0,0,0,0,0,0,0,53,42,1,0,2,1,5,0,493,1
1960,Graduate,Partner,62807.0,0,1,2012-08-31,83,526,28,135,10,21,99,3,5,3,12,5,0,0,0,0,0,0,0,54,819,1,1,3,1,23,0,667,1
1955,Graduate,Single,72906.0,0,0,2013-09-17,79,400,32,519,71,75,54,1,3,4,9,1,0,0,0,0,0,0,0,59,1151,0,0,1,0,17,0,285,1
1948,Postgraduate,Partner,61467.0,0,2,2012-12-09,69,410,16,114,0,5,49,3,5,2,10,5,0,0,0,0,0,0,0,66,594,2,1,4,1,20,0,567,2
1966,Postgraduate,Partner,49618.0,1,1,2013-01-26,77,80,3,26,4,2,14,4,3,1,3,7,0,0,0,0,0,0,0,48,129,2,1,4,1,11,0,519,2
1986,Postgraduate,Single,21888.0,1,0,2012-12-29,15,88,10,46,2,3,64,4,5,1,2,10,0,0,0,0,0,0,1,28,213,1,0,2,1,12,0,547,2
1956,Graduate,Single,26150.0,2,1,2013-03-11,61,5,1,13,3,5,1,1,1,0,3,7,0,0,0,0,0,0,0,58,28,3,0,4,1,5,0,475,1
1975,Undergraduate,Partner,30801.0,0,1,2012-10-26,23,8,4,5,15,2,11,2,1,0,3,7,0,0,0,0,0,0,0,39,45,1,1,3,1,6,0,611,0
1965,Graduate,Partner,81168.0,0,0,2014-05-07,84,410,0,592,147,22,22,1,6,4,7,3,0,0,0,1,0,0,0,49,1193,0,1,2,0,18,1,53,1
1969,Postgraduate,Single,26877.0,0,0,2013-08-19,74,101,13,76,20,18,40,2,3,1,6,6,0,0,0,0,0,0,0,45,268,0,0,1,0,12,0,314,2
1944,Postgraduate,Single,45006.0,0,0,2013-07-18,90,162,25,53,16,0,10,1,3,1,7,3,0,0,0,0,0,0,0,70,266,0,0,1,0,12,0,346,2
1973,Undergraduate,Partner,18978.0,1,0,2012-12-11,41,2,8,1,4,7,15,1,1,0,3,8,0,0,0,0,0,0,0,41,37,1,1,3,1,5,0,565,0
1969,Postgraduate,Single,48240.0,0,0,2012-11-09,73,389,91,248,64,49,41,3,6,3,13,5,0,0,0,0,0,0,1,45,882,0,0,1,0,25,0,597,2
1974,Graduate,Partner,45837.0,1,1,2013-07-26,88,215,13,87,17,17,24,5,6,2,5,7,0,0,0,0,0,0,0,40,373,2,1,4,1,18,0,338,1
1965,Postgraduate,Single,35791.0,2,1,2013-05-06,94,27,0,5,0,0,3,2,1,0,3,8,0,0,0,0,0,0,0,49,35,3,0,4,1,6,0,419,2
1976,Postgraduate,Partner,162397.0,1,1,2013-06-03,31,85,1,16,2,1,2,0,0,0,1,1,0,0,0,0,0,0,0,38,107,2,1,4,1,1,0,391,2
1978,Graduate,Single,54162.0,1,1,2013-03-18,31,5,6,10,6,5,10,1,1,0,3,4,0,0,0,0,0,0,0,36,42,2,0,3,1,5,0,468,1
1960,Postgraduate,Partner,30522.0,0,1,2012-08-17,6,179,8,83,19,11,26,5,1,2,9,2,0,0,0,0,0,0,0,54,326,1,1,3,1,17,0,681,2
1961,Postgraduate,Partner,54456.0,0,1,2013-07-11,23,352,0,27,10,0,15,3,6,1,7,6,0,0,0,0,0,0,0,53,404,1,1,3,1,17,0,353,2
1971,Graduate,Single,31632.0,0,0,2013-07-14,92,17,8,12,11,15,32,1,2,1,2,7,0,0,0,0,0,0,0,43,95,0,0,1,0,6,0,350,1
1949,Graduate,Single,72298.0,0,0,2014-03-10,52,625,35,169,58,17,35,1,4,3,6,1,0,1,1,0,0,0,0,65,939,0,0,1,0,14,2,111,1
1978,Undergraduate,Single,36975.0,1,0,2013-12-28,50,10,6,11,0,4,2,1,1,0,3,7,0,0,0,0,0,0,0,36,33,1,0,2,1,5,0,183,0
1955,Undergraduate,Partner,72635.0,0,0,2013-06-03,54,390,22,323,104,35,107,1,6,8,6,3,0,0,0,1,0,0,0,59,981,0,1,2,0,21,1,391,0
1976,Graduate,Partner,13624.0,1,0,2013-01-20,93,10,2,15,2,1,6,2,2,0,3,6,0,0,0,0,0,0,0,38,36,1,1,3,1,7,0,525,1
1975,Graduate,Single,84196.0,0,1,2013-06-03,56,215,63,507,231,31,190,1,8,4,7,3,0,0,0,0,0,0,0,39,1237,1,0,2,1,20,0,391,1
1960,Graduate,Partner,70971.0,0,1,2012-09-21,28,1001,17,572,93,125,17,7,11,11,5,7,0,0,0,0,0,0,1,54,1825,1,1,3,1,34,0,646,1
1977,Postgraduate,Single,34487.0,1,1,2012-09-06,94,19,18,33,24,1,8,3,3,0,3,9,0,0,0,0,0,0,0,37,103,2,0,3,1,9,0,661,2
1977,Graduate,Single,28769.0,1,0,2012-12-18,76,41,5,129,10,3,3,3,4,1,4,9,0,0,0,0,0,0,0,37,191,1,0,2,1,12,0,558,1
1970,Postgraduate,Partner,69084.0,1,0,2013-11-19,43,1181,107,199,39,30,30,2,7,3,13,8,0,0,0,0,0,0,0,44,1586,1,1,3,1,25,0,222,2
1958,Postgraduate,Partner,65488.0,0,0,2014-06-13,46,603,45,207,36,18,54,1,3,4,6,1,0,0,0,0,0,0,0,56,963,0,1,2,0,14,0,16,2
1960,Undergraduate,Single,32218.0,0,0,2014-02-15,27,10,24,15,13,1,30,1,2,1,3,7,1,0,0,0,0,0,1,54,93,0,0,1,0,7,1,134,0
1973,Graduate,Single,83917.0,0,0,2013-04-18,12,514,22,732,42,198,79,1,6,7,7,3,0,0,0,0,0,0,1,41,1587,0,0,1,0,21,0,437,1
1962,Graduate,Single,46102.0,2,1,2014-03-10,3,14,0,1,0,0,1,1,1,0,2,7,0,0,0,0,0,0,0,52,16,3,0,4,1,4,0,111,1
1952,Graduate,Single,84574.0,0,0,2013-06-04,72,387,20,713,38,54,163,1,9,11,11,5,0,0,0,0,0,0,0,62,1375,0,0,1,0,32,0,390,1
1962,Graduate,Partner,56181.0,0,1,2013-01-08,6,121,103,69,8,44,48,1,4,2,7,4,0,0,0,0,0,0,0,52,393,1,1,3,1,14,0,537,1
1950,Postgraduate,Single,63120.0,0,1,2012-09-28,53,965,69,279,54,41,69,5,8,4,9,7,0,0,0,0,0,0,1,64,1477,1,0,2,1,26,0,639,2
1971,Graduate,Partner,73691.0,0,1,2013-11-06,58,707,21,250,85,43,73,2,6,2,8,2,1,0,0,0,0,0,0,43,1179,1,1,3,1,18,1,235,1
1948,Postgraduate,Partner,76140.0,0,0,2014-05-13,57,586,66,653,17,0,26,1,5,9,6,2,0,0,0,0,0,0,0,66,1348,0,1,2,0,21,0,47,2
1959,Postgraduate,Single,62859.0,0,1,2012-12-30,37,1063,89,102,16,12,25,4,9,4,6,6,0,0,0,0,0,0,0,55,1307,1,0,2,1,23,0,546,2
1964,Graduate,Single,45906.0,0,1,2013-05-07,20,305,3,27,4,3,144,2,5,4,4,5,1,0,0,0,0,0,0,50,486,1,0,2,1,15,1,418,1
1947,Postgraduate,Partner,77632.0,0,0,2013-03-10,73,1200,105,758,0,42,147,1,4,2,6,2,0,1,1,0,0,0,1,67,2252,0,1,2,0,13,2,476,2
1971,Postgraduate,Partner,46463.0,1,1,2013-08-18,56,163,2,40,8,11,11,7,3,1,6,6,0,0,0,0,0,0,0,43,235,2,1,4,1,17,0,315,2
1970,Graduate,Partner,105471.0,0,0,2013-01-21,36,1009,181,104,202,21,207,0,9,8,13,3,0,0,1,1,0,0,1,44,1724,0,1,2,0,30,2,524,1
1970,Postgraduate,Single,55282.0,1,0,2013-12-13,9,125,6,73,8,4,19,1,3,1,6,4,0,0,0,0,0,0,0,44,235,1,0,2,1,11,0,198,2
1977,Postgraduate,Partner,78710.0,0,1,2014-05-23,42,721,0,152,119,50,50,3,7,6,12,4,0,0,0,0,0,0,0,37,1092,1,1,3,1,28,0,37,2
1958,Graduate,Partner,66886.0,0,1,2013-09-16,28,315,4,62,41,31,146,2,7,1,7,5,0,0,0,0,0,0,0,56,599,1,1,3,1,17,0,286,1
1960,Postgraduate,Single,98777.0,0,0,2014-02-17,23,1000,19,711,125,115,38,0,4,6,9,1,0,1,0,0,0,0,0,54,2008,0,0,1,0,19,1,132,2
1985,Graduate,Partner,29103.0,1,0,2012-08-27,38,16,0,17,6,3,6,2,1,0,3,9,0,0,0,0,0,0,0,29,48,1,1,3,1,6,0,671,1
1974,Graduate,Partner,67445.0,0,1,2012-08-12,63,757,80,217,29,80,11,5,9,6,12,6,0,0,0,0,0,0,0,40,1174,1,1,3,1,32,0,686,1
1950,Postgraduate,Partner,50616.0,0,1,2014-04-13,71,30,2,25,0,1,9,1,1,1,4,2,0,0,0,0,0,0,0,64,67,1,1,3,1,7,0,77,2
1955,Graduate,Single,49431.0,0,1,2012-08-03,9,219,3,100,26,0,17,2,7,1,5,8,0,0,0,0,0,0,0,59,365,1,0,2,1,15,0,695,1
1975,Graduate,Single,153924.0,0,0,2014-02-07,81,1,1,1,1,1,1,0,0,0,0,0,0,0,0,0,0,0,0,39,6,0,0,1,0,0,0,142,1
1953,Graduate,Partner,61278.0,0,1,2014-01-04,87,111,3,28,2,6,15,2,3,1,4,6,0,0,0,0,0,0,0,61,165,1,1,3,1,10,0,176,1
1947,Postgraduate,Partner,73059.0,0,1,2013-08-31,36,410,112,420,0,82,71,1,9,3,13,4,0,0,0,0,0,0,0,67,1095,1,1,3,1,26,0,302,2
1966,Postgraduate,Single,46734.0,1,2,2013-10-21,86,100,1,39,6,1,76,4,3,2,3,6,1,0,0,0,0,0,0,48,223,3,0,4,1,12,1,251,2
1963,Graduate,Partner,56253.0,0,1,2012-12-07,83,509,0,65,7,11,5,4,7,2,9,6,0,0,0,0,0,0,0,51,597,1,1,3,1,22,0,569,1
1975,Graduate,Single,58330.0,0,1,2013-12-25,87,445,53,213,104,98,151,1,6,4,13,4,0,0,0,0,0,0,0,39,1064,1,0,2,1,24,0,186,1
1980,Undergraduate,Partner,25965.0,0,0,2012-09-07,29,2,2,11,41,7,11,1,2,0,3,8,0,0,0,0,0,0,0,34,74,0,1,2,0,6,0,660,0
1956,Postgraduate,Partner,14661.0,0,0,2013-01-01,88,4,1,11,6,2,2,1,1,0,3,6,0,0,0,0,0,0,0,58,26,0,1,2,0,5,0,544,2
1959,Graduate,Partner,18690.0,0,0,2012-12-28,77,6,1,7,23,4,19,1,1,1,2,8,0,0,0,0,0,0,0,55,60,0,1,2,0,5,0,548,1
1974,Postgraduate,Partner,45068.0,0,1,2013-05-16,25,14,0,3,0,0,3,1,1,0,2,7,0,0,0,0,0,0,0,40,20,1,1,3,1,4,0,409,2
1987,Undergraduate,Single,21063.0,1,0,2013-09-25,34,1,10,11,19,3,15,2,2,0,3,6,0,0,0,0,0,0,0,27,59,1,0,2,1,7,0,277,0
1968,Postgraduate,Partner,29187.0,1,0,2013-05-09,43,26,0,6,0,0,2,1,1,0,3,8,0,0,0,0,0,0,0,46,34,1,1,3,1,5,0,416,2
1971,Undergraduate,Partner,54690.0,1,1,2013-11-07,76,111,16,37,7,9,18,3,3,1,5,3,0,0,0,0,0,0,0,43,198,2,1,4,1,12,0,234,0
1964,Postgraduate,Partner,59304.0,0,1,2013-07-29,81,418,61,428,80,51,10,3,7,8,10,5,0,0,0,0,0,0,0,50,1048,1,1,3,1,28,0,335,2
1962,Postgraduate,Single,59247.0,0,2,2013-11-08,87,327,9,122,19,14,83,5,5,2,9,6,0,0,0,0,0,0,0,52,574,2,0,3,1,21,0,233,2
1970,Graduate,Single,66731.0,0,1,2012-09-12,33,371,159,194,58,106,141,4,4,3,6,3,0,0,0,0,0,0,0,44,1029,1,0,2,1,17,0,655,1
1980,Graduate,Partner,77353.0,0,1,2013-12-16,38,275,59,107,69,101,59,2,6,4,8,4,0,0,0,0,0,0,0,34,670,1,1,3,1,20,0,195,1
1974,Graduate,Partner,26751.0,2,0,2014-05-22,26,1,1,5,0,3,1,1,1,0,2,8,0,0,0,0,0,0,0,40,11,2,1,4,1,4,0,38,1
1963,Postgraduate,Partner,81300.0,0,1,2012-10-30,17,1004,12,145,32,12,36,3,10,3,5,5,0,0,0,1,0,0,1,51,1241,1,1,3,1,21,1,607,2
1979,Graduate,Single,70337.0,0,0,2014-01-02,75,187,81,149,25,43,91,1,2,2,12,1,0,0,0,0,0,0,0,35,576,0,0,1,0,17,0,178,1
1985,Undergraduate,Partner,36145.0,1,0,2013-06-16,13,56,4,76,17,1,18,4,4,1,3,9,1,0,0,0,0,0,1,29,172,1,1,3,1,12,1,378,0
1980,Postgraduate,Single,65295.0,0,0,2013-12-23,19,365,32,117,34,110,6,1,3,3,13,2,0,0,0,0,0,0,0,34,664,0,0,1,0,20,0,188,2
1963,Graduate,Single,68118.0,0,1,2013-10-18,51,595,23,123,10,23,154,2,8,9,4,6,0,0,0,0,0,0,0,51,928,1,0,2,1,23,0,254,1
1967,Graduate,Single,68743.0,0,0,2012-08-30,81,1132,134,384,175,134,115,1,11,5,13,7,0,0,0,0,0,0,0,47,2074,0,0,1,0,30,0,668,1
1982,Undergraduate,Partner,41039.0,0,0,2013-07-25,32,34,11,137,179,61,45,1,8,1,5,8,0,0,0,0,0,0,0,32,467,0,1,2,0,15,0,339,0
1955,Graduate,Partner,38946.0,0,1,2013-10-24,84,116,6,82,6,6,41,2,3,1,6,5,0,0,0,0,0,0,0,59,257,1,1,3,1,12,0,248,1
1967,Graduate,Partner,65777.0,0,0,2013-12-19,87,565,32,435,28,32,54,1,2,8,6,1,0,0,0,0,0,0,0,47,1146,0,1,2,0,17,0,192,1
1976,Postgraduate,Single,66476.0,0,1,2013-03-07,99,372,18,126,47,48,78,2,5,2,11,4,0,0,0,0,0,0,0,38,689,1,0,2,1,20,0,479,2
1972,Postgraduate,Single,86857.0,0,0,2012-09-12,96,899,102,838,133,102,40,1,5,6,10,2,0,0,0,0,0,0,1,42,2114,0,0,1,0,22,0,655,2
1982,Postgraduate,Partner,160803.0,0,0,2012-08-04,21,55,16,1622,17,3,4,15,0,28,1,0,0,0,0,0,0,0,0,32,1717,0,1,2,0,44,0,694,2
1989,Postgraduate,Partner,77845.0,0,0,2014-05-16,40,760,40,480,0,40,26,1,3,5,12,1,0,0,1,1,0,0,0,25,1346,0,1,2,0,21,2,44,2
1969,Postgraduate,Partner,69476.0,0,0,2013-09-30,3,260,86,559,63,9,67,1,4,6,4,2,0,0,0,0,0,0,0,45,1044,0,1,2,0,15,0,272,2
1960,Postgraduate,Single,50611.0,0,1,2012-10-04,98,459,0,24,6,0,4,6,4,5,7,6,0,1,0,0,0,0,1,54,493,1,0,2,1,22,1,633,2
1970,Graduate,Single,61209.0,0,0,2013-08-25,73,466,0,224,119,49,99,1,5,3,4,2,0,0,0,0,0,0,0,44,957,0,0,1,0,13,0,308,1
1958,Postgraduate,Partner,42315.0,0,1,2013-07-12,90,67,15,80,17,11,80,3,1,4,4,3,0,0,0,0,0,0,0,56,270,1,1,3,1,12,0,352,2
1952,Undergraduate,Partner,13084.0,0,0,2013-11-02,29,2,0,7,3,7,10,1,1,0,3,6,0,0,0,0,0,0,0,62,29,0,1,2,0,5,0,239,0
1949,Postgraduate,Single,47570.0,1,1,2013-05-29,3,67,1,20,0,2,31,3,2,2,2,7,0,0,0,0,0,0,1,65,121,2,0,3,1,9,0,396,2
1961,Postgraduate,Partner,61923.0,0,2,2013-07-26,94,92,4,18,3,3,6,1,2,1,4,3,0,0,0,0,0,0,0,53,126,2,1,4,1,8,0,338,2
1995,Graduate,Single,34824.0,0,0,2014-03-26,65,4,2,11,2,0,4,1,1,0,2,6,0,0,0,0,0,0,0,19,23,0,0,1,0,4,0,95,1
1949,Postgraduate,Single,26518.0,1,1,2013-04-08,33,20,1,28,3,3,2,3,2,0,3,8,0,0,0,0,0,0,1,65,57,2,0,3,1,8,0,447,2
1961,Graduate,Single,45938.0,0,0,2013-11-03,46,273,11,178,62,83,29,2,8,4,6,6,0,0,0,0,0,0,0,53,636,0,0,1,0,20,0,238,1
1960,Graduate,Partner,78468.0,0,0,2014-04-09,29,434,22,388,104,22,34,1,10,7,10,4,0,0,0,1,0,0,0,54,1004,0,1,2,0,28,1,81,1
1973,Graduate,Single,78901.0,0,1,2013-09-17,99,321,11,309,33,26,34,3,9,3,5,4,0,0,0,0,0,0,0,41,734,1,0,2,1,20,0,285,1
1978,Graduate,Partner,71427.0,2,0,2014-03-12,26,212,123,177,15,64,23,2,8,2,8,4,0,0,0,0,0,0,0,36,614,2,1,4,1,20,0,109,1
1978,Graduate,Single,71022.0,0,1,2014-02-11,30,909,12,278,0,12,242,3,5,2,11,8,1,0,0,0,0,0,0,36,1453,1,0,2,1,21,1,138,1
1988,Postgraduate,Single,90247.0,0,0,2014-04-29,27,1184,32,352,21,16,16,1,3,4,7,1,0,1,1,1,0,0,1,26,1621,0,0,1,0,15,3,61,2
1968,Postgraduate,Single,41335.0,1,0,2013-12-26,24,112,19,21,16,14,5,3,4,1,4,7,0,0,0,0,0,0,0,46,187,1,0,2,1,12,0,185,2
1970,Postgraduate,Single,35682.0,1,0,2014-06-27,34,23,0,8,6,2,18,1,1,1,3,2,0,0,0,0,0,0,0,44,57,1,0,2,1,6,0,2,2
1951,Graduate,Single,43185.0,0,1,2013-04-10,88,537,6,42,16,6,30,2,9,3,6,8,0,0,0,0,0,0,0,63,637,1,0,2,1,20,0,445,1
1948,Postgraduate,Partner,66375.0,0,1,2013-11-21,96,712,0,45,0,0,191,3,2,4,5,7,1,0,0,0,0,0,0,66,948,1,1,3,1,14,1,220,2
1986,Graduate,Partner,25252.0,1,0,2013-07-12,26,1,3,4,2,2,6,1,1,0,2,8,0,0,0,0,0,0,0,28,18,1,1,3,1,4,0,352,1
1965,Postgraduate,Single,55250.0,0,1,2012-10-21,49,664,58,83,32,0,66,4,7,5,10,5,0,0,0,0,0,0,0,49,903,1,0,2,1,26,0,616,2
1975,Graduate,Single,33249.0,1,0,2013-02-20,11,6,10,21,19,14,42,2,2,1,3,6,0,0,0,0,0,0,0,39,112,1,0,2,1,8,0,494,1
1953,Graduate,Partner,58398.0,0,0,2013-05-14,44,299,5,201,21,21,49,3,5,4,8,4,0,0,0,0,0,0,0,61,596,0,1,2,0,20,0,411,1
1982,Graduate,Partner,50272.0,1,0,2013-08-07,75,99,13,66,43,8,4,3,4,1,5,7,0,0,0,0,0,0,0,32,233,1,1,3,1,13,0,326,1
1975,Postgraduate,Partner,76618.0,0,0,2012-12-07,64,749,40,294,121,160,147,1,3,2,5,1,0,0,0,0,0,0,0,39,1511,0,1,2,0,11,0,569,2
1960,Undergraduate,Single,87305.0,0,0,2012-09-23,19,345,25,501,63,138,80,1,5,3,8,2,0,0,1,0,0,0,1,54,1152,0,0,1,0,17,1,644,0
1978,Graduate,Partner,25851.0,1,0,2013-02-11,45,9,4,18,7,5,5,2,2,0,3,7,0,0,0,0,0,0,0,36,48,1,1,3,1,7,0,503,1
1970,Graduate,Single,58710.0,0,1,2013-03-31,77,440,81,368,0,122,174,6,11,5,9,6,0,0,0,0,0,0,0,44,1185,1,0,2,1,31,0,455,1
1958,Graduate,Single,45160.0,1,1,2014-03-29,9,8,2,5,3,0,3,1,1,0,2,7,0,0,0,0,0,0,0,56,21,2,0,3,1,4,0,92,1
1965,Postgraduate,Partner,74806.0,0,1,2012-12-19,1,670,9,249,0,28,9,2,5,4,5,4,0,0,0,0,0,0,0,49,965,1,1,3,1,16,0,557,2
1954,Graduate,Partner,59111.0,0,0,2013-05-02,90,524,0,134,28,28,155,1,11,1,8,7,0,0,0,0,0,0,0,60,869,0,1,2,0,21,0,423,1
1984,Postgraduate,Partner,18988.0,1,0,2014-05-23,43,6,0,6,2,1,1,2,1,0,3,7,0,0,0,0,0,0,0,30,16,1,1,3,1,6,0,37,2
1965,Graduate,Partner,72190.0,0,0,2013-02-13,79,597,166,597,172,166,249,1,5,6,4,3,0,0,0,0,0,0,0,49,1947,0,1,2,0,16,0,501,1
1976,Graduate,Partner,7500.0,1,0,2012-08-01,19,7,0,12,13,7,32,5,4,1,2,9,1,0,0,0,0,0,1,38,71,1,1,3,1,12,1,697,1
1955,Graduate,Partner,80395.0,0,0,2013-11-23,62,445,25,706,80,76,48,1,6,5,12,2,0,0,0,1,0,0,0,59,1380,0,1,2,0,24,1,218,1
1976,Postgraduate,Single,75012.0,0,0,2014-01-25,41,294,142,218,164,58,151,1,3,8,11,1,0,0,0,0,0,0,0,38,1027,0,0,1,0,23,0,155,2
1965,Postgraduate,Partner,56962.0,2,1,2013-10-11,60,292,3,77,10,3,26,7,6,3,5,7,0,0,0,0,0,0,0,49,411,3,1,5,1,21,0,261,2
1991,Graduate,Partner,89891.0,0,0,2013-04-15,17,412,22,132,59,28,183,1,11,6,8,4,0,0,1,0,0,0,0,23,836,0,1,2,0,26,1,440,1
1949,Postgraduate,Single,35946.0,1,1,2013-09-27,24,8,0,3,0,0,0,1,0,0,3,5,0,0,0,0,0,0,0,65,11,2,0,3,1,4,0,275,2
1953,Postgraduate,Partner,53593.0,1,1,2012-08-07,60,349,4,78,6,0,43,8,7,2,6,8,0,0,0,0,0,0,0,61,480,2,1,4,1,23,0,691,2
1948,Postgraduate,Single,45072.0,1,2,2013-10-16,74,144,2,99,7,2,30,5,6,1,4,8,0,0,0,0,0,0,0,66,284,3,0,4,1,16,0,256,2
1973,Graduate,Single,89694.0,1,1,2013-10-09,22,1126,28,211,37,28,42,3,4,3,4,5,0,1,1,1,0,0,0,41,1472,2,0,3,1,14,3,263,1
1949,Graduate,Partner,72025.0,0,0,2014-04-29,46,967,0,617,43,50,0,1,4,8,13,2,0,1,1,1,0,0,1,65,1677,0,1,2,0,26,3,61,1
1973,Graduate,Partner,67432.0,0,1,2013-03-29,69,432,79,341,177,136,170,2,8,5,4,4,0,0,0,0,0,0,0,41,1335,1,1,3,1,19,0,457,1
1952,Postgraduate,Partner,70545.0,0,1,2014-06-03,29,138,39,63,55,18,21,1,4,1,7,2,0,0,0,0,0,0,0,62,334,1,1,3,1,13,0,26,2
1989,Undergraduate,Partner,17487.0,1,0,2013-03-18,37,0,0,1,7,4,6,1,1,0,2,7,0,0,0,0,0,0,0,25,18,1,1,3,1,4,0,468,0
1969,Graduate,Partner,62882.0,0,1,2012-08-09,26,509,133,497,78,24,97,2,7,5,6,4,0,0,0,0,0,0,0,45,1338,1,1,3,1,20,0,689,1
1953,Postgraduate,Single,64108.0,0,1,2013-03-23,8,948,10,86,13,21,21,4,6,9,11,5,0,0,0,0,0,0,0,61,1099,1,0,2,1,30,0,463,2
1956,Postgraduate,Partner,34941.0,1,1,2013-03-06,26,39,2,25,4,3,24,2,3,0,3,8,0,0,0,0,0,0,0,58,97,2,1,4,1,8,0,480,2
1950,Postgraduate,Single,48767.0,1,2,2014-01-01,79,28,1,21,3,0,10,3,2,1,3,5,0,0,0,0,0,0,0,64,63,3,0,4,1,9,0,179,2
1978,Undergraduate,Partner,38702.0,1,0,2013-08-01,71,13,11,24,13,8,40,2,3,0,4,6,0,0,0,0,0,0,0,36,109,1,1,3,1,9,0,332,0
1964,Graduate,Partner,82224.0,0,0,2014-01-25,83,307,26,360,138,31,40,1,6,9,5,3,0,0,0,1,0,0,0,50,902,0,1,2,0,21,1,155,1
1952,Graduate,Partner,83844.0,0,0,2013-05-12,57,901,31,345,75,31,191,1,4,4,11,1,0,0,1,0,0,0,0,62,1574,0,1,2,0,20,1,413,1
1975,Undergraduate,Partner,17003.0,1,0,2013-12-09,37,2,5,12,4,8,7,3,2,0,4,5,0,0,0,0,0,0,0,39,38,1,1,3,1,9,0,202,0
1995,Graduate,Single,71163.0,0,0,2014-03-09,30,283,17,372,138,106,44,1,3,8,12,1,0,0,0,0,0,0,0,19,960,0,0,1,0,24,0,112,1
1970,Graduate,Single,33697.0,1,0,2013-09-15,34,4,3,7,0,3,11,1,1,0,2,7,1,0,0,0,0,0,0,44,28,1,0,2,1,4,1,287,1
1954,Undergraduate,Partner,63564.0,0,0,2014-01-29,0,769,80,252,15,34,65,1,10,10,7,6,1,0,0,0,0,0,1,60,1215,0,1,2,0,28,1,151,0
1972,Postgraduate,Partner,83443.0,0,0,2013-12-31,89,518,42,742,55,56,84,1,6,10,5,2,0,0,0,0,0,0,0,42,1497,0,1,2,0,22,0,180,2
1958,Postgraduate,Partner,51518.0,0,1,2013-10-03,92,350,8,66,17,4,4,2,3,2,10,3,0,0,0,0,0,0,0,56,449,1,1,3,1,17,0,269,2
1969,Graduate,Partner,80952.0,0,0,2013-02-28,20,778,178,689,41,27,44,1,8,5,11,8,0,1,1,1,0,0,1,45,1757,0,1,2,0,25,3,486,1
1979,Graduate,Partner,75507.0,0,0,2014-05-02,56,709,93,374,104,80,80,1,8,6,6,3,0,0,0,0,0,0,0,35,1440,0,1,2,0,21,0,58,1
1978,Undergraduate,Partner,63855.0,0,0,2013-02-09,28,359,35,314,93,116,89,1,7,3,13,4,0,0,0,0,0,0,0,36,1006,0,1,2,0,24,0,505,0
1972,Postgraduate,Partner,62220.0,0,1,2012-08-11,55,799,12,375,16,12,12,5,7,6,5,6,0,0,0,0,0,0,1,42,1226,1,1,3,1,23,0,687,2
1964,Graduate,Partner,58512.0,0,1,2013-09-19,25,895,10,101,13,0,152,5,3,4,8,8,0,0,0,0,0,0,0,50,1171,1,1,3,1,20,0,283,1
1979,Postgraduate,Partner,40662.0,1,0,2013-03-15,0,40,2,23,0,4,23,2,2,1,3,4,0,0,0,0,0,0,0,35,92,1,1,3,1,8,0,471,2
1959,Postgraduate,Partner,38829.0,0,1,2014-04-06,86,76,0,7,0,0,16,1,3,2,2,5,0,0,0,0,0,0,0,55,99,1,1,3,1,8,0,84,2
1981,Undergraduate,Partner,35523.0,1,0,2013-10-03,8,11,5,22,12,5,11,2,3,0,3,7,0,0,0,0,0,0,0,33,66,1,1,3,1,8,0,269,0
1967,Graduate,Single,79146.0,1,1,2014-04-24,33,245,16,223,21,43,16,2,8,1,8,6,0,0,0,0,0,0,0,47,564,2,0,3,1,19,0,66,1
1988,Postgraduate,Partner,78285.0,0,0,2013-10-28,13,647,107,391,175,67,40,1,6,4,10,3,0,0,0,0,0,0,0,26,1427,0,1,2,0,21,0,244,2
1978,Postgraduate,Single,31626.0,1,0,2013-05-10,12,39,1,9,2,1,34,1,2,1,2,7,1,0,0,0,0,0,1,36,86,1,0,2,1,6,1,415,2
1952,Graduate,Single,75127.0,0,0,2014-05-22,92,203,35,305,46,17,227,1,2,11,5,1,0,0,0,0,0,0,0,62,833,0,0,1,0,19,0,38,1
1955,Graduate,Partner,48726.0,0,1,2013-04-27,90,138,3,38,4,0,59,3,3,2,4,6,0,0,0,0,0,0,0,59,242,1,1,3,1,12,0,428,1
1977,Graduate,Partner,74985.0,0,0,2012-09-11,8,587,51,898,247,0,86,1,3,6,7,2,0,0,0,0,0,0,0,37,1869,0,1,2,0,17,0,656,1
1987,Graduate,Partner,67430.0,0,0,2012-09-05,6,595,97,291,127,133,121,1,11,5,12,6,0,0,0,0,0,0,0,27,1364,0,1,2,0,29,0,662,1
1965,Undergraduate,Partner,46891.0,0,1,2013-09-01,91,43,12,23,29,15,61,1,2,1,4,4,0,0,0,0,0,0,0,49,183,1,1,3,1,8,0,301,0
1956,Postgraduate,Partner,62058.0,0,1,2013-05-26,52,301,7,74,10,0,58,4,6,1,7,6,0,0,0,0,0,0,0,58,450,1,1,3,1,18,0,399,2
1979,Graduate,Partner,72063.0,0,1,2013-07-03,3,180,32,348,76,32,90,2,5,2,12,2,0,0,0,0,0,0,0,35,758,1,1,3,1,21,0,361,1
1951,Postgraduate,Partner,78939.0,0,0,2013-12-12,57,794,115,243,150,0,205,1,8,5,6,3,0,0,0,0,0,0,0,63,1507,0,1,2,0,20,0,199,2
1965,Graduate,Single,42720.0,1,1,2013-04-24,9,392,5,91,28,26,112,8,7,3,7,8,0,0,0,0,0,0,1,49,654,2,0,3,1,25,0,431,1
1972,Graduate,Partner,33622.0,1,1,2013-04-13,22,39,1,22,3,4,12,3,2,0,4,7,0,0,0,0,0,0,0,42,81,2,1,4,1,9,0,442,1
1957,Postgraduate,Partner,6835.0,0,1,2012-12-08,76,107,2,12,2,2,12,0,0,0,1,20,0,0,0,0,0,0,0,57,137,1,1,3,1,1,0,568,2
1953,Graduate,Partner,41452.0,1,1,2013-03-06,86,13,0,3,0,0,0,1,1,0,2,7,0,0,0,0,0,0,0,61,16,2,1,4,1,4,0,480,1
1965,Postgraduate,Single,40760.0,0,1,2013-08-30,64,70,0,17,0,0,6,2,2,1,3,6,0,0,0,0,0,0,0,49,93,1,0,2,1,8,0,303,2
1958,Postgraduate,Partner,74250.0,0,0,2014-01-26,90,680,11,392,75,0,0,1,2,11,4,1,0,0,0,0,0,0,0,56,1158,0,1,2,0,18,0,154,2
1955,Postgraduate,Single,51124.0,1,1,2013-12-18,79,26,1,11,0,1,4,2,1,0,3,3,0,0,0,0,0,0,0,59,43,2,0,3,1,6,0,193,2
1971,Graduate,Single,72258.0,0,1,2013-09-12,28,522,0,522,227,120,134,2,6,9,5,2,0,0,0,0,0,0,0,43,1525,1,0,2,1,22,0,290,1
1974,Postgraduate,Single,71466.0,0,0,2014-04-05,86,412,12,546,78,182,0,1,4,4,10,1,0,0,0,0,0,0,0,40,1230,0,0,1,0,19,0,85,2
1976,Graduate,Partner,36283.0,1,1,2014-04-14,42,6,5,5,8,0,5,2,1,0,3,4,0,0,0,0,0,0,0,38,29,2,1,4,1,6,0,76,1
1970,Graduate,Single,20587.0,1,0,2014-05-11,39,2,3,6,4,1,9,1,1,1,2,7,0,0,0,0,0,0,0,44,25,1,0,2,1,5,0,49,1
1972,Graduate,Partner,30467.0,1,0,2014-03-19,8,1,3,8,2,5,5,1,1,0,2,7,0,0,0,0,0,0,0,42,24,1,1,3,1,4,0,102,1
1972,Graduate,Partner,31590.0,1,0,2013-06-18,40,6,2,15,6,6,3,1,1,0,3,8,0,0,0,0,0,0,0,42,38,1,1,3,1,5,0,376,1
1986,Undergraduate,Partner,20425.0,1,0,2012-10-29,5,4,12,5,3,16,17,2,2,0,3,7,0,0,0,0,0,0,0,28,57,1,1,3,1,7,0,608,0
1960,Postgraduate,Partner,17144.0,1,1,2014-02-15,96,18,2,19,0,2,6,5,3,0,4,7,0,0,0,0,0,0,0,54,47,2,1,4,1,12,0,134,2
1968,Postgraduate,Single,42564.0,0,1,2013-01-02,28,324,48,186,39,18,198,6,6,8,4,7,1,0,0,0,0,0,1,46,813,1,0,2,1,24,1,543,2
1978,Postgraduate,Partner,43783.0,1,0,2014-05-29,22,327,9,125,25,4,139,6,7,1,8,7,1,0,0,0,0,0,0,36,629,1,1,3,1,22,1,31,2
1976,Graduate,Single,40780.0,0,1,2012-09-08,30,229,27,71,13,3,34,4,7,1,5,9,0,0,0,0,0,0,0,38,377,1,0,2,1,17,0,659,1
1945,Postgraduate,Partner,62847.0,0,0,2013-01-15,45,521,168,706,80,76,61,1,3,6,4,2,0,0,0,0,0,0,0,69,1612,0,1,2,0,14,0,530,2
1957,Postgraduate,Partner,82017.0,0,0,2012-11-07,58,184,23,446,30,23,23,1,5,4,7,2,0,1,1,1,0,0,1,57,729,0,1,2,0,17,3,599,2
1950,Graduate,Single,16813.0,0,0,2013-07-19,49,4,8,11,12,2,13,1,2,0,3,7,1,0,0,0,0,0,0,64,50,0,0,1,0,6,1,345,1
1978,Graduate,Partner,51267.0,1,1,2013-10-29,37,183,2,64,7,2,12,4,3,3,5,4,0,0,0,0,0,0,0,36,270,2,1,4,1,15,0,243,1
1961,Graduate,Single,46524.0,0,1,2013-04-05,70,31,19,35,26,14,52,2,1,1,5,3,0,0,0,0,0,0,0,53,177,1,0,2,1,9,0,450,1
1962,Postgraduate,Single,45183.0,0,0,2013-01-20,33,219,3,60,12,9,12,1,4,1,7,7,0,1,0,0,0,0,0,52,315,0,0,1,0,13,1,525,2
1954,Postgraduate,Partner,70421.0,0,1,2014-06-28,98,479,28,136,75,14,35,3,10,3,7,6,0,0,0,0,0,0,0,60,767,1,1,3,1,23,0,1,2
1965,Undergraduate,Single,60161.0,0,1,2012-10-23,17,584,44,212,46,8,177,3,11,4,8,8,0,0,0,0,0,0,0,49,1071,1,0,2,1,26,0,614,0
1973,Graduate,Partner,73926.0,0,0,2013-03-02,54,627,91,597,159,91,15,1,6,5,12,3,0,0,0,0,0,0,0,41,1580,0,1,2,0,24,0,484,1
1968,Graduate,Partner,19329.0,1,0,2013-12-14,39,24,1,16,12,2,5,3,4,0,3,8,0,0,0,0,0,0,0,46,60,1,1,3,1,10,0,197,1
1970,Postgraduate,Partner,61872.0,0,1,2013-12-13,81,330,5,159,36,27,16,4,4,4,9,4,0,0,0,0,0,0,0,44,573,1,1,3,1,21,0,198,2
1956,Graduate,Single,46984.0,1,1,2013-03-26,71,19,1,10,2,1,8,1,1,0,3,5,0,0,0,0,0,0,0,58,41,2,0,3,1,5,0,460,1
1951,Graduate,Partner,34838.0,1,1,2013-01-19,62,28,23,29,29,14,47,3,2,1,4,6,0,0,0,0,0,0,0,63,170,2,1,4,1,10,0,526,1
1944,Postgraduate,Single,82716.0,0,0,2013-11-05,8,606,148,228,15,148,22,1,6,8,13,2,0,0,0,0,0,0,0,70,1167,0,0,1,0,28,0,236,2
1958,Graduate,Partner,48192.0,0,0,2013-04-06,76,1039,43,204,153,58,29,3,2,8,12,8,0,1,0,1,1,0,1,56,1526,0,1,2,0,25,3,449,1
1976,Postgraduate,Partner,49681.0,0,2,2013-11-04,66,411,0,26,0,0,21,6,7,1,7,7,0,0,0,0,0,0,0,38,458,2,1,4,1,21,0,237,2
1971,Postgraduate,Partner,56850.0,0,1,2014-03-23,83,34,1,19,2,7,0,1,1,1,3,2,0,0,0,0,0,0,0,43,63,1,1,3,1,6,0,98,2
1957,Graduate,Partner,55267.0,0,1,2013-10-21,28,161,28,136,32,3,45,4,3,4,6,3,0,0,0,0,0,0,0,57,405,1,1,3,1,17,0,251,1
1972,Graduate,Partner,59666.0,1,1,2013-03-22,87,623,53,178,23,17,133,7,3,2,8,8,0,1,0,0,0,0,0,42,1027,2,1,4,1,20,1,464,1
1972,Graduate,Single,72504.0,0,1,2013-04-06,43,604,26,470,123,161,94,2,5,9,6,2,0,0,0,0,0,0,0,42,1478,1,0,2,1,22,0,449,1
1981,Graduate,Partner,26872.0,0,0,2013-10-16,0,3,10,8,3,16,32,1,1,1,2,6,0,0,0,0,0,0,0,33,72,0,1,2,0,5,0,256,1
1972,Graduate,Single,21359.0,1,0,2013-04-20,1,12,2,17,6,1,10,2,2,0,3,8,0,0,0,0,0,0,1,42,48,1,0,2,1,7,0,435,1
1975,Graduate,Single,73170.0,0,0,2014-05-31,1,184,174,256,50,30,32,1,5,4,6,2,0,0,0,0,0,0,0,39,726,0,0,1,0,16,0,29,1
1955,Postgraduate,Partner,52750.0,0,1,2013-02-04,72,393,0,239,90,69,69,6,5,7,9,4,0,0,0,0,0,0,0,59,860,1,1,3,1,27,0,510,2
1986,Postgraduate,Partner,91820.0,0,0,2013-11-23,72,410,73,747,76,161,30,0,5,5,12,1,0,0,0,0,0,0,0,28,1497,0,1,2,0,22,0,218,2
1970,Postgraduate,Partner,65968.0,0,1,2014-05-12,12,376,9,83,19,4,4,2,5,4,7,3,0,0,0,0,0,0,0,44,495,1,1,3,1,18,0,48,2
1976,Graduate,Partner,30772.0,1,1,2014-03-12,89,7,2,4,2,1,4,1,1,0,2,6,0,0,0,0,0,0,0,38,20,2,1,4,1,4,0,109,1
1954,Graduate,Single,22507.0,0,0,2012-11-24,67,68,0,226,51,157,68,3,10,2,4,9,0,0,0,0,0,0,0,60,570,0,0,1,0,19,0,582,1
1972,Graduate,Partner,65685.0,0,1,2014-03-29,54,642,14,49,0,7,57,1,9,2,9,5,0,0,0,0,0,0,0,42,769,1,1,3,1,21,0,92,1
1978,Undergraduate,Partner,25804.0,1,0,2013-09-01,34,8,7,9,13,6,12,2,2,0,3,8,0,0,0,0,0,0,0,36,55,1,1,3,1,7,0,301,0
1980,Postgraduate,Single,76412.0,0,0,2013-05-05,15,840,53,804,23,71,17,1,5,4,8,3,0,0,1,1,0,0,1,34,1808,0,0,1,0,18,2,420,2
1972,Graduate,Partner,22063.0,1,0,2013-08-08,43,7,10,13,3,11,11,2,2,0,3,7,0,0,0,0,0,0,0,42,55,1,1,3,1,7,0,325,1
1961,Graduate,Single,57091.0,0,0,2014-06-15,0,464,5,64,7,0,37,1,7,3,7,5,0,0,0,0,1,0,1,53,577,0,0,1,0,18,1,14,1
1959,Undergraduate,Single,78353.0,0,1,2013-04-16,51,752,122,476,39,153,34,1,10,2,11,8,0,0,0,0,0,0,0,55,1576,1,0,2,1,24,0,439,0
1954,Graduate,Partner,93404.0,1,2,2013-05-07,97,1279,15,287,20,0,15,3,3,4,7,5,0,1,1,0,0,0,0,60,1616,3,1,5,1,17,2,418,1
1962,Graduate,Single,37859.0,1,2,2013-01-12,75,22,1,8,2,1,2,2,1,0,3,8,0,0,0,0,0,0,0,52,36,3,0,4,1,6,0,533,1
1958,Postgraduate,Single,80995.0,0,1,2013-05-11,83,860,28,409,73,56,56,1,8,9,4,4,0,0,0,0,0,0,0,56,1482,1,0,2,1,22,0,414,2
1984,Graduate,Partner,16529.0,1,0,2014-03-01,23,3,0,5,13,0,1,1,1,0,3,6,0,0,0,0,0,0,0,30,22,1,1,3,1,5,0,120,1
1976,Postgraduate,Single,55412.0,1,1,2013-11-22,65,10,5,28,11,1,8,1,2,0,3,5,0,0,0,0,0,0,0,38,63,2,0,3,1,6,0,219,2
1992,Graduate,Single,48789.0,0,0,2012-09-10,94,351,16,156,7,5,145,1,6,4,7,6,0,0,0,0,0,0,0,22,680,0,0,1,0,18,0,657,1
1967,Postgraduate,Partner,56575.0,0,2,2013-05-05,42,421,5,90,0,16,10,3,7,3,7,5,0,0,0,0,0,0,0,47,542,2,1,4,1,20,0,420,2
1980,Undergraduate,Partner,25130.0,1,0,2013-10-02,10,2,5,7,0,18,18,2,2,0,3,7,0,0,0,0,0,0,0,34,50,1,1,3,1,7,0,270,0
1967,Graduate,Partner,35441.0,1,1,2013-02-14,94,25,1,9,2,1,1,2,1,0,3,8,0,0,0,0,0,0,0,47,39,2,1,4,1,6,0,500,1
1956,Graduate,Partner,71391.0,0,1,2013-03-29,50,336,123,274,46,123,141,5,6,5,12,3,0,0,0,0,0,0,0,58,1043,1,1,3,1,28,0,457,1
1972,Postgraduate,Single,49494.0,1,0,2013-04-25,46,191,9,97,0,6,82,2,6,1,5,7,0,0,0,0,0,0,0,42,385,1,0,2,1,14,0,430,2
1980,Graduate,Single,81702.0,0,0,2012-09-23,98,563,50,774,28,31,187,1,7,7,12,3,0,0,0,0,0,0,0,34,1633,0,0,1,0,27,0,644,1
1980,Undergraduate,Single,45889.0,0,1,2013-07-02,42,31,0,6,0,1,8,1,1,0,3,6,0,0,0,0,0,0,0,34,46,1,0,2,1,5,0,362,0
1977,Graduate,Single,56628.0,0,1,2014-03-21,30,479,5,82,7,17,171,2,7,6,5,5,1,0,0,0,0,0,0,37,761,1,0,2,1,20,1,100,1
1950,Graduate,Partner,34026.0,1,1,2013-08-05,11,18,6,15,12,8,17,3,2,1,3,5,0,0,0,0,0,0,0,64,76,2,1,4,1,9,0,328,1
1974,Graduate,Partner,40049.0,0,1,2012-11-29,61,91,65,52,10,44,28,3,3,2,6,5,0,0,0,0,0,0,0,40,290,1,1,3,1,14,0,577,1
1988,Graduate,Single,34176.0,1,0,2014-05-12,12,5,7,24,19,14,20,4,3,0,4,6,0,0,0,0,0,0,0,26,89,1,0,2,1,11,0,48,1
1981,Graduate,Partner,19419.0,1,0,2012-11-10,76,2,14,28,16,3,7,4,4,0,3,9,0,0,0,0,0,0,0,33,70,1,1,3,1,11,0,596,1
1960,Undergraduate,Partner,82504.0,0,0,2013-07-27,2,362,50,431,134,35,54,1,3,6,7,1,0,0,0,0,0,0,0,54,1066,0,1,2,0,17,0,337,0
1970,Graduate,Partner,81205.0,0,0,2014-01-13,43,724,74,929,97,55,130,1,5,6,7,2,1,0,1,0,1,0,1,44,2009,0,1,2,0,19,3,167,1
1991,Undergraduate,Single,61618.0,0,0,2012-09-29,27,605,91,399,0,45,205,2,3,6,8,3,0,0,0,0,0,0,0,23,1345,0,0,1,0,19,0,638,0
1956,Postgraduate,Single,55284.0,0,1,2012-12-24,60,547,7,140,0,7,63,3,7,5,8,5,0,0,0,0,0,0,0,58,764,1,0,2,1,23,0,552,2
1963,Graduate,Single,49980.0,0,1,2013-10-23,79,104,1,54,13,9,14,2,3,1,5,5,0,0,0,0,0,0,0,51,195,1,0,2,1,11,0,249,1
1980,Graduate,Partner,15072.0,2,0,2013-05-10,96,8,2,15,0,10,18,4,3,1,3,5,0,0,0,0,0,0,0,34,53,2,1,4,1,11,0,415,1
1974,Graduate,Single,49166.0,0,1,2013-06-13,17,224,2,25,7,0,110,2,5,3,3,6,0,0,0,0,0,0,0,40,368,1,0,2,1,13,0,381,1
1957,Undergraduate,Partner,82347.0,0,0,2012-11-06,38,556,54,845,202,133,63,1,7,7,10,3,1,0,0,1,0,0,0,57,1853,0,1,2,0,25,2,600,0
1966,Postgraduate,Partner,30843.0,1,1,2014-05-26,43,24,0,2,0,0,9,2,1,1,2,5,1,0,0,0,0,0,0,48,35,2,1,4,1,6,1,34,2
1974,Postgraduate,Partner,46374.0,0,1,2014-03-17,1,408,0,21,0,0,17,3,7,1,7,8,0,1,0,1,0,0,1,40,446,1,1,3,1,18,2,104,2
1979,Graduate,Single,60474.0,0,1,2013-04-01,25,265,199,303,234,9,170,7,10,2,12,7,0,0,0,0,0,0,0,35,1180,1,0,2,1,31,0,454,1
1973,Postgraduate,Partner,38576.0,0,1,2014-03-04,2,34,0,7,0,0,0,1,1,0,3,7,0,0,0,0,0,0,0,41,41,1,1,3,1,5,0,117,2
1985,Graduate,Partner,55357.0,2,0,2013-02-19,66,374,64,116,84,25,64,3,6,2,11,5,0,0,0,0,0,0,0,29,727,2,1,4,1,22,0,495,1
1966,Graduate,Partner,37758.0,1,1,2012-10-04,49,27,2,10,0,0,1,2,1,0,3,8,0,0,0,0,0,0,0,48,40,2,1,4,1,6,0,633,1
1989,Undergraduate,Partner,85710.0,0,0,2013-05-05,5,600,20,350,29,30,33,1,6,9,10,2,0,0,1,0,0,0,0,25,1062,0,1,2,0,26,1,420,0
1969,Graduate,Partner,23228.0,1,0,2014-01-26,71,13,2,18,6,1,0,2,2,0,3,8,0,0,0,0,0,0,0,45,40,1,1,3,1,7,0,154,1
1969,Postgraduate,Partner,44602.0,1,1,2014-02-15,35,167,2,89,0,0,34,6,6,1,4,8,0,0,0,0,0,0,0,45,292,2,1,4,1,17,0,134,2
1987,Graduate,Partner,7500.0,0,0,2013-01-09,94,0,2,3,4,1,5,1,0,0,3,6,0,0,0,0,0,0,0,27,15,0,1,2,0,4,0,536,1
1989,Undergraduate,Partner,38683.0,1,0,2012-10-04,80,46,35,69,84,41,66,6,4,1,6,7,0,0,0,0,0,0,0,25,341,1,1,3,1,17,0,633,0
1975,Undergraduate,Single,49514.0,1,0,2013-12-17,61,88,39,78,58,13,93,2,6,1,4,7,0,0,0,0,0,0,0,39,369,1,0,2,1,13,0,194,0
1973,Postgraduate,Partner,57906.0,0,1,2013-06-11,29,243,11,119,10,3,15,3,4,2,8,4,0,0,0,0,0,0,0,41,401,1,1,3,1,17,0,383,2
1966,Postgraduate,Single,43456.0,0,1,2013-03-26,0,275,11,68,25,7,7,3,5,1,8,5,0,0,0,0,0,0,0,48,393,1,0,2,1,17,0,460,2
1986,Postgraduate,Single,19485.0,2,0,2013-09-24,80,6,0,4,0,0,0,1,1,0,2,7,0,0,0,0,0,0,0,28,10,2,0,3,1,4,0,278,2
1978,Graduate,Partner,53172.0,0,1,2013-05-06,54,121,62,90,68,20,125,3,2,3,8,3,0,0,0,0,0,0,0,36,486,1,1,3,1,16,0,419,1
1979,Graduate,Partner,30545.0,1,0,2012-10-17,71,4,12,15,19,7,12,2,2,0,3,7,0,0,0,0,0,0,0,35,69,1,1,3,1,7,0,620,1
1983,Postgraduate,Partner,70123.0,0,0,2013-09-28,27,1308,0,396,23,0,0,1,5,7,4,3,0,1,0,0,1,0,0,31,1727,0,1,2,0,17,2,274,2
1959,Graduate,Single,62450.0,0,1,2014-01-06,61,515,47,267,62,66,38,2,5,5,4,3,0,1,0,0,0,0,0,55,995,1,0,2,1,16,1,174,1
1976,Graduate,Partner,21675.0,1,0,2014-06-11,55,4,0,16,17,4,4,3,4,0,3,7,0,0,0,0,0,0,0,38,45,1,1,3,1,10,0,18,1
1981,Undergraduate,Single,42395.0,1,1,2014-04-04,35,48,13,57,24,15,25,4,3,1,4,7,0,0,0,0,0,0,0,33,182,2,0,3,1,12,0,86,0
1978,Postgraduate,Partner,61346.0,1,0,2013-10-06,34,562,58,168,43,16,142,1,5,7,10,3,0,0,0,0,0,0,0,36,989,1,1,3,1,23,0,266,2
1953,Graduate,Partner,80812.0,0,0,2013-09-17,95,769,22,500,210,143,33,1,4,8,5,2,1,0,1,1,0,0,0,61,1677,0,1,2,0,18,3,285,1
1971,Postgraduate,Single,42835.0,1,1,2013-06-30,64,379,4,93,12,9,98,7,6,6,4,6,0,0,0,0,0,0,0,43,595,2,0,3,1,23,0,364,2
1983,Graduate,Partner,39922.0,1,0,2013-02-14,30,29,12,59,19,1,36,2,3,0,4,8,0,0,0,0,0,0,0,31,156,1,1,3,1,9,0,500,1
1956,Postgraduate,Single,86424.0,0,0,2014-04-05,12,387,68,569,89,45,68,1,6,9,12,1,0,0,0,0,0,0,0,58,1226,0,0,1,0,28,0,85,2
1978,Undergraduate,Partner,17117.0,1,0,2013-01-17,96,12,23,38,30,18,7,4,3,1,3,9,0,0,0,0,0,0,0,36,128,1,1,3,1,11,0,528,0
1972,Graduate,Single,24762.0,1,0,2014-02-10,16,6,10,12,3,15,40,3,3,1,2,8,1,0,0,0,0,0,1,42,86,1,0,2,1,9,1,139,1
1975,Graduate,Partner,35797.0,0,1,2012-10-16,16,27,1,14,4,1,21,2,2,0,3,8,0,0,0,0,0,0,0,39,68,1,1,3,1,7,0,621,1
1975,Graduate,Single,36627.0,2,0,2013-07-23,78,9,1,5,0,0,1,1,0,0,3,5,0,0,0,0,0,0,0,39,16,2,0,3,1,4,0,341,1
1981,Undergraduate,Partner,51111.0,1,1,2014-06-19,83,22,0,19,6,5,3,2,2,0,3,6,0,0,0,0,0,0,0,33,55,2,1,4,1,7,0,10,0
1970,Postgraduate,Partner,82072.0,0,0,2013-07-02,67,889,55,685,168,92,129,1,3,2,13,1,0,0,0,0,0,0,0,44,2018,0,1,2,0,19,0,362,2
1953,Postgraduate,Single,46231.0,2,1,2012-11-26,87,189,2,55,0,5,12,4,6,1,4,9,0,0,0,0,0,0,0,61,263,3,0,4,1,15,0,580,2
1959,Graduate,Partner,42243.0,1,1,2013-12-11,34,48,0,2,0,0,5,2,2,0,3,7,0,0,0,0,0,0,0,55,55,2,1,4,1,7,0,200,1
1962,Graduate,Partner,51195.0,1,1,2013-04-01,46,230,14,156,82,24,58,8,9,2,5,8,0,0,0,0,0,0,0,52,564,2,1,4,1,24,0,454,1
1978,Postgraduate,Single,68092.0,0,0,2013-12-16,7,852,60,207,78,36,48,2,2,6,10,5,0,0,0,0,0,0,0,36,1281,0,0,1,0,20,0,195,2
1973,Graduate,Partner,31814.0,1,0,2013-02-09,73,35,3,20,4,1,20,2,2,0,3,9,1,0,0,0,0,0,0,41,83,1,1,3,1,7,1,505,1
1965,Postgraduate,Single,51390.0,1,1,2012-09-08,54,205,20,47,23,2,56,6,5,2,5,5,0,0,0,0,0,0,0,49,353,2,0,3,1,18,0,659,2
1983,Graduate,Partner,76630.0,0,0,2014-01-14,93,255,31,446,40,56,175,1,3,10,11,1,0,0,0,0,0,0,0,31,1003,0,1,2,0,25,0,166,1
1991,Undergraduate,Single,26868.0,1,0,2014-04-30,52,0,0,1,8,3,2,1,1,0,2,7,0,0,0,0,0,0,0,23,14,1,0,2,1,4,0,60,0
1972,Postgraduate,Single,55260.0,0,1,2012-12-12,81,825,8,53,11,0,242,2,8,10,5,6,0,0,0,0,0,0,0,42,1139,1,0,2,1,25,0,564,2
1956,Graduate,Partner,64090.0,0,1,2013-08-07,8,316,58,161,76,51,135,1,6,9,4,5,0,0,0,0,0,0,1,58,797,1,1,3,1,20,0,326,1
1958,Graduate,Single,78331.0,0,1,2014-01-23,97,756,138,354,160,169,61,2,10,6,7,4,0,0,0,0,0,0,0,56,1638,1,0,2,1,25,0,157,1
1974,Postgraduate,Partner,37087.0,1,0,2013-08-11,50,194,55,134,15,0,3,3,4,2,8,6,0,0,0,0,0,0,0,40,401,1,1,3,1,17,0,322,2
1986,Graduate,Single,21846.0,1,0,2013-10-22,38,7,17,18,6,10,26,4,4,0,3,8,0,0,0,0,0,0,0,28,84,1,0,2,1,11,0,250,1
1958,Graduate,Partner,81320.0,0,0,2013-02-06,61,183,33,493,59,103,57,1,4,3,10,2,0,0,0,0,0,0,0,56,928,0,1,2,0,18,0,508,1
1970,Graduate,Single,54137.0,0,1,2013-08-16,46,171,0,11,0,1,20,2,4,1,4,6,0,0,0,0,0,0,0,44,203,1,0,2,1,11,0,317,1
1967,Graduate,Partner,66825.0,0,0,2013-07-14,73,243,101,405,29,40,40,1,4,5,6,2,0,0,0,0,0,0,0,47,858,0,1,2,0,16,0,350,1
1973,Graduate,Partner,57100.0,0,0,2013-12-04,19,181,21,69,39,3,96,1,3,3,6,3,0,0,0,0,0,0,0,41,409,0,1,2,0,13,0,207,1
1969,Graduate,Partner,58917.0,1,2,2013-03-24,10,151,7,89,0,7,28,5,4,1,6,5,0,0,0,0,0,0,0,45,282,3,1,5,1,16,0,462,1
1977,Graduate,Single,85072.0,0,0,2014-04-09,94,494,92,391,194,11,241,1,3,4,10,0,0,0,0,0,0,0,0,37,1423,0,0,1,0,18,0,81,1
1961,Graduate,Single,86429.0,0,0,2013-11-21,10,464,28,873,29,18,37,0,7,4,7,2,0,0,0,1,0,0,1,53,1449,0,0,1,0,18,1,220,1
1971,Graduate,Single,45684.0,1,0,2013-12-02,37,5,1,5,10,0,7,1,1,0,2,7,0,0,0,0,0,0,0,43,28,1,0,2,1,4,0,209,1
1974,Graduate,Partner,47889.0,1,0,2014-01-04,94,29,0,29,0,5,4,1,2,0,3,5,0,0,0,0,0,0,0,40,67,1,1,3,1,6,0,176,1
1986,Postgraduate,Partner,45921.0,0,0,2014-03-10,23,102,9,49,24,3,12,1,2,1,6,4,0,0,0,0,0,0,0,28,199,0,1,2,0,10,0,111,2
1966,Postgraduate,Single,78420.0,0,0,2013-06-29,75,604,28,674,91,28,28,1,3,10,8,1,0,0,0,0,0,0,0,48,1453,0,0,1,0,22,0,365,2
1992,Graduate,Partner,75114.0,0,0,2013-11-07,40,571,12,523,63,60,24,1,3,10,5,2,0,0,0,0,0,0,0,22,1253,0,1,2,0,19,0,234,1
1963,Postgraduate,Single,52278.0,0,1,2013-01-25,24,953,0,71,0,0,174,6,10,5,10,8,0,0,0,0,0,0,1,51,1198,1,0,2,1,31,0,520,2
1972,Postgraduate,Partner,35641.0,1,0,2013-07-14,11,63,3,67,8,9,28,2,3,1,4,7,0,0,0,0,0,0,1,42,178,1,1,3,1,10,0,350,2
1994,Graduate,Single,95529.0,0,0,2012-12-03,29,770,29,890,250,27,24,1,7,3,7,3,0,0,1,0,0,0,1,20,1990,0,0,1,0,18,1,573,1
1954,Graduate,Partner,62820.0,0,0,2013-05-11,51,398,61,265,138,61,53,1,3,4,6,1,0,0,0,0,0,0,0,60,976,0,1,2,0,14,0,414,1
1960,Postgraduate,Partner,73113.0,0,0,2013-12-26,86,741,19,154,50,9,28,1,3,4,7,2,0,0,0,0,0,0,0,54,1001,0,1,2,0,15,0,185,2
1954,Undergraduate,Single,42607.0,0,1,2013-11-17,30,156,29,56,30,32,47,2,3,2,7,3,0,0,0,0,0,0,0,60,350,1,0,2,1,14,0,224,0
1954,Postgraduate,Single,74637.0,0,0,2013-05-18,73,960,64,464,146,0,16,1,6,9,9,3,0,0,0,1,0,0,0,60,1650,0,0,1,0,25,1,407,2
1955,Postgraduate,Partner,46015.0,1,1,2014-04-13,25,38,0,2,0,0,6,1,1,0,3,7,1,0,0,0,1,0,0,59,46,2,1,4,1,5,2,77,2
1993,Graduate,Single,72354.0,0,0,2013-04-17,67,315,26,473,220,12,182,1,2,10,6,1,0,0,0,0,0,0,0,21,1228,0,0,1,0,19,0,438,1
1969,Postgraduate,Single,39858.0,1,0,2013-01-24,67,15,20,25,2,7,26,1,2,0,4,6,0,0,0,0,0,0,1,45,95,1,0,2,1,7,0,521,2
1948,Postgraduate,Partner,34469.0,1,1,2014-05-04,58,19,6,20,0,5,12,3,1,1,4,4,0,0,0,0,0,0,0,66,62,2,1,4,1,9,0,56,2
1986,Graduate,Partner,83033.0,1,0,2014-05-18,82,812,99,431,237,149,33,1,11,4,10,5,0,0,0,1,0,0,0,28,1761,1,1,3,1,26,1,42,1
1979,Postgraduate,Partner,24401.0,0,0,2012-08-31,98,73,28,217,10,24,115,3,6,1,6,8,0,0,0,0,0,0,0,35,467,0,1,2,0,16,0,667,2
1978,Graduate,Partner,77583.0,0,0,2014-02-10,93,372,23,384,250,12,108,1,4,5,9,2,0,0,0,1,0,0,0,36,1149,0,1,2,0,19,1,139,1
1982,Undergraduate,Single,74116.0,0,0,2013-12-30,53,871,111,704,145,55,166,1,4,4,10,2,0,1,0,0,0,0,0,32,2052,0,0,1,0,19,1,181,0
1976,Postgraduate,Partner,68397.0,0,1,2013-11-17,6,760,80,466,17,13,80,1,6,9,5,3,0,0,0,0,0,0,0,38,1416,1,1,3,1,21,0,224,2
1974,Postgraduate,Partner,79632.0,0,0,2014-04-08,42,471,0,510,99,21,12,1,6,4,9,2,0,0,0,0,0,0,0,40,1113,0,1,2,0,20,0,82,2
1989,Graduate,Single,46107.0,1,0,2014-02-10,78,31,9,27,16,9,33,1,1,1,4,3,0,0,0,0,0,0,0,25,125,1,0,2,1,7,0,139,1
1951,Postgraduate,Single,64950.0,0,1,2012-08-12,29,819,0,72,12,0,63,2,11,2,10,7,0,1,0,0,0,0,0,63,966,1,0,2,1,25,1,686,2
1989,Undergraduate,Partner,25443.0,1,0,2012-12-22,82,1,4,3,8,9,7,1,1,0,3,8,0,0,0,0,0,0,0,25,32,1,1,3,1,5,0,554,0
1971,Postgraduate,Partner,32892.0,1,0,2014-05-25,78,26,0,15,2,1,2,2,3,0,3,8,0,0,0,0,0,0,0,43,46,1,1,3,1,8,0,35,2
1971,Graduate,Partner,71796.0,0,0,2013-10-24,54,354,21,311,167,75,32,1,9,3,4,4,0,0,0,0,0,0,0,43,960,0,1,2,0,17,0,248,1
1970,Postgraduate,Partner,67536.0,0,1,2013-05-22,45,1253,0,447,23,71,35,3,11,5,11,8,0,0,0,1,0,0,0,44,1829,1,1,3,1,30,1,403,2
1971,Graduate,Single,55239.0,0,1,2013-07-14,59,371,17,238,23,24,106,3,7,5,11,5,0,0,0,0,0,0,0,43,779,1,0,2,1,26,0,350,1
1975,Postgraduate,Single,60554.0,1,0,2013-08-09,8,588,7,76,110,15,15,2,8,4,9,6,0,0,0,0,0,0,0,39,811,1,0,2,1,23,0,324,2
1952,Undergraduate,Single,64831.0,1,1,2013-06-10,51,480,86,249,75,86,144,8,6,3,5,6,0,0,0,0,0,0,0,62,1120,2,0,3,1,22,0,384,0
1962,Postgraduate,Partner,56067.0,0,1,2013-07-20,51,517,12,54,16,6,120,2,7,4,7,5,0,0,0,0,0,0,0,52,725,1,1,3,1,20,0,344,2
1983,Graduate,Single,82025.0,0,0,2013-05-28,76,267,98,606,48,70,98,1,3,2,6,1,0,0,1,0,0,0,1,31,1187,0,0,1,0,12,1,397,1
1953,Graduate,Partner,94384.0,0,0,2013-03-04,62,1111,24,790,160,45,172,0,5,8,5,2,0,1,1,1,0,0,1,61,2302,0,1,2,0,18,3,482,1
1986,Undergraduate,Single,14906.0,0,0,2012-12-22,86,7,7,14,7,16,15,3,2,1,3,7,0,0,0,0,0,0,0,28,66,0,0,1,0,9,0,554,0
1987,Postgraduate,Partner,51563.0,0,0,2012-10-01,60,1166,0,48,0,0,36,1,4,4,10,8,0,1,1,0,0,0,0,27,1250,0,1,2,0,19,2,636,2
1982,Undergraduate,Partner,57937.0,0,1,2014-02-16,56,261,42,144,55,48,133,3,4,4,9,3,0,0,0,0,0,0,0,32,683,1,1,3,1,20,0,133,0
1979,Graduate,Single,68274.0,1,1,2013-09-30,83,135,25,51,23,25,46,2,4,2,5,3,0,0,0,0,0,0,0,35,305,2,0,3,1,13,0,272,1
1977,Graduate,Partner,39771.0,1,0,2013-12-06,92,6,2,18,2,8,14,1,2,0,3,4,0,0,0,0,0,0,0,37,50,1,1,3,1,6,0,205,1
1975,Undergraduate,Single,67893.0,0,1,2012-10-01,31,711,28,142,49,18,47,2,3,2,9,8,0,0,0,0,0,0,0,39,995,1,0,2,1,16,0,636,0
1979,Postgraduate,Partner,27922.0,1,0,2014-05-10,80,11,0,13,2,4,11,1,2,0,3,4,0,0,0,0,0,0,0,35,41,1,1,3,1,6,0,50,2
1976,Postgraduate,Partner,52190.0,1,1,2014-05-08,39,42,0,17,0,0,18,3,2,1,3,5,1,0,0,0,0,0,0,38,77,2,1,4,1,9,1,52,2
1973,Postgraduate,Single,44051.0,1,1,2013-01-29,20,79,7,58,6,3,18,4,3,1,4,6,0,0,0,0,0,0,1,41,171,2,0,3,1,12,0,516,2
1971,Postgraduate,Single,42767.0,2,0,2013-05-11,53,20,6,43,19,5,38,1,3,1,2,8,0,0,0,0,0,0,0,43,131,2,0,3,1,7,0,414,2
1976,Postgraduate,Partner,46106.0,1,1,2014-05-11,84,30,0,8,2,0,14,1,1,1,2,6,0,0,0,0,0,0,0,38,54,2,1,4,1,5,0,49,2
1976,Postgraduate,Partner,16927.0,1,1,2013-02-10,50,20,2,23,3,1,4,5,3,0,4,8,0,0,0,0,0,0,0,38,53,2,1,4,1,12,0,504,2
1965,Graduate,Partner,59754.0,0,1,2012-12-01,96,115,27,44,4,146,139,3,5,2,6,5,0,0,0,0,0,0,1,49,475,1,1,3,1,16,0,575,1
1952,Graduate,Single,53700.0,0,1,2012-08-17,94,263,5,233,69,41,83,4,5,5,8,5,0,0,0,0,0,0,0,62,694,1,0,2,1,22,0,681,1
1973,Graduate,Partner,59041.0,1,1,2014-05-07,25,69,2,15,2,2,6,2,2,0,4,5,0,0,0,0,0,0,0,41,96,2,1,4,1,8,0,53,1
1957,Postgraduate,Single,54237.0,0,1,2013-04-27,48,267,3,30,4,0,57,4,5,2,5,6,0,0,0,0,0,0,0,57,361,1,0,2,1,16,0,428,2
1967,Graduate,Single,70647.0,0,1,2012-09-21,65,561,85,171,25,123,114,2,4,7,13,2,0,0,0,0,0,0,0,47,1079,1,0,2,1,26,0,646,1
1962,Postgraduate,Single,52597.0,0,1,2014-05-07,69,492,0,37,7,0,42,3,6,3,8,5,0,0,0,0,0,0,0,52,578,1,0,2,1,20,0,53,2
1969,Postgraduate,Partner,41021.0,1,0,2012-12-30,12,14,7,9,6,16,12,2,2,0,3,6,0,0,0,0,0,0,1,45,64,1,1,3,1,7,0,546,2
1975,Postgraduate,Partner,40233.0,0,1,2013-10-14,84,80,4,46,0,17,2,5,2,1,5,6,0,0,0,0,0,0,0,39,149,1,1,3,1,13,0,258,2
1980,Graduate,Partner,50183.0,1,1,2014-06-25,47,97,12,84,13,10,15,7,3,1,6,5,0,0,0,0,0,0,0,34,231,2,1,4,1,17,0,4,1
1959,Graduate,Partner,54753.0,0,1,2013-09-12,87,197,107,227,7,59,131,3,5,2,11,4,0,0,0,0,0,0,0,55,728,1,1,3,1,21,0,290,1
1973,Graduate,Partner,92955.0,0,0,2013-08-19,35,693,21,925,31,24,84,1,6,7,9,2,0,0,1,1,0,0,1,41,1778,0,1,2,0,23,2,314,1
1973,Graduate,Partner,33471.0,1,0,2012-10-12,47,43,2,27,0,9,12,3,3,0,4,7,0,0,0,0,0,0,0,41,93,1,1,3,1,10,0,625,1
1974,Postgraduate,Partner,34596.0,1,0,2013-04-13,48,14,0,2,0,0,7,1,1,0,2,8,0,0,0,0,0,0,1,40,23,1,1,3,1,4,0,442,2
1980,Graduate,Partner,44010.0,1,0,2012-10-13,46,186,36,234,86,72,48,6,10,2,6,9,0,0,0,0,0,0,0,34,662,1,1,3,1,24,0,624,1
1988,Graduate,Partner,84219.0,0,0,2014-02-02,27,434,137,400,45,137,45,1,3,4,10,1,0,0,0,0,0,0,0,26,1198,0,1,2,0,18,0,147,1
1968,Postgraduate,Partner,40706.0,2,1,2013-01-17,37,59,0,11,4,2,5,4,3,0,4,7,0,0,0,0,0,0,0,46,81,3,1,5,1,11,0,528,2
1988,Undergraduate,Partner,15716.0,1,0,2012-11-12,8,16,5,30,8,7,26,3,3,0,4,8,0,0,0,0,0,1,0,26,92,1,1,3,1,10,0,594,0
1959,Undergraduate,Single,59052.0,0,1,2013-11-17,29,230,35,75,63,57,31,3,7,1,7,5,0,0,0,0,0,0,0,55,491,1,0,2,1,18,0,224,0
1971,Postgraduate,Partner,80573.0,0,0,2012-10-14,85,829,138,430,60,92,15,1,4,6,13,2,0,0,0,0,0,0,0,43,1564,0,1,2,0,24,0,623,2
1962,Graduate,Partner,83715.0,0,0,2014-02-03,2,318,8,407,150,35,8,1,2,8,13,0,0,0,0,0,0,0,0,52,926,0,1,2,0,24,0,146,1
1959,Postgraduate,Partner,82576.0,0,0,2012-08-01,66,1206,55,445,168,18,18,1,2,4,12,1,0,0,1,0,0,0,0,55,1910,0,1,2,0,19,1,697,2
1952,Graduate,Partner,35704.0,1,1,2014-01-03,54,30,9,12,2,11,30,3,2,0,4,4,0,0,0,0,0,0,0,62,94,2,1,4,1,9,0,177,1
1954,Graduate,Partner,53103.0,0,1,2013-09-12,70,729,17,133,11,0,195,5,10,6,7,7,1,0,0,0,0,0,0,60,1085,1,1,3,1,28,1,290,1
1960,Undergraduate,Single,46779.0,1,1,2013-07-12,55,12,1,3,0,0,7,1,0,1,2,4,0,0,0,0,0,0,0,54,23,2,0,3,1,4,0,352,0
1965,Graduate,Single,4861.0,0,0,2014-06-22,20,2,1,1,1,0,1,0,0,0,0,14,0,0,0,0,0,0,0,49,6,0,0,1,0,0,0,7,1
1979,Postgraduate,Single,33462.0,1,0,2013-08-07,78,22,3,18,0,0,11,1,2,0,3,7,0,0,0,0,0,0,0,35,54,1,0,2,1,6,0,326,2
1950,Graduate,Partner,80763.0,0,0,2013-08-15,17,674,168,108,192,42,231,1,5,11,6,3,0,0,1,1,0,0,1,64,1415,0,1,2,0,23,2,318,1
1974,Postgraduate,Partner,65352.0,0,1,2013-08-21,43,284,3,84,4,7,23,2,4,2,8,4,0,0,0,0,0,0,0,40,405,1,1,3,1,16,0,312,2
1978,Postgraduate,Partner,82170.0,0,0,2013-11-25,13,1023,93,651,49,55,37,1,5,6,7,2,0,0,0,0,0,0,0,36,1908,0,1,2,0,19,0,216,2
1969,Graduate,Partner,75759.0,0,0,2013-10-25,46,1394,22,708,89,91,182,1,9,7,9,5,1,0,1,1,0,0,1,45,2486,0,1,2,0,26,3,247,1
1976,Undergraduate,Single,79689.0,0,0,2013-05-12,65,311,26,640,180,37,121,1,4,9,13,2,0,0,0,0,0,0,0,38,1315,0,0,1,0,27,0,413,0
1956,Postgraduate,Single,35340.0,1,1,2014-06-29,1,27,0,12,0,1,5,2,2,0,3,5,0,0,0,0,0,0,0,58,45,2,0,3,1,7,0,0,2
1954,Graduate,Single,85683.0,0,0,2014-03-21,6,1296,17,311,45,69,51,1,2,4,10,1,0,1,1,1,1,0,1,60,1789,0,0,1,0,17,4,100,1
1972,Undergraduate,Partner,24884.0,1,0,2012-11-29,32,3,6,7,0,0,3,1,0,0,3,7,0,0,0,0,0,0,0,42,19,1,1,3,1,4,0,577,0
1981,Postgraduate,Partner,42021.0,1,0,2012-08-31,34,393,5,136,7,5,27,5,10,1,6,9,1,0,0,0,0,0,0,33,573,1,1,3,1,22,1,667,2
1989,Graduate,Single,64449.0,1,0,2014-02-18,70,218,63,282,137,35,70,4,5,3,12,4,0,0,0,0,0,0,0,25,805,1,0,2,1,24,0,131,1
1954,Graduate,Single,64587.0,1,1,2014-06-22,49,66,0,16,0,6,20,2,1,1,4,3,0,0,0,0,0,0,0,60,108,2,0,3,1,8,0,7,1
1978,Graduate,Partner,75437.0,0,0,2013-11-09,25,795,0,545,95,58,0,1,8,4,10,6,0,0,0,1,0,0,0,36,1493,0,1,2,0,23,1,232,1
1973,Graduate,Partner,52845.0,1,0,2013-08-13,7,384,25,292,130,41,64,3,8,8,6,6,1,0,0,0,0,0,0,41,936,1,1,3,1,25,1,320,1
1956,Graduate,Single,46086.0,0,1,2013-11-03,34,244,8,32,7,2,50,4,3,1,8,4,0,0,0,0,0,0,0,58,343,1,0,2,1,16,0,238,1
1956,Postgraduate,Single,78028.0,0,1,2012-09-10,38,158,19,288,25,0,38,1,6,4,9,7,0,1,1,0,0,0,1,58,528,1,0,2,1,20,2,657,2
1987,Postgraduate,Single,95169.0,0,0,2013-10-09,1,1285,21,449,106,20,20,1,4,3,4,1,0,0,1,1,0,0,1,27,1901,0,0,1,0,12,2,263,2
1981,Undergraduate,Partner,56337.0,1,1,2013-03-27,25,349,16,144,28,5,182,5,8,5,4,8,1,0,0,1,0,0,1,33,724,2,1,4,1,22,2,459,0
1987,Graduate,Partner,22434.0,1,0,2013-02-13,25,4,12,11,3,13,15,2,2,0,3,8,0,0,0,0,0,0,0,27,58,1,1,3,1,7,0,501,1
1954,Postgraduate,Partner,36930.0,0,1,2013-05-17,50,223,2,31,0,2,39,5,5,2,4,8,0,0,0,0,0,0,0,60,297,1,1,3,1,16,0,408,2
1954,Graduate,Single,36130.0,0,1,2013-02-02,46,157,43,127,68,56,37,6,3,8,4,4,1,0,0,0,0,0,1,60,488,1,0,2,1,21,1,512,1
1953,Postgraduate,Partner,65569.0,0,1,2012-11-05,96,397,46,288,20,38,70,2,6,5,10,3,0,0,0,0,0,0,0,61,859,1,1,3,1,23,0,601,2
1968,Graduate,Partner,19514.0,1,1,2014-01-26,47,14,3,21,2,1,28,4,3,1,2,8,1,0,0,0,0,0,0,46,69,2,1,4,1,10,1,154,1
1963,Postgraduate,Single,36736.0,1,1,2013-05-10,52,10,0,3,0,0,4,1,1,0,2,6,0,0,0,0,0,0,0,51,17,2,0,3,1,4,0,415,2
1979,Graduate,Partner,77568.0,0,1,2012-08-25,30,1230,0,396,232,178,158,1,10,2,8,5,0,1,1,1,0,0,0,35,2194,1,1,3,1,21,3,673,1
1976,Postgraduate,Partner,49187.0,0,1,2014-01-11,63,81,1,31,2,1,0,1,1,1,5,2,0,0,0,0,0,0,0,38,116,1,1,3,1,8,0,169,2
1978,Graduate,Single,30168.0,1,0,2013-03-07,51,154,20,66,0,12,27,7,6,1,4,9,0,0,0,0,0,0,0,36,279,1,0,2,1,18,0,479,1
1968,Postgraduate,Partner,34053.0,0,1,2012-09-10,14,63,0,21,7,0,12,1,3,0,3,8,0,0,0,0,0,0,0,46,103,1,1,3,1,7,0,657,2
1971,Postgraduate,Partner,38196.0,1,1,2014-04-18,20,30,0,11,0,0,3,3,2,0,4,5,0,0,0,0,0,0,0,43,44,2,1,4,1,9,0,72,2
1951,Postgraduate,Partner,59412.0,0,0,2014-04-19,56,90,67,165,30,43,11,1,4,2,8,3,0,0,0,0,0,0,0,63,406,0,1,2,0,15,0,71,2
1965,Undergraduate,Partner,70924.0,0,0,2014-04-07,41,635,114,254,132,152,76,1,6,6,7,3,0,0,1,0,0,0,0,49,1363,0,1,2,0,20,1,83,0
1969,Graduate,Partner,54165.0,0,0,2013-05-28,72,127,4,73,15,6,11,1,2,1,7,2,0,0,0,0,0,0,0,45,236,0,1,2,0,11,0,397,1
1973,Graduate,Partner,32300.0,1,0,2013-01-03,1,13,3,6,6,5,6,1,1,0,3,8,0,0,0,0,0,0,0,41,39,1,1,3,1,5,0,542,1
1976,Graduate,Single,20180.0,0,0,2013-02-20,27,18,42,24,15,20,18,1,2,1,4,7,0,0,0,0,0,0,0,38,137,0,0,1,0,8,0,494,1
1973,Graduate,Partner,34961.0,1,0,2014-06-19,77,45,2,26,4,1,1,3,3,1,3,7,0,0,0,0,0,0,0,41,79,1,1,3,1,10,0,10,1
1974,Postgraduate,Partner,28440.0,1,0,2013-07-07,87,38,1,24,0,0,0,1,2,0,3,8,0,0,0,0,0,0,0,40,63,1,1,3,1,6,0,357,2
1953,Postgraduate,Partner,64504.0,1,2,2013-03-04,81,986,36,168,16,0,108,7,11,3,4,7,0,0,0,0,0,0,1,61,1314,3,1,5,1,25,0,482,2
1966,Postgraduate,Partner,33564.0,0,1,2014-06-24,51,61,0,3,0,0,7,1,1,1,3,5,0,0,0,0,0,0,0,48,71,1,1,3,1,6,0,5,2
1978,Graduate,Partner,17345.0,1,0,2012-11-03,79,4,9,16,17,0,12,2,2,1,2,8,0,0,0,0,0,0,0,36,58,1,1,3,1,7,0,603,1
1967,Postgraduate,Partner,56320.0,0,1,2013-04-08,11,201,53,172,116,77,83,3,5,4,9,4,0,0,0,0,0,0,0,47,702,1,1,3,1,21,0,447,2
1978,Graduate,Single,28647.0,1,0,2013-08-21,54,19,8,29,0,12,26,1,2,2,2,7,1,0,0,0,0,0,1,36,94,1,0,2,1,7,1,312,1
1987,Undergraduate,Single,15038.0,1,0,2013-01-29,93,4,8,11,19,12,26,2,2,1,2,9,0,0,0,0,0,0,0,27,80,1,0,2,1,7,0,516,0
1958,Postgraduate,Single,32173.0,0,1,2013-08-01,0,18,0,2,0,0,2,1,1,0,3,4,0,0,0,0,0,0,0,56,22,1,0,2,1,5,0,332,2
1964,Undergraduate,Partner,68316.0,0,1,2012-11-04,54,806,80,161,120,11,33,5,10,7,10,6,0,0,0,0,0,0,0,50,1211,1,1,3,1,32,0,602,0
1971,Graduate,Partner,74538.0,0,0,2013-06-29,21,380,98,733,110,112,28,1,8,8,5,3,0,0,1,0,0,0,1,43,1461,0,1,2,0,22,1,365,1
1971,Graduate,Single,91700.0,0,0,2013-01-17,58,576,172,961,125,115,19,1,8,6,5,3,0,0,0,0,0,0,1,43,1968,0,0,1,0,20,0,528,1
1969,Graduate,Partner,68695.0,0,0,2014-06-25,3,458,81,356,106,50,40,1,4,4,7,2,0,0,0,0,0,0,0,45,1091,0,1,2,0,16,0,4,1
1977,Undergraduate,Partner,31056.0,1,0,2013-01-22,99,5,10,13,3,8,16,1,1,0,3,8,0,0,0,0,0,0,0,37,55,1,1,3,1,5,0,523,0
1980,Graduate,Single,28071.0,0,0,2012-08-29,65,39,33,130,41,26,44,2,5,1,5,8,0,0,0,0,0,0,0,34,313,0,0,1,0,13,0,669,1
1958,Postgraduate,Partner,37334.0,1,1,2014-02-26,44,26,1,16,2,2,15,4,3,0,4,4,0,0,0,0,0,0,0,56,62,2,1,4,1,11,0,123,2
1972,Postgraduate,Single,46423.0,1,1,2013-09-18,6,68,0,16,0,0,8,3,2,0,4,7,0,0,0,0,0,0,0,42,92,2,0,3,1,9,0,284,2
1971,Postgraduate,Partner,37126.0,1,0,2014-03-30,9,45,3,9,4,4,7,1,1,2,2,6,1,0,0,0,0,0,1,43,72,1,1,3,1,6,1,91,2
1953,Graduate,Partner,47703.0,0,1,2013-05-29,95,359,0,134,13,26,123,4,6,3,8,5,0,0,0,0,0,0,0,61,655,1,1,3,1,21,0,396,1
1959,Graduate,Partner,61180.0,0,1,2014-04-23,70,403,24,29,6,24,218,2,5,5,6,3,1,0,0,0,0,0,0,55,704,1,1,3,1,18,1,67,1
1954,Graduate,Partner,38998.0,1,1,2012-11-03,92,34,1,14,0,0,5,3,2,0,3,8,0,0,0,0,0,1,0,60,54,2,1,4,1,8,0,603,1
1991,Graduate,Single,8028.0,0,0,2012-09-18,62,73,18,66,7,12,2,15,0,1,0,19,0,0,0,0,0,0,0,23,178,0,0,1,0,16,0,649,1
1962,Graduate,Partner,76081.0,0,0,2014-05-23,85,292,30,415,63,33,200,1,4,5,4,2,0,0,0,1,0,0,0,52,1033,0,1,2,0,14,1,37,1
1986,Graduate,Partner,34728.0,1,0,2013-07-30,2,14,0,16,0,0,6,1,1,1,2,6,0,0,0,0,0,0,1,28,36,1,1,3,1,5,0,334,1
1965,Postgraduate,Single,33168.0,0,1,2012-10-13,0,80,1,37,0,1,3,3,2,1,4,7,0,0,0,0,0,0,0,49,122,1,0,2,1,10,0,624,2
1966,Postgraduate,Partner,33585.0,0,1,2013-09-25,91,30,11,33,13,6,29,1,2,0,4,4,0,0,0,0,0,0,0,48,122,1,1,3,1,7,0,277,2
1960,Postgraduate,Partner,77037.0,0,1,2013-10-13,3,463,96,333,168,53,10,1,7,7,12,3,0,0,0,0,0,0,0,54,1123,1,1,3,1,27,0,259,2
1984,Graduate,Partner,35196.0,1,0,2012-11-13,68,75,12,141,43,39,187,6,6,1,5,8,0,0,0,0,0,0,1,30,497,1,1,3,1,18,0,593,1
1966,Graduate,Partner,44529.0,0,1,2013-07-05,98,538,13,91,17,6,26,6,6,2,11,5,0,1,0,0,0,0,0,48,691,1,1,3,1,25,1,359,1
1966,Postgraduate,Partner,28764.0,1,1,2014-06-05,16,8,0,3,0,0,1,1,1,0,2,8,1,0,0,0,0,0,0,48,12,2,1,4,1,4,1,24,2
1949,Postgraduate,Partner,69098.0,0,0,2013-02-16,82,1315,22,780,145,0,178,1,7,8,9,5,0,0,0,0,0,0,0,65,2440,0,1,2,0,25,0,498,2
1970,Undergraduate,Single,25959.0,1,1,2013-02-14,1,4,2,12,7,5,26,2,1,2,2,6,0,0,0,0,0,0,1,44,56,2,0,3,1,7,0,500,0
1983,Postgraduate,Partner,27100.0,1,0,2013-04-05,64,12,0,13,2,0,10,1,1,0,3,7,0,0,0,0,0,0,0,31,37,1,1,3,1,5,0,450,2
1985,Graduate,Single,70596.0,0,0,2012-10-05,68,347,44,534,17,0,26,1,3,5,12,2,0,0,0,0,0,0,0,29,968,0,0,1,0,21,0,632,1
1974,Graduate,Partner,42557.0,0,1,2012-08-29,98,192,5,53,0,5,15,4,6,1,4,8,0,0,0,0,0,0,0,40,270,1,1,3,1,15,0,669,1
1951,Postgraduate,Partner,53312.0,0,0,2013-08-09,32,241,0,12,0,0,25,1,5,1,5,7,0,0,0,0,0,0,0,63,278,0,1,2,0,12,0,324,2
1952,Graduate,Single,72228.0,0,0,2012-11-27,87,631,28,491,30,14,56,1,6,7,8,3,0,0,0,0,0,0,0,62,1250,0,0,1,0,22,0,579,1
1987,Graduate,Partner,67605.0,0,0,2013-03-31,84,336,28,282,184,54,54,1,2,8,6,1,0,0,0,0,0,0,0,27,938,0,1,2,0,17,0,455,1
1949,Postgraduate,Partner,62845.0,1,1,2012-10-01,3,1099,0,45,0,0,34,11,3,4,10,8,0,1,0,0,0,0,0,65,1178,2,1,4,1,28,1,636,2
1958,Graduate,Partner,65196.0,0,2,2013-07-25,34,743,19,181,12,0,200,2,7,6,11,5,1,0,0,0,0,0,0,56,1155,2,1,4,1,26,1,339,1
1987,Postgraduate,Single,42000.0,0,0,2013-01-10,23,124,83,267,85,59,35,2,5,2,11,5,0,0,0,0,0,0,1,27,653,0,0,1,0,20,0,535,2
1973,Postgraduate,Single,35860.0,1,1,2014-05-19,37,15,0,8,4,2,20,2,1,1,2,5,1,0,0,0,0,0,0,41,49,2,0,3,1,6,1,41,2
1964,Postgraduate,Partner,65526.0,0,1,2014-04-11,22,397,19,69,12,0,9,1,4,4,8,2,0,0,0,0,0,0,0,50,506,1,1,3,1,17,0,79,2
1961,Graduate,Partner,16860.0,1,1,2012-09-12,19,10,4,4,3,3,14,3,1,1,3,7,0,0,0,0,0,0,0,53,38,2,1,4,1,8,0,655,1
1992,Graduate,Single,83528.0,0,0,2014-05-01,7,530,117,678,134,44,147,1,4,10,8,1,1,0,0,1,0,0,1,22,1650,0,0,1,0,23,2,59,1
1965,Undergraduate,Single,64176.0,0,1,2012-08-03,52,1215,33,249,64,116,149,8,8,9,8,6,0,0,0,0,0,0,0,49,1826,1,0,2,1,33,0,695,0
1956,Graduate,Single,22304.0,0,0,2012-08-04,91,3,2,7,0,4,2,1,1,0,2,8,0,0,0,0,0,0,0,58,18,0,0,1,0,4,0,694,1
1978,Graduate,Partner,67023.0,0,0,2014-03-04,93,444,44,382,11,8,17,1,3,7,13,2,0,0,0,0,0,1,0,36,906,0,1,2,0,24,0,117,1
1966,Graduate,Partner,70713.0,0,1,2012-12-03,23,736,114,279,82,76,190,6,5,6,8,3,0,0,0,0,0,0,0,48,1477,1,1,3,1,25,0,573,1
1955,Graduate,Partner,59925.0,0,1,2012-11-30,83,473,21,176,19,21,56,3,9,2,9,6,0,0,0,0,0,0,0,59,766,1,1,3,1,23,0,576,1
1953,Graduate,Partner,39722.0,0,1,2014-02-24,92,32,0,5,2,0,8,2,2,0,3,5,0,0,0,0,0,0,0,61,47,1,1,3,1,7,0,125,1
1958,Graduate,Partner,46610.0,0,0,2013-07-18,4,288,10,30,4,10,125,1,6,1,6,6,0,0,0,0,0,0,0,56,467,0,1,2,0,14,0,346,1
1961,Graduate,Partner,88347.0,0,0,2013-07-03,32,1050,178,555,77,138,118,1,4,7,9,1,0,0,0,1,0,0,0,53,2116,0,1,2,0,21,1,361,1
1981,Postgraduate,Partner,87171.0,0,0,2013-05-01,27,1001,44,107,58,44,44,1,6,7,11,2,1,0,1,0,0,0,0,33,1298,0,1,2,0,25,2,424,2
1976,Undergraduate,Partner,26907.0,1,1,2013-08-20,10,9,1,7,0,3,2,2,1,0,3,7,0,0,0,0,0,0,0,38,22,2,1,4,1,6,0,313,0
1968,Postgraduate,Single,50014.0,1,0,2014-01-22,9,234,14,77,19,10,42,2,4,1,8,5,0,0,0,0,0,0,0,46,396,1,0,2,1,15,0,158,2
1978,Postgraduate,Partner,41014.0,1,0,2013-04-22,65,7,2,6,2,0,3,1,1,0,2,7,0,0,0,0,0,0,0,36,20,1,1,3,1,4,0,433,2
1965,Graduate,Single,66294.0,0,0,2014-03-17,68,251,108,334,65,92,117,1,4,3,5,2,0,0,0,0,0,0,0,49,967,0,0,1,0,13,0,104,1
1971,Graduate,Partner,36715.0,1,0,2012-11-17,16,172,10,125,21,13,16,6,7,2,4,9,0,0,0,0,0,0,1,43,357,1,1,3,1,19,0,589,1
1956,Graduate,Partner,79456.0,0,0,2012-08-22,12,565,42,548,64,83,99,1,5,6,4,3,0,0,0,0,0,0,1,58,1401,0,1,2,0,16,0,676,1
1982,Graduate,Partner,40479.0,1,0,2013-08-17,95,5,0,8,2,0,0,1,0,0,3,4,0,0,0,0,0,0,0,32,15,1,1,3,1,4,0,316,1
1970,Postgraduate,Single,75345.0,0,0,2013-02-02,16,918,57,842,99,38,133,1,5,8,6,3,0,0,0,1,0,0,1,44,2087,0,0,1,0,20,1,512,2
1977,Graduate,Partner,54233.0,0,1,2013-02-04,46,652,8,158,21,0,142,4,11,6,5,8,0,0,0,0,0,0,0,37,981,1,1,3,1,26,0,510,1
1970,Graduate,Single,24163.0,1,1,2013-10-12,3,4,1,7,2,1,2,2,1,0,3,4,0,0,0,0,0,0,0,44,17,2,0,3,1,6,0,260,1
1958,Postgraduate,Partner,84460.0,0,0,2013-01-04,80,152,27,103,106,54,81,0,9,9,4,5,0,1,1,1,1,0,1,56,523,0,1,2,0,22,4,541,2
1983,Graduate,Partner,43776.0,1,0,2014-05-03,77,8,0,9,2,1,3,1,1,0,2,6,0,0,0,0,0,0,0,31,23,1,1,3,1,4,0,57,1
1958,Postgraduate,Single,71691.0,0,0,2014-03-17,0,336,130,411,240,32,43,1,4,7,5,2,0,0,0,0,0,0,1,56,1192,0,0,1,0,17,0,104,2
1973,Postgraduate,Partner,85844.0,0,0,2014-05-29,62,938,19,843,25,95,38,1,6,6,7,2,0,0,1,0,0,0,0,41,1958,0,1,2,0,20,1,31,2
1974,Postgraduate,Single,39190.0,1,0,2014-04-26,91,68,8,18,19,8,12,2,2,1,4,5,0,0,0,0,0,0,0,40,133,1,0,2,1,9,0,64,2
1972,Postgraduate,Single,38578.0,1,1,2013-06-22,2,38,4,22,3,3,3,3,3,0,3,8,0,0,0,0,0,0,0,42,73,2,0,3,1,9,0,372,2
1965,Postgraduate,Partner,57236.0,1,1,2014-03-12,22,105,0,9,2,1,4,3,2,1,4,3,0,0,0,0,0,0,0,49,121,2,1,4,1,10,0,109,2
1979,Graduate,Single,61825.0,0,1,2013-08-07,56,162,50,100,55,30,27,1,4,2,8,4,0,0,0,0,0,0,0,35,424,1,0,2,1,15,0,326,1
1958,Graduate,Single,79803.0,0,1,2014-06-02,54,574,8,216,21,16,33,1,4,3,5,1,0,0,0,0,0,0,0,56,868,1,0,2,1,13,0,27,1
1986,Undergraduate,Single,80910.0,0,0,2012-10-31,71,160,80,369,67,39,41,1,3,3,8,1,0,0,0,0,0,0,0,28,756,0,0,1,0,15,0,606,0
1982,Postgraduate,Partner,27590.0,1,0,2013-04-23,38,6,0,5,0,0,1,1,1,0,2,7,0,0,0,0,0,0,0,32,12,1,1,3,1,4,0,432,2
1979,Graduate,Partner,56775.0,0,1,2013-01-02,62,614,35,160,58,35,35,2,5,8,10,5,0,0,0,0,0,0,0,35,937,1,1,3,1,25,0,543,1
1975,Graduate,Single,83829.0,0,0,2013-10-08,78,897,161,430,186,161,27,0,4,7,6,1,1,0,1,1,0,0,1,39,1862,0,0,1,0,17,3,264,1
1979,Undergraduate,Partner,54210.0,0,1,2013-05-20,18,70,54,109,80,9,45,2,4,1,7,5,0,0,0,0,0,0,0,35,367,1,1,3,1,14,0,405,0
1986,Graduate,Partner,38508.0,1,0,2013-08-02,95,120,19,206,25,19,54,6,7,2,5,8,0,0,0,0,0,0,0,28,443,1,1,3,1,20,0,331,1
1970,Graduate,Partner,53187.0,1,0,2013-10-26,66,211,2,30,7,7,10,2,4,1,6,5,0,0,0,0,0,0,0,44,267,1,1,3,1,13,0,246,1
1972,Graduate,Partner,30023.0,1,0,2014-03-24,28,11,0,16,7,6,21,1,2,0,3,8,0,0,0,0,0,0,0,42,61,1,1,3,1,6,0,97,1
1960,Postgraduate,Single,76045.0,0,0,2013-11-15,78,760,53,400,17,93,0,1,4,5,11,2,0,0,0,1,0,0,0,54,1323,0,0,1,0,21,1,226,2
1952,Postgraduate,Partner,50870.0,0,1,2014-06-19,13,53,0,8,0,0,2,1,2,0,3,5,0,0,0,0,0,0,0,62,63,1,1,3,1,6,0,10,2
1974,Undergraduate,Partner,65463.0,1,0,2014-01-30,17,391,32,70,21,32,16,2,6,2,9,5,0,1,0,0,0,0,0,40,562,1,1,3,1,19,1,150,0
1965,Graduate,Partner,66480.0,1,1,2014-05-31,71,199,9,57,20,21,6,7,4,1,7,4,0,0,0,0,0,0,0,49,312,2,1,4,1,19,0,29,1
1954,Graduate,Single,76773.0,0,0,2013-02-25,79,516,56,449,86,33,16,1,2,2,11,1,0,0,0,0,0,0,0,60,1156,0,0,1,0,16,0,489,1
1983,Undergraduate,Single,81698.0,0,0,2013-03-01,1,709,45,115,30,160,45,1,8,2,5,5,0,0,0,1,0,0,1,31,1104,0,0,1,0,16,1,485,0
1973,Postgraduate,Single,54466.0,1,1,2014-02-09,78,12,0,4,0,0,0,1,1,0,2,5,0,0,0,0,0,0,0,41,16,2,0,3,1,4,0,140,2
1984,Postgraduate,Single,16269.0,1,0,2013-08-30,75,19,3,18,3,1,0,3,3,0,3,8,0,0,0,0,0,0,0,30,44,1,0,2,1,9,0,303,2
1971,Graduate,Partner,71819.0,0,1,2013-08-28,70,1224,28,140,0,14,168,3,3,3,5,6,0,1,1,0,0,0,0,43,1574,1,1,3,1,14,2,305,1
1983,Postgraduate,Partner,33569.0,1,0,2013-10-16,10,16,2,18,3,0,24,1,1,1,2,8,1,0,0,0,0,0,1,31,63,1,1,3,1,5,1,256,2
1983,Postgraduate,Partner,36262.0,0,0,2013-09-20,24,88,39,54,64,28,153,1,3,5,3,6,1,0,0,0,0,0,1,31,426,0,1,2,0,12,1,282,2
1966,Undergraduate,Partner,22634.0,0,0,2013-01-16,47,2,23,11,8,6,46,1,2,1,2,8,0,0,0,0,0,0,0,48,96,0,1,2,0,6,0,529,0
1978,Undergraduate,Partner,47025.0,0,1,2013-09-12,98,508,11,59,23,5,29,5,11,1,6,9,0,0,0,0,0,0,0,36,635,1,1,3,1,23,0,290,0
1968,Graduate,Single,70566.0,0,1,2013-10-06,4,381,28,215,84,28,21,2,6,5,9,3,0,0,0,0,0,0,0,46,757,1,0,2,1,22,0,266,1
1979,Postgraduate,Partner,31605.0,1,0,2012-11-22,15,74,0,42,2,1,6,2,2,1,4,7,0,0,0,0,0,0,0,35,125,1,1,3,1,9,0,584,2
1973,Postgraduate,Single,52034.0,1,1,2013-05-17,67,146,0,93,7,13,73,5,4,2,5,7,0,0,0,0,0,0,0,41,332,2,0,3,1,16,0,408,2
1979,Graduate,Single,48526.0,1,0,2013-12-24,32,23,17,23,43,20,9,1,2,1,4,3,0,0,0,0,0,0,0,35,135,1,0,2,1,8,0,187,1
1954,Graduate,Partner,46734.0,0,1,2012-11-18,40,110,5,137,26,23,29,2,6,1,5,7,0,0,0,0,0,0,0,60,330,1,1,3,1,14,0,588,1
1962,Graduate,Single,39552.0,1,1,2012-12-18,54,165,3,147,4,24,41,7,6,2,5,8,0,0,0,0,0,0,1,52,384,2,0,3,1,20,0,558,1
1966,Graduate,Single,86358.0,1,1,2012-08-08,78,957,47,494,82,47,95,4,5,3,6,8,0,0,0,0,0,0,0,48,1722,2,0,3,1,18,0,690,1
1977,Graduate,Partner,46931.0,2,1,2014-04-24,94,41,0,17,3,1,16,2,1,1,3,3,0,0,0,0,0,0,0,37,78,3,1,5,1,7,0,66,1
1985,Undergraduate,Single,16581.0,0,0,2013-01-12,51,1,3,4,2,3,11,1,0,0,3,4,0,0,0,0,0,0,0,29,24,0,0,1,0,4,0,533,0
1952,Undergraduate,Single,63998.0,0,0,2013-12-20,42,176,29,818,0,33,112,1,7,6,11,4,0,0,0,0,0,0,1,62,1168,0,0,1,0,25,0,191,0
1951,Postgraduate,Partner,67381.0,0,1,2013-01-15,67,815,8,53,11,0,70,4,2,2,9,7,0,1,0,0,0,0,0,63,957,1,1,3,1,17,1,530,2
1967,Graduate,Single,25930.0,1,1,2013-10-10,87,6,1,2,2,0,4,1,1,0,2,7,0,0,0,0,0,0,0,47,15,2,0,3,1,4,0,262,1
1978,Graduate,Partner,42693.0,1,0,2014-06-07,29,8,4,20,6,3,16,1,1,0,3,5,0,0,0,0,0,0,0,36,57,1,1,3,1,5,0,22,1
1976,Graduate,Partner,85606.0,0,1,2012-11-12,89,717,42,864,219,30,84,2,6,7,9,3,0,0,0,1,0,0,0,38,1956,1,1,3,1,24,1,594,1
1985,Graduate,Single,72903.0,0,0,2013-10-29,74,1067,138,750,0,19,39,1,7,5,8,4,0,1,1,1,0,0,1,29,2013,0,0,1,0,21,3,243,1
1974,Undergraduate,Partner,49669.0,1,0,2014-05-24,97,166,5,107,11,8,29,2,5,1,6,6,0,0,0,0,0,0,0,40,326,1,1,3,1,14,0,36,0
1968,Postgraduate,Partner,36778.0,1,1,2012-08-05,63,29,4,34,2,4,4,3,3,0,3,9,0,0,0,0,0,0,0,46,77,2,1,4,1,9,0,693,2
1962,Postgraduate,Single,85696.0,0,0,2013-05-03,88,714,76,395,116,0,12,1,4,6,9,1,0,0,0,0,0,0,1,52,1313,0,0,1,0,20,0,422,2
1961,Graduate,Partner,49678.0,0,1,2013-02-02,81,229,5,56,3,2,20,2,6,2,4,7,0,0,0,0,0,0,0,53,315,1,1,3,1,14,0,512,1
1989,Graduate,Partner,37155.0,1,0,2013-01-31,51,23,0,26,7,15,3,1,2,0,4,5,0,0,0,0,0,0,0,25,74,1,1,3,1,7,0,514,1
1978,Undergraduate,Single,21282.0,1,0,2014-05-11,76,1,5,8,4,8,20,2,2,1,2,6,0,0,0,0,0,0,0,36,46,1,0,2,1,7,0,49,0
1962,Postgraduate,Single,33419.0,0,1,2013-08-17,76,56,0,12,0,0,18,2,2,0,4,7,0,0,0,0,0,0,0,52,86,1,0,2,1,8,0,316,2
1945,Graduate,Single,63285.0,0,0,2013-11-05,84,508,124,249,50,38,134,1,6,5,13,3,0,0,0,0,0,0,0,69,1103,0,0,1,0,25,0,236,1
1974,Postgraduate,Partner,21255.0,1,0,2014-01-21,56,29,0,25,2,2,3,4,2,1,4,4,0,0,0,0,0,0,0,40,61,1,1,3,1,11,0,159,2
1981,Graduate,Partner,42162.0,1,0,2013-11-19,31,46,7,59,2,4,27,2,3,1,3,6,1,0,0,0,0,0,1,33,145,1,1,3,1,9,1,222,1
1956,Graduate,Partner,54450.0,1,1,2012-09-14,0,454,0,171,8,19,32,12,9,2,8,8,0,0,0,0,0,0,0,58,684,2,1,4,1,31,0,653,1
1954,Postgraduate,Partner,57744.0,0,1,2013-11-12,91,350,3,39,0,0,19,2,9,1,4,8,0,0,0,0,0,0,0,60,411,1,1,3,1,16,0,229,2
1986,Graduate,Single,26576.0,1,0,2012-10-13,40,10,0,8,0,0,9,1,1,0,2,9,1,0,0,0,0,0,1,28,27,1,0,2,1,4,1,624,1
1943,Postgraduate,Single,57513.0,0,0,2013-07-06,59,735,40,183,52,20,30,2,9,3,13,6,0,0,0,0,0,0,0,71,1060,0,0,1,0,27,0,358,2
1964,Graduate,Partner,68142.0,0,1,2012-08-29,96,897,126,196,91,112,37,3,10,4,7,6,0,0,0,0,0,0,0,50,1459,1,1,3,1,24,0,669,1
1979,Graduate,Partner,7500.0,0,1,2012-08-29,61,5,2,3,3,0,5,1,1,0,2,8,0,0,0,0,0,0,0,35,18,1,1,3,1,4,0,669,1
1974,Graduate,Partner,83145.0,0,0,2012-09-22,14,777,35,731,39,137,114,1,5,9,11,2,0,0,1,0,0,0,1,40,1833,0,1,2,0,26,1,645,1
1960,Postgraduate,Partner,54197.0,0,1,2014-04-03,16,162,6,37,6,13,13,2,1,3,6,1,0,0,0,0,0,0,0,54,237,1,1,3,1,12,0,87,2
1963,Postgraduate,Single,23091.0,1,1,2014-05-28,98,35,0,11,0,0,2,4,2,1,3,7,0,0,0,0,0,0,0,51,48,2,0,3,1,10,0,32,2
1976,Graduate,Partner,46049.0,1,1,2013-07-21,11,342,9,112,19,14,19,10,5,2,9,7,0,0,0,0,0,0,1,38,515,2,1,4,1,26,0,343,1
1974,Graduate,Partner,56715.0,0,0,2012-12-05,52,258,105,239,237,172,9,1,7,3,4,4,0,0,0,0,0,0,0,40,1020,0,1,2,0,15,0,571,1
1961,Graduate,Partner,79410.0,0,0,2014-05-29,19,658,80,483,123,13,13,1,3,2,5,1,0,0,0,0,0,0,0,53,1370,0,1,2,0,11,0,31,1
1951,Graduate,Partner,57304.0,0,1,2013-03-11,61,356,80,329,138,17,106,2,7,6,10,5,0,0,0,0,0,0,0,63,1026,1,1,3,1,25,0,475,1
1965,Graduate,Partner,44375.0,0,1,2014-03-23,73,213,5,28,7,7,41,1,4,1,6,5,0,0,0,0,0,0,0,49,301,1,1,3,1,12,0,98,1
1965,Graduate,Partner,59594.0,0,1,2012-10-20,74,457,4,29,0,0,9,1,8,1,7,7,0,1,0,0,0,0,0,49,499,1,1,3,1,17,1,617,1
1994,Graduate,Partner,80685.0,0,0,2012-08-22,55,241,45,604,34,26,54,1,6,4,10,2,0,0,0,0,0,0,0,20,1004,0,1,2,0,21,0,676,1
1974,Postgraduate,Partner,40344.0,0,1,2013-10-13,48,210,0,6,0,0,2,2,4,1,5,7,0,0,0,0,0,0,0,40,218,1,1,3,1,12,0,259,2
1972,Graduate,Partner,62710.0,0,1,2013-05-23,53,441,35,83,7,29,11,4,4,2,12,4,0,0,0,0,0,0,0,42,606,1,1,3,1,22,0,402,1
1968,Undergraduate,Partner,48985.0,0,1,2013-07-05,13,19,13,18,10,7,8,1,1,1,3,3,0,0,0,0,0,0,0,46,75,1,1,3,1,6,0,359,0
1968,Graduate,Partner,35322.0,1,2,2012-08-22,34,28,9,37,12,7,13,3,2,0,4,8,0,0,0,0,0,0,0,46,106,3,1,5,1,9,0,676,1
1948,Graduate,Partner,77142.0,0,0,2013-05-29,54,476,75,162,29,151,97,1,4,4,8,2,0,0,0,0,0,0,0,66,990,0,1,2,0,17,0,396,1
1969,Graduate,Single,81657.0,0,0,2014-01-22,69,364,40,425,158,60,50,1,3,4,8,1,0,0,0,0,0,0,0,45,1097,0,0,1,0,16,0,158,1
1996,Undergraduate,Partner,14421.0,0,0,2014-02-17,81,0,0,2,3,3,8,1,1,0,2,5,1,0,0,0,0,0,0,18,16,0,1,2,0,4,1,132,0
1990,Postgraduate,Partner,74214.0,0,0,2012-08-26,3,863,83,547,86,99,33,1,8,2,5,5,0,0,0,0,0,0,0,24,1711,0,1,2,0,16,0,672,2
1957,Postgraduate,Partner,66726.0,1,1,2014-01-12,61,349,7,35,0,0,47,3,8,2,4,7,0,1,0,0,0,0,0,57,438,2,1,4,1,17,1,168,2
1979,Undergraduate,Partner,23724.0,1,0,2013-01-08,65,5,23,15,0,18,14,2,2,0,3,8,0,0,0,0,0,0,0,35,75,1,1,3,1,7,0,537,0
1960,Postgraduate,Partner,47353.0,0,1,2013-11-13,93,184,2,19,8,8,4,3,2,2,6,5,0,0,0,0,0,0,0,54,225,1,1,3,1,13,0,228,2
1952,Postgraduate,Partner,33444.0,1,1,2012-11-03,24,8,0,8,0,0,2,1,1,0,2,8,0,0,0,0,0,0,0,62,18,2,1,4,1,4,0,603,2
1981,Graduate,Partner,54386.0,0,1,2013-05-17,8,277,21,64,62,21,25,2,3,2,10,3,0,0,0,0,0,0,0,33,470,1,1,3,1,17,0,408,1
1981,Graduate,Single,28510.0,1,1,2013-04-13,72,44,5,19,0,4,19,3,2,0,4,5,0,0,0,0,0,0,0,33,91,2,0,3,1,9,0,442,1
1991,Postgraduate,Single,90638.0,0,0,2014-02-13,29,1156,120,915,94,144,96,1,3,4,10,1,0,0,1,0,0,0,0,23,2525,0,0,1,0,18,1,136,2
1950,Graduate,Partner,48070.0,0,1,2013-01-13,33,373,14,83,6,9,19,3,8,2,6,7,0,0,0,0,0,1,0,64,504,1,1,3,1,19,0,532,1
1957,Graduate,Partner,43140.0,0,1,2013-01-05,68,134,8,76,6,0,11,1,4,1,5,6,0,0,0,0,0,0,0,57,235,1,1,3,1,11,0,540,1
1961,Postgraduate,Single,54959.0,0,1,2013-01-19,55,1148,0,60,0,0,24,3,9,5,4,7,0,1,0,0,0,0,1,53,1232,1,0,2,1,21,1,526,2
1958,Undergraduate,Single,15056.0,1,1,2013-05-03,76,6,12,3,21,6,40,5,2,2,3,5,0,0,0,0,0,0,0,56,88,2,0,3,1,12,0,422,0
1971,Graduate,Single,26954.0,1,0,2014-05-08,17,4,1,11,0,0,1,1,1,0,2,7,0,0,0,0,0,0,0,43,17,1,0,2,1,4,0,52,1
1985,Graduate,Single,22327.0,1,0,2013-08-02,94,5,4,8,2,0,5,1,1,0,3,5,0,0,0,0,0,0,0,29,24,1,0,2,1,5,0,331,1
1965,Graduate,Partner,44393.0,1,1,2013-08-22,86,24,2,20,2,2,10,2,1,0,4,4,0,0,0,0,0,0,0,49,60,2,1,4,1,7,0,311,1
1952,Postgraduate,Single,62000.0,0,1,2013-08-25,25,899,0,101,0,0,20,1,6,6,13,4,0,0,0,1,0,0,0,62,1020,1,0,2,1,26,1,308,2
1962,Postgraduate,Partner,31497.0,0,1,2012-12-06,22,108,1,28,13,1,4,2,3,1,4,8,0,0,0,0,0,0,0,52,155,1,1,3,1,10,0,570,2
1974,Undergraduate,Partner,45894.0,0,2,2014-02-27,15,27,2,7,0,2,13,1,1,0,3,5,0,0,0,0,0,0,0,40,51,2,1,4,1,5,0,122,0
1970,Postgraduate,Single,78579.0,0,0,2012-12-22,35,816,66,549,216,66,99,1,5,6,4,3,0,0,0,0,0,0,1,44,1812,0,0,1,0,16,0,554,2
1969,Postgraduate,Single,67369.0,0,1,2012-11-17,81,1298,0,70,37,14,42,4,7,4,10,4,0,1,1,0,0,0,1,45,1461,1,0,2,1,25,2,589,2
1960,Graduate,Single,58401.0,0,1,2014-04-20,55,10,0,11,17,29,29,1,1,2,2,4,0,0,0,0,0,0,0,54,96,1,0,2,1,6,0,70,1
1952,Graduate,Single,62307.0,0,1,2014-02-17,94,87,13,34,10,6,10,1,4,0,4,5,0,0,0,0,0,0,0,62,160,1,0,2,1,9,0,132,1
1969,Postgraduate,Partner,43641.0,1,1,2013-04-22,50,57,2,51,4,2,23,3,2,1,4,6,0,0,0,0,0,0,0,45,139,2,1,4,1,10,0,433,2
1969,Postgraduate,Partner,70091.0,1,0,2013-03-31,11,964,34,137,15,0,11,2,5,2,10,8,0,1,0,0,0,0,0,45,1161,1,1,3,1,19,1,455,2
1972,Postgraduate,Partner,78075.0,0,0,2014-04-05,72,572,8,259,34,35,80,1,3,5,5,1,0,0,0,0,0,0,0,42,988,0,1,2,0,14,0,85,2
1961,Undergraduate,Single,59184.0,0,1,2012-09-09,6,341,142,113,259,151,66,3,6,6,12,5,0,0,0,0,0,0,0,53,1072,1,0,2,1,27,0,658,0
1977,Graduate,Partner,54809.0,1,1,2013-09-11,0,63,6,57,13,13,22,4,2,1,5,4,0,0,0,0,0,0,0,37,174,2,1,4,1,12,0,291,1
1959,Graduate,Partner,58113.0,0,1,2013-01-25,66,221,104,169,102,78,84,3,9,2,8,7,0,0,0,0,0,1,0,55,758,1,1,3,1,22,0,520,1
1958,Postgraduate,Partner,51412.0,0,1,2013-12-31,42,140,3,29,4,5,14,2,3,2,4,4,0,0,0,0,0,0,0,56,195,1,1,3,1,11,0,180,2
1957,Postgraduate,Partner,66636.0,0,0,2013-08-17,64,291,10,689,84,10,0,1,3,4,9,1,0,0,0,0,0,0,0,57,1084,0,1,2,0,17,0,316,2
1956,Postgraduate,Partner,50965.0,0,1,2013-02-20,87,544,13,85,8,6,29,3,10,4,5,8,1,0,0,0,0,0,0,58,685,1,1,3,1,22,1,494,2
1990,Graduate,Partner,18351.0,0,0,2013-10-29,1,1,12,9,0,14,7,1,2,0,3,7,0,0,0,0,0,0,0,24,43,0,1,2,0,6,0,243,1
1957,Postgraduate,Partner,40451.0,0,2,2014-02-16,54,35,0,4,0,0,10,1,1,1,2,5,1,0,0,0,0,0,0,57,49,2,1,4,1,5,1,133,2
1965,Graduate,Partner,36317.0,0,1,2013-05-22,53,87,3,25,3,2,13,2,3,0,4,7,0,0,0,0,0,0,0,49,133,1,1,3,1,9,0,403,1
1957,Graduate,Partner,42213.0,0,1,2013-10-12,96,309,3,24,4,3,20,2,5,1,7,7,0,1,0,0,0,0,0,57,363,1,1,3,1,15,1,260,1
1955,Graduate,Partner,65748.0,0,1,2013-04-15,58,172,73,93,95,78,34,2,2,4,10,1,0,0,0,0,0,1,0,59,545,1,1,3,1,18,0,440,1
1972,Graduate,Partner,77044.0,0,1,2013-10-27,12,625,38,242,50,34,76,2,7,11,11,4,1,0,0,0,0,0,0,42,1065,1,1,3,1,31,1,245,1
1969,Graduate,Partner,74918.0,0,0,2013-03-12,78,972,59,913,25,19,59,1,5,9,6,3,0,0,1,0,0,0,0,45,2047,0,1,2,0,21,1,474,1
1972,Graduate,Partner,56721.0,1,1,2012-10-31,64,157,6,39,6,13,75,5,4,1,5,6,0,0,0,0,0,0,0,42,296,2,1,4,1,15,0,606,1
1975,Graduate,Single,42160.0,1,1,2013-06-28,26,48,9,45,3,15,20,4,2,1,4,6,0,0,0,0,0,0,1,39,140,2,0,3,1,11,0,366,1
1965,Graduate,Single,61559.0,0,1,2013-07-17,8,279,83,88,32,14,34,1,4,2,10,3,0,0,0,0,0,0,0,49,530,1,0,2,1,17,0,347,1
1963,Postgraduate,Partner,33629.0,1,1,2012-08-08,49,132,0,16,0,0,4,5,3,1,4,9,0,0,0,0,0,0,0,51,152,2,1,4,1,13,0,690,2
1963,Graduate,Single,34377.0,0,1,2013-01-19,55,62,0,22,3,1,26,2,2,2,2,7,0,0,0,0,0,0,0,51,114,1,0,2,1,8,0,526,1
1986,Undergraduate,Single,8940.0,1,0,2012-08-22,25,1,45,3,4,6,42,3,3,1,3,8,0,0,0,0,0,0,0,28,101,1,0,2,1,10,0,676,0
1973,Graduate,Partner,26228.0,1,0,2013-09-22,50,2,6,4,3,1,9,1,1,0,2,8,0,0,0,0,0,0,0,41,25,1,1,3,1,4,0,280,1
1957,Undergraduate,Single,77297.0,0,0,2013-01-26,84,408,61,109,48,122,41,1,5,7,9,4,0,0,0,1,0,0,0,57,789,0,0,1,0,22,1,519,0
1981,Graduate,Partner,40211.0,1,1,2013-07-30,30,51,1,7,2,1,25,2,2,1,2,8,1,0,0,0,0,0,0,33,87,2,1,4,1,7,1,334,1
1958,Postgraduate,Single,33438.0,1,1,2013-09-22,81,62,1,16,3,2,6,4,2,1,4,5,0,0,0,0,0,0,0,56,90,2,0,3,1,11,0,280,2
1959,Postgraduate,Partner,75032.0,0,1,2013-04-28,74,952,12,180,47,12,12,2,5,4,9,3,0,0,0,0,0,0,0,55,1215,1,1,3,1,20,0,427,2
1955,Postgraduate,Single,61284.0,0,0,2013-10-12,76,618,15,106,20,7,45,1,11,2,8,6,0,1,0,0,0,0,0,59,811,0,0,1,0,22,1,260,2
1986,Graduate,Partner,22518.0,1,0,2012-10-22,36,11,7,12,2,2,27,2,2,1,2,5,1,0,0,0,0,0,1,28,61,1,1,3,1,7,1,615,1
1975,Postgraduate,Partner,54730.0,0,1,2013-08-15,64,318,3,17,4,7,56,5,4,1,8,4,0,0,0,0,0,0,0,39,405,1,1,3,1,18,0,318,2
1955,Postgraduate,Partner,38452.0,1,1,2014-03-30,62,56,0,14,0,0,2,3,3,0,3,7,0,0,0,0,0,0,0,59,72,2,1,4,1,9,0,91,2
1971,Graduate,Single,44421.0,1,1,2013-02-15,53,110,5,59,7,1,7,5,5,0,4,8,0,0,0,0,0,0,0,43,189,2,0,3,1,14,0,499,1
1986,Postgraduate,Partner,38197.0,1,0,2013-06-29,86,23,0,11,2,1,3,1,1,0,3,5,0,0,0,0,0,0,0,28,40,1,1,3,1,5,0,365,2
1978,Graduate,Single,41986.0,0,1,2014-02-09,15,27,5,8,8,3,12,3,3,0,4,4,0,0,0,0,0,0,0,36,63,1,0,2,1,10,0,140,1
1983,Graduate,Partner,28427.0,1,0,2013-03-21,67,18,3,19,3,3,6,2,2,0,3,8,0,0,0,0,0,0,0,31,52,1,1,3,1,7,0,465,1
1976,Postgraduate,Partner,37395.0,1,0,2014-05-02,47,18,0,9,0,1,11,1,1,0,3,6,0,0,0,0,0,0,0,38,39,1,1,3,1,5,0,58,2
1971,Graduate,Partner,64722.0,1,0,2014-05-26,47,303,0,280,60,147,15,4,8,2,11,6,0,0,0,0,0,0,0,43,805,1,1,3,1,25,0,34,1
1956,Postgraduate,Partner,55249.0,0,1,2014-04-17,81,97,1,19,2,0,11,1,2,1,4,3,0,0,0,0,0,0,0,58,130,1,1,3,1,8,0,73,2
1972,Graduate,Partner,84906.0,0,0,2013-10-04,98,997,15,414,99,30,76,1,5,6,12,2,0,1,1,0,1,0,0,42,1631,0,1,2,0,24,3,268,1
1952,Graduate,Single,44213.0,1,1,2013-11-29,48,95,11,35,0,4,7,4,2,1,5,6,0,0,0,0,0,0,0,62,152,2,0,3,1,12,0,212,1
1984,Undergraduate,Single,25707.0,1,0,2014-01-18,18,1,6,2,3,6,3,1,1,0,3,7,0,0,0,0,0,0,0,30,21,1,0,2,1,5,0,162,0
1967,Postgraduate,Partner,59062.0,2,1,2013-10-03,74,46,1,12,3,0,9,2,2,0,3,4,0,0,0,0,0,0,0,47,71,3,1,5,1,7,0,269,2
1962,Graduate,Single,76624.0,0,1,2014-05-24,68,411,106,147,54,115,66,1,5,10,7,1,1,0,0,0,0,0,0,52,899,1,0,2,1,23,1,36,1
1947,Postgraduate,Partner,66000.0,0,0,2014-04-20,36,244,51,270,101,0,45,1,1,3,5,1,0,0,0,0,0,0,0,67,711,0,1,2,0,10,0,70,2
1978,Postgraduate,Partner,27683.0,1,0,2012-08-04,90,152,9,121,12,12,45,4,6,2,4,8,0,0,0,0,0,0,0,36,351,1,1,3,1,16,0,694,2
1971,Graduate,Single,1730.0,0,0,2014-05-18,65,1,1,3,1,1,1,15,0,0,0,20,0,0,0,0,0,0,0,43,8,0,0,1,0,15,0,42,1
1992,Undergraduate,Single,7500.0,1,0,2012-12-03,63,10,17,18,8,26,40,4,3,2,2,9,0,0,0,0,0,0,0,22,119,1,0,2,1,11,0,573,0
1968,Graduate,Partner,40521.0,1,1,2013-04-05,82,12,0,5,0,0,4,1,0,1,2,5,0,0,0,0,0,0,0,46,21,2,1,4,1,4,0,450,1
1973,Postgraduate,Partner,20427.0,1,0,2014-03-24,63,5,0,4,0,0,1,1,1,0,2,8,0,0,0,0,0,0,0,41,10,1,1,3,1,4,0,97,2
1975,Graduate,Partner,65106.0,0,1,2014-05-24,55,790,19,133,12,0,19,3,8,3,13,6,0,1,0,0,0,0,0,39,973,1,1,3,1,27,1,36,1
1965,Postgraduate,Partner,69969.0,0,0,2013-08-27,64,882,29,514,38,29,44,1,4,2,6,3,0,0,1,1,0,0,1,49,1536,0,1,2,0,13,2,306,2
1952,Graduate,Partner,67433.0,0,2,2013-07-16,51,615,28,259,12,48,30,4,6,5,13,4,0,1,0,0,0,0,0,62,992,2,1,4,1,28,1,348,1
1967,Postgraduate,Partner,77766.0,0,1,2013-02-22,97,1004,59,265,115,59,27,2,11,10,11,6,1,0,0,0,0,0,1,47,1529,1,1,3,1,34,1,492,2
1972,Graduate,Partner,74716.0,0,1,2013-09-12,92,133,27,421,13,195,71,2,7,3,5,4,0,0,0,0,0,0,0,42,860,1,1,3,1,17,0,290,1
1970,Postgraduate,Partner,55158.0,1,1,2012-07-30,72,293,0,87,4,11,23,4,7,2,5,7,0,0,0,0,0,0,1,44,418,2,1,4,1,18,0,699,2
1955,Undergraduate,Partner,62972.0,0,1,2012-08-03,39,313,15,47,20,0,192,2,7,4,3,6,0,0,0,0,0,0,1,59,587,1,1,3,1,16,0,695,0
1975,Graduate,Partner,74190.0,0,1,2014-05-12,49,151,81,86,168,91,64,2,4,2,11,2,0,0,0,0,0,0,0,39,641,1,1,3,1,19,0,48,1
1976,Graduate,Partner,39356.0,1,1,2014-03-19,21,15,0,2,0,0,6,1,1,0,2,6,1,0,0,0,0,0,0,38,23,2,1,4,1,4,1,102,1
1969,Graduate,Partner,76653.0,0,0,2013-08-16,91,736,63,946,219,189,126,1,4,7,11,2,0,0,1,1,0,0,0,45,2279,0,1,2,0,23,2,317,1
1983,Postgraduate,Single,90687.0,0,0,2013-05-22,98,982,17,672,23,34,51,1,6,2,8,2,0,0,1,0,0,0,1,31,1779,0,0,1,0,17,1,403,2
1982,Postgraduate,Partner,73450.0,0,0,2013-12-05,85,1142,51,415,90,69,37,1,7,8,11,3,1,0,0,1,0,0,0,32,1804,0,1,2,0,27,2,206,2
1960,Graduate,Partner,31454.0,1,1,2013-07-06,40,28,0,11,0,0,9,3,2,0,3,8,0,0,0,0,0,0,0,54,48,2,1,4,1,8,0,358,1
1952,Graduate,Single,47139.0,1,1,2014-03-06,2,46,0,12,0,2,23,2,2,1,2,7,0,0,0,0,0,0,1,62,83,2,0,3,1,7,0,115,1
1963,Postgraduate,Partner,53378.0,1,1,2012-09-24,41,489,6,152,8,6,132,10,9,4,6,8,0,0,0,0,0,0,1,51,793,2,1,4,1,29,0,643,2
1970,Graduate,Partner,19656.0,1,0,2013-02-08,94,25,4,9,6,8,32,3,2,1,3,7,0,0,0,0,0,0,0,44,84,1,1,3,1,9,0,506,1
1948,Postgraduate,Partner,45579.0,0,1,2013-08-20,10,145,1,33,2,1,1,1,4,1,4,6,0,0,0,0,0,0,0,66,183,1,1,3,1,10,0,313,2
1958,Undergraduate,Single,85485.0,0,0,2014-06-21,73,630,26,611,44,18,54,1,6,6,6,2,0,0,0,0,0,0,0,56,1383,0,0,1,0,19,0,8,0
1944,Graduate,Partner,55956.0,0,0,2014-04-07,22,760,38,104,50,9,38,2,7,3,4,4,0,1,0,0,0,0,0,70,999,0,1,2,0,16,1,83,1
1963,Postgraduate,Single,64191.0,0,1,2013-01-22,30,420,15,186,151,38,15,3,5,3,13,3,0,0,0,0,0,0,0,51,825,1,0,2,1,24,0,523,2
1972,Graduate,Single,38808.0,1,0,2012-08-26,21,125,17,52,3,19,30,4,5,1,4,8,1,0,0,0,0,0,1,42,246,1,0,2,1,14,1,672,1
1966,Postgraduate,Partner,57183.0,1,1,2013-03-19,51,464,5,64,7,0,70,8,9,1,7,8,0,0,0,0,0,0,0,48,610,2,1,4,1,25,0,467,2
1968,Postgraduate,Single,23748.0,1,0,2012-11-21,97,6,6,29,12,15,8,3,2,1,3,8,0,0,0,0,0,0,0,46,76,1,0,2,1,9,0,585,2
1971,Graduate,Partner,66303.0,0,1,2013-02-26,56,1090,12,96,16,12,60,4,3,4,11,8,0,1,0,0,0,0,0,43,1286,1,1,3,1,22,1,488,1
1975,Postgraduate,Partner,37368.0,1,0,2013-12-16,4,3,2,11,2,2,10,1,1,0,2,6,1,0,0,0,0,0,0,39,30,1,1,3,1,4,1,195,2
1964,Graduate,Partner,40800.0,1,2,2013-01-01,77,24,0,27,8,30,10,2,3,0,3,7,0,0,0,0,0,1,0,50,99,3,1,5,1,8,0,544,1
1978,Graduate,Single,71847.0,0,0,2012-09-21,95,737,21,106,55,63,210,0,6,7,9,3,0,0,0,1,0,0,0,36,1192,0,0,1,0,22,1,646,1
1975,Graduate,Partner,46149.0,0,1,2013-11-29,36,254,6,71,4,0,27,5,5,1,7,5,0,0,0,0,0,0,0,39,362,1,1,3,1,18,0,212,1
1983,Graduate,Partner,78687.0,0,0,2012-08-09,13,817,185,687,145,55,241,1,4,6,8,2,0,0,1,0,0,0,1,31,2130,0,1,2,0,19,1,689,1
1971,Undergraduate,Single,49118.0,0,0,2012-08-18,90,620,54,239,99,98,119,2,9,7,10,7,0,1,0,0,1,0,1,43,1229,0,0,1,0,28,2,680,0
1957,Postgraduate,Partner,37633.0,1,1,2012-09-20,49,13,4,20,0,0,1,2,1,0,3,9,0,0,0,0,0,0,0,57,38,2,1,4,1,6,0,647,2
1951,Postgraduate,Partner,39767.0,0,0,2013-07-21,18,113,61,204,34,26,47,2,7,1,7,8,0,0,0,0,0,0,0,63,485,0,1,2,0,17,0,343,2
1951,Undergraduate,Partner,26997.0,0,0,2012-11-05,89,7,23,78,133,49,144,2,4,2,5,7,0,0,0,0,0,0,0,63,434,0,1,2,0,13,0,601,0
1970,Graduate,Single,33986.0,1,0,2013-03-14,43,16,2,18,2,1,5,1,1,0,3,7,0,0,0,0,0,0,0,44,44,1,0,2,1,5,0,472,1
1972,Postgraduate,Partner,57091.0,0,1,2012-11-23,82,462,0,24,6,0,4,2,9,2,5,7,0,1,0,0,0,0,1,42,496,1,1,3,1,18,1,583,2
1969,Undergraduate,Partner,46831.0,1,1,2013-06-08,84,22,2,10,6,4,34,2,1,2,2,4,0,0,0,0,0,0,0,45,78,2,1,4,1,7,0,386,0
1972,Postgraduate,Partner,83151.0,0,0,2013-02-10,80,968,147,842,137,42,210,1,5,7,10,2,1,0,1,1,0,0,1,42,2346,0,1,2,0,23,3,504,2
1971,Graduate,Partner,52531.0,0,0,2012-12-30,68,283,112,151,51,72,125,2,7,2,10,6,0,0,0,0,0,0,0,43,794,0,1,2,0,21,0,546,1
1956,Graduate,Partner,15759.0,0,0,2013-09-05,12,1,2,5,6,0,3,1,1,0,2,7,0,0,0,0,0,0,0,58,17,0,1,2,0,4,0,297,1
1973,Undergraduate,Partner,43050.0,1,0,2014-03-18,10,30,5,24,6,3,8,2,2,0,4,5,0,0,0,0,0,0,0,41,76,1,1,3,1,8,0,103,0
1977,Postgraduate,Single,42997.0,1,1,2013-12-07,91,4,0,5,0,1,5,1,1,0,2,7,0,0,0,0,0,0,0,37,15,2,0,3,1,4,0,204,2
1963,Postgraduate,Single,48918.0,1,1,2014-04-12,21,52,0,9,0,0,1,2,1,0,4,4,0,0,0,0,0,0,0,51,62,2,0,3,1,7,0,78,2
1954,Postgraduate,Partner,60033.0,0,1,2014-03-29,28,62,1,57,19,11,48,2,2,1,5,2,0,0,0,0,0,0,0,60,198,1,1,3,1,10,0,92,2
1978,Postgraduate,Partner,34043.0,1,0,2013-10-25,97,20,2,14,3,0,10,1,2,0,2,9,0,0,0,0,0,0,0,36,49,1,1,3,1,5,0,247,2
1966,Graduate,Partner,57811.0,0,1,2013-06-24,49,545,7,114,37,21,78,5,7,2,11,5,0,1,0,0,0,0,0,48,802,1,1,3,1,25,1,370,1
1946,Graduate,Partner,78569.0,0,0,2014-02-19,14,558,79,622,207,175,95,1,4,6,4,1,0,0,1,0,0,0,1,68,1736,0,1,2,0,15,1,130,1
1978,Graduate,Single,7500.0,1,1,2012-12-27,5,6,5,4,13,4,25,4,2,1,3,6,0,0,0,0,0,0,0,36,57,2,0,3,1,10,0,549,1
1971,Postgraduate,Partner,157733.0,1,0,2013-06-04,37,39,1,9,2,0,8,0,1,0,1,1,0,0,0,0,0,0,0,43,59,1,1,3,1,2,0,390,2
1985,Undergraduate,Partner,23148.0,0,0,2014-02-18,83,4,6,8,6,3,10,1,2,0,3,7,0,0,0,0,0,0,0,29,37,0,1,2,0,6,0,131,0
1970,Graduate,Single,44267.0,1,1,2013-02-25,48,183,5,65,3,5,49,5,5,2,4,9,0,0,0,0,0,0,0,44,310,2,0,3,1,16,0,489,1
1979,Graduate,Partner,71626.0,0,0,2012-11-01,94,546,72,376,94,145,72,1,5,5,8,3,0,1,0,0,0,0,0,35,1305,0,1,2,0,19,1,605,1
1966,Graduate,Partner,60894.0,0,1,2013-06-28,61,606,7,155,10,0,54,5,10,3,8,7,0,0,0,0,0,0,0,48,832,1,1,3,1,26,0,366,1
1976,Graduate,Partner,50200.0,1,1,2013-04-03,70,266,6,51,8,6,64,6,7,1,5,8,0,0,0,0,0,0,0,38,401,2,1,4,1,19,0,452,1
1965,Postgraduate,Partner,81051.0,0,0,2014-05-23,43,1142,29,249,38,29,14,1,5,5,12,2,0,1,1,0,0,0,0,49,1501,0,1,2,0,23,2,37,2
1982,Graduate,Partner,65169.0,0,0,2014-01-14,23,1074,0,69,0,0,46,1,10,4,13,6,1,0,1,1,1,0,1,32,1189,0,1,2,0,28,4,166,1
1972,Graduate,Partner,59868.0,0,1,2013-07-22,37,771,51,154,54,10,154,7,11,2,12,6,0,0,0,0,0,0,0,42,1194,1,1,3,1,32,0,342,1
1960,Postgraduate,Partner,65695.0,0,1,2014-01-31,50,371,32,189,0,58,6,2,5,4,10,4,0,0,0,0,0,0,0,54,656,1,1,3,1,21,0,149,2
1956,Postgraduate,Single,64857.0,0,0,2012-11-23,78,556,14,717,210,0,43,1,7,5,10,4,0,0,0,0,0,0,0,58,1540,0,0,1,0,23,0,583,2
1965,Postgraduate,Partner,45143.0,0,1,2013-08-26,74,202,5,74,11,5,14,3,6,1,5,7,0,0,0,0,0,0,0,49,311,1,1,3,1,15,0,307,2
1955,Undergraduate,Partner,74805.0,0,1,2013-11-06,14,209,162,209,41,162,37,5,4,7,10,2,0,0,0,0,0,0,0,59,820,1,1,3,1,26,0,235,0
1989,Undergraduate,Partner,59060.0,1,0,2014-01-11,77,35,40,111,36,40,12,3,3,1,7,4,0,0,0,0,0,0,0,25,274,1,1,3,1,14,0,169,0
1962,Postgraduate,Single,27238.0,1,1,2013-04-20,39,37,0,17,0,0,3,3,3,0,3,9,0,0,0,0,0,0,0,52,57,2,0,3,1,9,0,435,2
1965,Graduate,Partner,47009.0,0,1,2013-10-01,89,171,45,73,59,10,90,4,3,2,8,4,0,0,0,0,0,0,0,49,448,1,1,3,1,17,0,271,1
1973,Undergraduate,Partner,46094.0,1,1,2014-06-10,62,12,2,20,3,2,5,1,1,0,3,7,0,0,0,0,0,0,0,41,44,2,1,4,1,5,0,19,0
1984,Graduate,Partner,37235.0,1,0,2014-02-01,68,20,2,9,4,6,20,1,1,1,2,4,0,0,0,0,0,0,0,30,61,1,1,3,1,5,0,148,1
1960,Postgraduate,Partner,81843.0,0,0,2013-04-22,13,779,86,537,34,69,138,1,5,9,12,3,0,0,0,0,0,0,0,54,1643,0,1,2,0,27,0,433,2
1958,Postgraduate,Partner,46692.0,0,1,2013-06-06,37,170,6,97,24,12,88,3,6,1,5,6,0,0,0,0,0,0,0,56,397,1,1,3,1,15,0,388,2
1968,Graduate,Partner,77382.0,0,1,2014-01-07,36,491,48,231,112,105,134,2,5,7,12,1,0,0,1,0,0,0,0,46,1121,1,1,3,1,26,1,173,1
1977,Graduate,Single,37774.0,2,0,2012-09-03,28,173,8,107,7,2,176,4,7,2,3,9,1,0,0,0,0,1,1,37,473,2,0,3,1,16,1,664,1
1974,Undergraduate,Partner,18393.0,1,0,2014-03-29,2,7,10,13,16,0,4,2,3,0,3,8,0,0,0,0,0,0,0,40,50,1,1,3,1,8,0,92,0
1962,Postgraduate,Partner,72828.0,0,1,2013-02-14,17,1205,0,235,19,14,205,6,6,3,13,7,0,0,0,0,0,0,0,52,1678,1,1,3,1,28,0,500,2
1982,Graduate,Partner,24711.0,0,0,2014-04-18,86,10,7,25,6,3,7,1,3,0,3,7,0,0,0,0,0,0,0,32,58,0,1,2,0,7,0,72,1
1975,Postgraduate,Partner,45503.0,1,0,2013-09-25,54,97,4,44,6,1,18,1,3,1,4,5,0,0,0,0,0,0,0,39,170,1,1,3,1,9,0,277,2
1982,Postgraduate,Single,6560.0,0,0,2013-12-12,2,67,11,26,4,3,262,0,1,0,1,17,0,0,0,0,0,0,0,32,373,0,0,1,0,2,0,199,2
1945,Postgraduate,Partner,71604.0,0,0,2013-11-17,3,345,53,528,98,75,97,1,8,3,5,4,1,0,0,0,0,0,1,69,1196,0,1,2,0,17,1,224,2
1979,Graduate,Partner,27244.0,1,0,2014-03-07,84,6,5,17,3,24,46,2,2,2,2,7,0,0,0,0,0,0,0,35,101,1,1,3,1,8,0,114,1
1969,Graduate,Partner,48752.0,1,1,2012-12-12,8,73,57,100,71,15,0,5,6,1,5,9,0,0,0,0,0,0,1,45,316,2,1,4,1,17,0,564,1
1962,Graduate,Partner,71434.0,0,1,2013-09-18,4,711,36,217,172,96,168,3,7,4,7,4,0,1,0,1,0,0,0,52,1400,1,1,3,1,21,2,284,1
1948,Graduate,Single,90842.0,0,0,2013-07-29,57,774,70,118,182,187,93,1,4,9,13,1,0,0,0,0,0,0,0,66,1424,0,0,1,0,27,0,335,1
1978,Postgraduate,Partner,88097.0,1,0,2012-08-18,24,163,0,480,0,126,75,1,6,5,8,9,0,1,1,1,0,0,1,36,844,1,1,3,1,20,3,680,2
1975,Graduate,Partner,51948.0,0,1,2013-09-17,51,82,33,54,71,30,41,2,5,2,4,5,0,0,0,0,0,0,0,39,311,1,1,3,1,13,0,285,1
1982,Graduate,Partner,71853.0,0,0,2013-05-08,29,358,108,413,141,97,32,1,2,8,6,1,0,0,0,0,0,0,0,32,1149,0,1,2,0,17,0,417,1
1983,Postgraduate,Partner,35876.0,0,0,2014-04-20,13,66,2,40,4,3,14,1,3,1,3,6,0,0,0,0,0,0,0,31,129,0,1,2,0,8,0,70,2
1952,Graduate,Single,40049.0,0,1,2013-10-16,23,13,6,7,0,3,3,1,1,0,3,6,0,0,0,0,0,0,0,62,32,1,0,2,1,5,0,256,1
1982,Graduate,Single,39660.0,1,0,2012-08-08,36,139,13,78,20,13,36,3,7,1,3,9,0,0,0,0,0,0,1,32,299,1,0,2,1,14,0,690,1
1962,Graduate,Partner,50127.0,0,1,2014-05-29,88,274,0,21,4,6,15,1,5,1,6,6,0,1,0,0,0,0,0,52,320,1,1,3,1,13,1,31,1
1977,Postgraduate,Partner,43263.0,0,1,2012-11-21,2,262,6,61,0,10,102,3,5,2,6,5,0,0,0,0,0,0,0,37,441,1,1,3,1,16,0,585,2
1949,Postgraduate,Partner,62845.0,1,1,2012-10-01,3,1099,0,45,0,0,34,11,3,4,10,8,0,1,0,0,0,0,1,65,1178,2,1,4,1,28,1,636,2
1990,Graduate,Partner,18929.0,0,0,2013-02-16,15,32,0,8,23,4,18,1,1,0,4,6,0,0,0,0,0,0,0,24,85,0,1,2,0,6,0,498,1
1982,Undergraduate,Single,24367.0,1,0,2013-03-20,58,2,4,2,0,11,5,1,1,0,2,9,0,0,0,0,0,0,0,32,24,1,0,2,1,4,0,466,0
1959,Undergraduate,Partner,26887.0,0,1,2013-02-10,27,6,7,4,3,4,6,1,1,0,3,6,0,0,0,0,0,0,0,55,30,1,1,3,1,5,0,504,0
1976,Graduate,Partner,62061.0,0,1,2013-08-31,12,641,7,84,0,30,38,3,10,4,7,6,0,1,0,0,0,0,0,38,800,1,1,3,1,24,1,302,1
1956,Postgraduate,Partner,76542.0,0,0,2013-03-30,91,794,73,573,0,29,14,1,4,8,10,2,0,0,0,0,0,0,0,58,1483,0,1,2,0,23,0,456,2
1993,Graduate,Single,70515.0,0,0,2013-10-21,12,420,0,452,182,64,140,1,6,6,4,2,0,0,0,0,0,0,1,21,1258,0,0,1,0,17,0,251,1
1987,Graduate,Partner,18227.0,1,0,2012-11-08,21,1,2,7,4,3,11,1,0,1,2,8,0,0,0,0,0,0,0,27,28,1,1,3,1,4,0,598,1
1965,Graduate,Partner,69139.0,0,1,2014-01-27,23,86,12,75,33,15,6,1,4,1,5,4,0,0,0,0,0,0,0,49,227,1,1,3,1,11,0,153,1
1982,Graduate,Partner,69109.0,0,0,2012-11-09,10,823,25,459,124,29,95,1,6,6,7,4,0,0,1,0,0,0,1,32,1555,0,1,2,0,20,1,597,1
1962,Graduate,Single,69627.0,0,1,2013-03-17,35,231,161,215,171,30,53,2,8,2,11,5,0,0,0,0,0,0,0,52,861,1,0,2,1,23,0,469,1
1978,Graduate,Partner,38136.0,1,0,2013-04-22,69,8,15,27,0,20,33,2,3,1,2,8,1,0,0,0,0,0,0,36,103,1,1,3,1,8,1,433,1
1946,Postgraduate,Single,62159.0,0,0,2014-04-28,68,182,17,259,77,70,29,1,6,2,10,4,0,0,0,0,0,0,0,68,634,0,0,1,0,19,0,62,2
1963,Graduate,Single,80695.0,0,0,2013-12-29,85,557,129,984,193,37,18,1,5,8,5,2,0,0,0,0,0,0,0,51,1918,0,0,1,0,19,0,182,1
1971,Postgraduate,Single,33316.0,1,1,2013-10-04,34,79,1,31,4,4,12,3,2,1,4,6,0,0,0,0,0,0,0,43,131,2,0,3,1,10,0,268,2
1968,Graduate,Partner,58554.0,1,1,2012-09-26,55,368,24,68,38,0,88,6,8,2,6,7,0,0,0,0,0,0,0,46,586,2,1,4,1,22,0,641,1
1992,Undergraduate,Partner,17256.0,1,0,2013-11-23,10,6,4,14,8,8,22,2,2,1,2,8,1,0,0,0,0,0,0,22,62,1,1,3,1,7,1,218,0
1974,Graduate,Single,53034.0,1,1,2013-05-30,30,160,15,196,15,11,50,8,6,1,7,8,0,0,0,0,0,0,0,40,447,2,0,3,1,22,0,395,1
1950,Undergraduate,Partner,52203.0,0,0,2012-07-31,36,488,21,238,56,108,28,1,8,7,11,6,0,0,0,0,0,0,0,64,939,0,1,2,0,27,0,698,0
1977,Undergraduate,Single,59601.0,0,1,2013-07-25,14,691,7,69,0,7,23,4,2,2,7,8,0,1,0,0,0,0,0,37,797,1,0,2,1,15,1,339,0
1958,Postgraduate,Single,75154.0,0,1,2012-09-04,79,543,10,205,160,143,82,1,6,3,6,3,0,0,0,0,0,0,1,56,1143,1,0,2,1,16,0,663,2
1976,Graduate,Single,47025.0,0,1,2013-11-07,52,254,7,108,20,0,26,3,6,3,5,6,0,0,0,0,0,0,0,38,415,1,0,2,1,17,0,234,1
1973,Graduate,Partner,37971.0,1,0,2013-11-25,97,5,4,10,2,2,7,1,1,0,3,8,0,0,0,0,0,0,0,41,30,1,1,3,1,5,0,216,1
1958,Graduate,Partner,67267.0,0,1,2014-05-13,0,134,11,59,15,2,30,1,3,2,5,2,0,0,0,0,0,0,0,56,251,1,1,3,1,11,0,47,1
1975,Graduate,Single,57338.0,0,1,2014-04-29,96,143,6,52,11,8,17,2,4,1,5,5,0,0,0,0,0,0,0,39,237,1,0,2,1,12,0,61,1
1960,Undergraduate,Partner,50523.0,1,1,2013-12-25,89,51,4,24,4,7,1,2,2,0,4,6,0,0,0,0,0,0,0,54,91,2,1,4,1,8,0,186,0
1960,Postgraduate,Single,50611.0,0,1,2012-10-04,98,459,0,24,6,0,4,6,4,5,7,6,0,1,0,0,0,0,0,54,493,1,0,2,1,22,1,633,2
1969,Postgraduate,Partner,56242.0,0,1,2013-03-03,72,689,8,167,11,8,88,5,8,4,11,6,0,0,0,0,0,0,0,45,971,1,1,3,1,28,0,483,2
1960,Graduate,Single,48904.0,0,1,2012-12-02,1,283,10,38,0,13,27,4,7,2,4,8,0,0,0,0,0,0,0,54,371,1,0,2,1,17,0,574,1
1975,Graduate,Single,56243.0,1,2,2013-12-30,26,347,0,35,4,3,7,6,4,2,8,5,0,0,0,0,0,0,0,39,396,3,0,4,1,20,0,181,1
1985,Graduate,Partner,21355.0,1,0,2013-08-20,5,5,13,14,0,5,31,2,2,1,2,6,1,0,0,0,0,0,1,29,68,1,1,3,1,7,1,313,1
1971,Postgraduate,Partner,57420.0,0,1,2013-06-25,22,280,0,18,0,0,24,3,5,1,6,7,0,1,0,0,0,0,0,43,322,1,1,3,1,15,1,369,2
1970,Postgraduate,Partner,51381.5,0,1,2013-04-01,39,187,5,65,26,20,14,2,4,2,6,5,0,0,0,0,0,0,0,44,317,1,1,3,1,14,0,454,2
1955,Postgraduate,Single,46390.0,0,1,2014-05-05,56,95,14,64,2,9,38,1,4,2,3,7,0,0,0,0,0,0,0,59,222,1,0,2,1,10,0,55,2
1956,Undergraduate,Partner,54342.0,1,1,2013-07-03,74,84,10,34,11,10,28,4,3,1,4,6,0,0,0,0,0,0,0,58,177,2,1,4,1,12,0,361,0
1958,Graduate,Partner,51381.5,1,1,2012-09-03,87,19,4,12,2,2,6,1,1,0,3,5,0,0,0,0,0,0,0,56,45,2,1,4,1,5,0,664,1
1964,Undergraduate,Single,51381.5,1,1,2014-01-12,49,5,1,9,2,0,4,1,1,0,2,7,0,0,0,0,0,0,0,50,21,2,0,3,1,4,0,168,0
1973,Graduate,Partner,20895.0,1,0,2012-10-06,24,18,3,17,3,0,4,1,2,0,3,9,0,0,0,0,0,0,0,41,45,1,1,3,1,6,0,631,1
1948,Graduate,Partner,92344.0,0,0,2014-01-15,9,992,24,694,51,19,119,0,5,10,5,1,1,0,1,0,0,0,0,66,1899,0,1,2,0,20,2,165,1
1972,Postgraduate,Partner,51381.5,1,0,2014-03-02,17,25,1,13,0,0,3,1,1,0,3,7,0,0,0,0,0,0,0,42,42,1,1,3,1,5,0,119,2
1980,Graduate,Partner,44964.0,1,1,2012-12-16,35,19,1,17,2,0,2,1,1,0,3,8,0,0,0,0,0,0,0,34,41,2,1,4,1,5,0,560,1
1972,Postgraduate,Partner,53761.0,1,1,2013-10-11,7,158,0,76,13,7,71,6,4,4,3,5,0,0,0,0,0,0,0,42,325,2,1,4,1,17,0,261,2
1973,Graduate,Partner,22682.0,1,0,2013-10-03,51,10,14,29,4,2,36,3,2,1,4,4,0,0,0,0,0,0,0,41,95,1,1,3,1,10,0,269,1
1972,Postgraduate,Partner,38887.0,1,0,2014-03-02,17,25,1,13,0,0,3,1,1,0,3,7,0,0,0,0,0,0,0,42,42,1,1,3,1,5,0,119,2
1975,Undergraduate,Single,41658.0,1,1,2012-11-09,30,8,4,12,15,4,29,2,1,1,2,4,0,0,0,0,0,0,0,39,72,2,0,3,1,6,0,597,0
1972,Postgraduate,Partner,29791.0,1,0,2014-05-15,21,14,0,6,0,0,0,2,2,0,3,5,0,0,0,0,0,0,0,42,20,1,1,3,1,7,0,45,2
1956,Postgraduate,Partner,63915.0,0,2,2013-07-30,2,622,7,115,30,0,15,2,6,3,12,5,0,0,0,0,0,0,0,58,789,2,1,4,1,23,0,334,2
1974,Graduate,Single,39996.0,1,1,2014-05-22,85,11,0,3,0,0,1,1,1,0,2,6,0,0,0,0,0,0,0,40,15,2,0,3,1,4,0,38,1
1972,Graduate,Single,26759.0,1,0,2014-02-07,65,25,3,16,8,5,2,2,2,1,3,6,0,0,0,0,0,0,0,42,59,1,0,2,1,8,0,142,1
1969,Postgraduate,Partner,51039.0,1,1,2012-12-10,11,100,64,79,65,0,109,2,6,2,4,7,0,0,0,0,0,0,0,45,417,2,1,4,1,14,0,566,2
1961,Graduate,Partner,60544.0,1,1,2012-08-25,92,201,2,43,3,5,35,4,5,1,5,6,0,0,0,0,0,0,0,53,289,2,1,4,1,15,0,673,1
1953,Graduate,Partner,37716.0,0,1,2014-04-21,4,97,1,41,6,2,41,2,4,1,3,7,0,0,0,0,0,0,0,61,188,1,1,3,1,10,0,69,1
1957,Graduate,Single,36864.0,0,1,2012-08-13,53,204,5,39,17,0,89,3,5,2,4,8,0,0,0,0,0,0,1,57,354,1,0,2,1,14,0,685,1
1970,Postgraduate,Partner,44511.0,1,0,2012-10-12,39,513,7,133,46,14,14,6,8,4,8,8,0,0,0,0,0,0,0,44,727,1,1,3,1,26,0,625,2
1967,Postgraduate,Partner,36947.0,1,1,2012-08-07,49,88,3,21,4,1,29,4,3,0,4,9,0,0,0,0,0,0,0,47,146,2,1,4,1,11,0,691,2
1953,Postgraduate,Partner,67087.0,0,1,2013-12-17,40,329,35,222,130,35,43,2,7,5,8,4,0,0,0,0,0,0,0,61,794,1,1,3,1,22,0,194,2
1950,Graduate,Partner,57045.0,0,1,2012-09-08,40,296,13,104,11,13,17,3,4,2,9,3,0,0,0,0,0,0,0,64,454,1,1,3,1,18,0,659,1
1953,Postgraduate,Single,36957.0,1,1,2012-09-06,43,100,2,16,2,1,31,4,3,2,2,9,0,0,0,0,0,0,1,61,152,2,0,3,1,11,0,661,2
1977,Postgraduate,Partner,69389.0,0,1,2012-09-28,17,422,7,238,69,46,15,1,7,2,12,4,0,0,0,0,0,0,0,37,797,1,1,3,1,22,0,639,2
1969,Postgraduate,Partner,43142.0,1,1,2014-02-18,84,5,1,7,2,1,4,1,1,0,2,7,0,0,0,0,0,0,0,45,20,2,1,4,1,4,0,131,2
1944,Graduate,Partner,80589.0,0,0,2014-01-22,25,507,93,520,242,40,26,1,5,10,5,1,0,0,0,1,0,0,1,70,1428,0,1,2,0,21,1,158,1
1990,Graduate,Single,34412.0,1,0,2013-02-13,62,52,12,50,4,36,55,3,5,0,3,9,0,0,0,0,0,0,0,24,209,1,0,2,1,11,0,501,1
1979,Graduate,Single,57537.0,1,0,2013-06-10,83,191,56,139,51,8,100,4,4,3,8,4,0,0,0,0,0,0,0,35,545,1,0,2,1,19,0,384,1
1948,Graduate,Partner,51315.0,0,0,2014-02-23,45,68,28,39,16,30,41,1,2,2,5,2,0,0,0,0,0,0,0,66,222,0,1,2,0,10,0,126,1
1972,Graduate,Partner,36026.0,2,1,2014-03-16,34,20,4,10,6,4,17,2,2,0,3,6,0,0,0,0,0,0,0,42,61,3,1,5,1,7,0,105,1
1973,Graduate,Partner,24639.0,1,1,2014-01-28,3,20,3,16,0,4,1,3,2,0,4,6,0,0,0,0,0,0,0,41,44,2,1,4,1,9,0,152,1
1972,Postgraduate,Partner,34578.0,2,1,2014-04-11,1,7,0,1,0,0,0,1,1,0,2,6,0,0,0,0,0,0,0,42,8,3,1,5,1,4,0,79,2
1972,Undergraduate,Single,65704.0,0,0,2013-10-13,18,279,172,74,38,8,246,1,2,10,10,1,0,0,0,0,0,0,0,42,817,0,0,1,0,23,0,259,0
1969,Postgraduate,Partner,54132.0,0,1,2014-02-16,81,30,1,8,0,0,3,1,1,0,3,7,0,0,0,0,0,0,0,45,42,1,1,3,1,5,0,133,2
1970,Graduate,Partner,28164.0,1,0,2013-05-04,23,3,18,26,11,8,12,3,2,0,4,7,0,0,0,0,0,0,0,44,78,1,1,3,1,9,0,421,1
1974,Postgraduate,Partner,34596.0,1,0,2013-04-13,48,14,0,2,0,0,7,1,1,0,2,8,0,0,0,0,0,0,0,40,23,1,1,3,1,4,0,442,2
1972,Postgraduate,Partner,43269.0,1,0,2013-09-16,61,10,1,7,0,0,1,1,1,0,2,8,0,0,0,0,0,0,0,42,19,1,1,3,1,4,0,286,2
1958,Undergraduate,Single,38741.0,1,1,2014-03-30,60,7,10,17,8,6,13,2,2,0,3,7,0,0,0,0,0,0,0,56,61,2,0,3,1,7,0,91,0
1972,Graduate,Single,31907.0,0,0,2013-03-04,75,33,87,64,175,16,74,1,6,1,6,7,0,0,0,0,0,0,0,42,449,0,0,1,0,14,0,482,1
1973,Undergraduate,Single,31163.0,1,0,2014-02-13,54,2,3,10,11,2,10,1,1,0,3,6,0,0,0,0,0,0,0,41,38,1,0,2,1,5,0,136,0
1985,Graduate,Partner,92533.0,0,0,2013-12-19,84,693,21,118,110,147,42,1,6,5,11,2,0,0,1,1,0,0,0,29,1131,0,1,2,0,23,2,192,1
1973,Graduate,Single,34853.0,1,1,2013-12-23,75,9,3,15,2,3,2,2,2,0,3,6,0,0,0,0,0,0,0,41,34,2,0,3,1,7,0,188,1
1967,Graduate,Single,70844.0,1,1,2013-10-30,16,129,26,67,3,67,2,5,6,1,5,7,0,0,0,0,0,0,0,47,294,2,0,3,1,17,0,242,1
1979,Undergraduate,Partner,31086.0,1,1,2013-05-04,79,16,2,11,3,0,16,2,1,1,2,8,1,0,0,0,0,0,0,35,48,2,1,4,1,6,1,421,0
1986,Undergraduate,Partner,20491.0,0,0,2013-01-25,16,5,4,5,4,2,10,1,0,1,2,7,0,0,0,0,0,0,0,28,30,0,1,2,0,4,0,520,0
1964,Graduate,Partner,42523.0,0,0,2014-04-23,96,14,36,11,3,26,35,1,1,1,4,2,0,0,0,0,0,0,0,50,125,0,1,2,0,7,0,67,1
1952,Graduate,Partner,33402.0,1,1,2013-07-18,60,26,2,19,10,5,8,3,2,1,3,8,0,0,0,0,0,0,0,62,70,2,1,4,1,9,0,346,1
1949,Postgraduate,Partner,36408.0,1,1,2013-09-21,11,9,1,4,3,2,3,1,1,0,2,6,0,0,0,0,0,0,0,65,22,2,1,4,1,4,0,281,2
1979,Graduate,Partner,21645.0,1,0,2012-09-03,75,14,0,23,4,5,19,3,3,0,3,9,0,0,0,0,0,0,1,35,65,1,1,3,1,9,0,664,1
1948,Postgraduate,Single,78427.0,0,0,2012-10-24,36,972,19,595,180,26,138,3,3,7,10,3,0,0,0,1,0,0,1,66,1930,0,0,1,0,23,1,613,2
1946,Graduate,Partner,82657.0,0,0,2013-09-27,71,966,168,672,246,105,126,1,7,5,10,4,0,1,0,1,0,0,0,68,2283,0,1,2,0,23,2,275,1
1958,Graduate,Partner,51876.0,0,0,2013-10-15,88,99,27,102,28,48,6,1,2,2,8,1,0,0,0,0,0,0,0,56,310,0,1,2,0,13,0,257,1
1971,Undergraduate,Partner,78041.0,0,0,2012-12-16,93,482,35,553,72,160,17,1,4,4,9,2,0,0,0,0,0,0,0,43,1319,0,1,2,0,18,0,560,0
1957,Graduate,Partner,52852.0,0,1,2012-12-01,93,714,8,99,11,0,47,4,10,7,5,8,1,0,0,0,0,0,0,57,879,1,1,3,1,26,1,575,1
1982,Postgraduate,Partner,70038.0,0,0,2013-10-25,54,587,54,348,71,54,130,1,4,4,8,2,0,0,0,0,0,0,0,32,1244,0,1,2,0,17,0,247,2
1973,Undergraduate,Partner,69401.0,0,1,2014-03-23,41,399,27,159,58,8,39,4,4,4,5,2,0,0,0,0,0,0,0,41,690,1,1,3,1,17,0,98,0
1972,Graduate,Partner,46053.0,1,0,2013-02-17,46,56,10,92,19,7,25,3,3,2,4,5,0,0,0,0,0,0,0,42,209,1,1,3,1,12,0,497,1
1965,Graduate,Partner,77343.0,0,0,2014-06-09,28,227,151,573,98,54,31,1,3,4,9,1,0,0,0,0,0,0,0,49,1134,0,1,2,0,17,0,20,1
1953,Graduate,Single,73892.0,0,0,2013-11-13,40,703,102,601,0,58,43,1,3,11,8,1,0,0,0,0,0,0,1,61,1507,0,0,1,0,23,0,228,1
1967,Postgraduate,Single,40304.0,1,0,2013-09-30,82,37,0,17,0,0,3,1,2,0,3,7,0,0,0,0,0,0,0,47,57,1,0,2,1,6,0,272,2
1965,Postgraduate,Partner,32727.0,0,0,2012-08-28,38,167,13,180,86,13,70,2,7,3,5,8,0,0,0,0,0,0,0,49,529,0,1,2,0,17,0,670,2
1971,Graduate,Single,43300.0,0,1,2012-10-13,87,91,3,52,2,1,31,3,4,0,4,8,0,0,0,0,0,0,1,43,180,1,0,2,1,11,0,624,1
1972,Graduate,Partner,26290.0,1,1,2013-01-12,49,15,8,16,11,5,22,4,2,0,4,6,0,0,0,0,0,0,0,42,77,2,1,4,1,10,0,533,1
1970,Graduate,Single,93790.0,0,0,2014-02-12,16,1302,68,731,89,114,45,0,6,7,12,2,0,1,1,1,0,0,1,44,2349,0,0,1,0,25,3,137,1
1974,Postgraduate,Partner,38410.0,0,0,2012-09-14,65,153,64,123,116,64,14,2,5,2,9,6,0,0,0,0,0,0,1,40,534,0,1,2,0,18,0,653,2
1950,Postgraduate,Single,64866.0,0,1,2014-01-26,9,508,5,21,7,5,10,4,7,3,7,5,0,1,0,0,0,0,0,64,556,1,0,2,1,21,1,154,2
1959,Graduate,Partner,57957.0,0,1,2013-08-19,24,290,59,177,77,5,29,7,4,6,8,3,0,0,0,0,0,1,0,55,637,1,1,3,1,25,0,314,1
1978,Graduate,Partner,16531.0,1,0,2014-06-18,43,2,13,6,7,5,11,3,3,0,3,7,0,0,0,0,0,0,0,36,44,1,1,3,1,9,0,11,1
1986,Postgraduate,Partner,28072.0,1,0,2013-07-08,10,30,0,10,2,0,5,1,1,0,3,7,0,0,0,0,0,0,0,28,47,1,1,3,1,5,0,356,2
1963,Postgraduate,Single,49476.0,0,1,2013-06-20,29,386,23,95,54,41,196,4,2,11,5,2,0,0,0,0,0,0,0,51,795,1,0,2,1,22,0,374,2
1953,Graduate,Partner,50725.0,0,1,2013-02-13,45,443,10,75,0,10,48,4,8,1,8,8,0,0,0,0,0,0,0,61,586,1,1,3,1,21,0,501,1
1950,Postgraduate,Partner,41145.0,1,1,2014-02-08,20,9,0,3,0,0,1,1,0,0,3,3,0,0,0,0,0,0,0,64,13,2,1,4,1,4,0,141,2
1970,Graduate,Partner,67419.0,0,1,2013-01-16,29,846,84,352,91,56,42,4,9,4,8,5,0,0,0,0,0,0,0,44,1471,1,1,3,1,25,0,529,1
1970,Undergraduate,Partner,23162.0,1,1,2013-12-21,82,8,3,9,19,4,22,3,1,1,3,6,0,0,0,0,0,0,0,44,65,2,1,4,1,8,0,190,0
1977,Graduate,Partner,34380.0,1,0,2013-05-02,68,72,7,58,13,1,24,4,4,1,3,8,0,0,0,0,0,0,0,37,175,1,1,3,1,12,0,423,1
1966,Graduate,Single,34704.0,0,1,2013-04-27,65,29,0,5,0,1,5,1,1,0,3,5,0,0,0,0,0,0,0,48,40,1,0,2,1,5,0,428,1
1969,Postgraduate,Partner,94871.0,0,2,2012-09-01,99,169,24,553,188,0,144,1,8,5,4,7,0,1,1,0,0,0,1,45,1078,2,1,4,1,18,2,666,2
1958,Graduate,Partner,65148.0,0,1,2012-11-16,9,460,35,422,33,12,153,2,6,6,7,4,0,0,0,0,0,0,0,56,1115,1,1,3,1,21,0,590,1
1954,Graduate,Partner,39898.0,0,1,2013-02-12,20,69,8,26,12,7,12,2,3,0,4,7,0,0,0,0,0,0,0,60,134,1,1,3,1,9,0,502,1
1970,Postgraduate,Partner,59892.0,0,1,2013-11-02,26,73,0,13,0,1,0,1,2,1,3,3,0,0,0,0,0,0,0,44,87,1,1,3,1,7,0,239,2
1987,Postgraduate,Single,41020.0,0,0,2013-10-28,68,112,1,54,7,7,36,1,3,2,4,3,0,0,0,0,0,0,0,27,217,0,0,1,0,10,0,244,2
1961,Postgraduate,Partner,57072.0,0,1,2014-01-24,79,944,0,60,0,0,30,2,7,5,13,5,1,0,0,0,0,0,0,53,1034,1,1,3,1,27,1,156,2
1981,Undergraduate,Partner,19414.0,1,0,2013-10-16,32,2,3,12,3,5,7,1,1,0,3,8,0,0,0,0,0,0,0,33,32,1,1,3,1,5,0,256,0
1980,Graduate,Partner,19107.0,1,0,2013-08-22,49,2,4,9,10,5,16,2,1,0,3,7,0,0,0,0,0,0,0,34,46,1,1,3,1,6,0,311,1
1976,Undergraduate,Partner,75484.0,0,1,2012-08-02,50,378,97,259,197,194,34,2,7,3,6,4,0,0,0,0,0,0,0,38,1159,1,1,3,1,18,0,696,0
1976,Postgraduate,Single,70379.0,0,1,2013-03-03,84,553,25,142,65,67,8,3,6,3,13,4,0,0,0,0,0,0,0,38,860,1,0,2,1,25,0,483,2
1970,Postgraduate,Partner,79419.0,0,0,2014-06-22,96,751,127,687,20,15,31,1,4,6,4,2,0,0,0,0,0,0,0,44,1631,0,1,2,0,15,0,7,2
1946,Postgraduate,Partner,64014.0,2,1,2014-06-10,56,406,0,30,0,0,8,7,8,2,5,7,0,0,0,1,0,0,0,68,444,3,1,5,1,22,1,19,2
1955,Graduate,Partner,76998.0,0,1,2013-01-11,85,1449,89,161,69,35,107,2,11,8,8,6,0,0,1,0,0,0,0,59,1910,1,1,3,1,29,1,534,1
1972,Postgraduate,Partner,49854.0,1,0,2013-11-10,63,123,17,171,39,0,30,5,6,2,5,6,0,0,0,0,0,0,0,42,380,1,1,3,1,18,0,231,2
1971,Postgraduate,Partner,60585.0,1,1,2013-06-24,17,267,42,309,55,42,21,10,7,4,9,5,0,0,0,0,0,0,1,43,736,2,1,4,1,30,0,370,2
1950,Postgraduate,Single,42873.0,1,1,2013-01-21,11,209,0,40,3,2,15,4,6,1,4,8,0,0,0,0,0,0,0,64,269,2,0,3,1,15,0,524,2
1988,Graduate,Partner,87679.0,0,0,2013-07-27,62,1259,172,815,97,148,33,1,7,11,10,4,1,0,1,1,0,0,1,26,2524,0,1,2,0,29,3,337,1
1978,Graduate,Partner,57867.0,1,0,2013-10-01,48,344,35,178,15,23,17,7,7,2,9,6,0,0,0,0,0,0,0,36,612,1,1,3,1,25,0,271,1
1990,Graduate,Partner,35765.0,1,0,2013-12-11,86,22,3,30,0,5,15,2,2,0,4,6,0,0,0,0,0,0,0,24,75,1,1,3,1,8,0,200,1
1959,Graduate,Partner,65492.0,0,0,2014-01-26,73,247,161,295,210,85,47,2,4,7,13,2,0,0,0,0,0,0,0,55,1045,0,1,2,0,26,0,154,1
1977,Graduate,Single,32952.0,1,0,2013-12-01,36,38,0,12,3,1,1,1,2,0,3,7,0,0,0,0,0,0,0,37,55,1,0,2,1,6,0,210,1
1969,Postgraduate,Partner,53374.0,0,1,2012-08-16,34,896,10,101,13,10,34,6,4,2,9,9,1,0,0,0,0,0,1,45,1064,1,1,3,1,21,1,682,2
1959,Graduate,Partner,71706.0,0,1,2012-11-13,16,931,56,253,91,98,14,4,9,5,7,5,0,0,0,0,0,0,0,55,1443,1,1,3,1,25,0,593,1
1988,Graduate,Partner,68487.0,0,0,2013-01-13,48,758,12,385,33,89,89,1,9,7,13,4,0,0,0,0,0,0,0,26,1366,0,1,2,0,30,0,532,1
1975,Postgraduate,Partner,53253.0,1,1,2013-02-11,61,216,9,57,20,9,125,7,4,3,5,5,0,0,0,0,0,0,0,39,436,2,1,4,1,19,0,503,2
1977,Graduate,Partner,42014.0,1,0,2012-08-17,56,244,15,108,4,15,50,6,7,1,6,8,0,0,0,0,0,0,1,37,436,1,1,3,1,20,0,681,1
1973,Postgraduate,Partner,54108.0,1,1,2012-11-05,74,539,6,91,8,6,97,13,8,2,9,8,0,0,0,0,0,0,0,41,747,2,1,4,1,32,0,601,2
1955,Postgraduate,Single,49667.0,0,0,2012-08-20,35,1181,26,120,17,13,39,2,5,10,5,8,1,0,0,0,0,0,1,59,1396,0,0,1,0,22,1,678,2
1974,Postgraduate,Partner,63206.0,0,0,2014-03-20,65,750,8,125,11,8,26,1,4,3,6,2,0,0,1,0,0,0,0,40,928,0,1,2,0,14,1,101,2
1972,Postgraduate,Partner,57136.0,1,1,2013-07-09,48,306,5,109,21,109,92,9,5,2,10,6,0,0,0,0,0,0,0,42,642,2,1,4,1,26,0,355,2
1975,Undergraduate,Partner,46772.0,0,1,2012-11-07,88,350,104,189,197,151,57,6,11,8,5,8,1,0,0,0,0,0,0,39,1048,1,1,3,1,30,1,599,0
1971,Postgraduate,Partner,78931.0,0,0,2013-10-25,19,331,197,170,58,152,35,1,2,8,13,1,0,0,0,0,0,0,0,43,943,0,1,2,0,24,0,247,2
1958,Graduate,Partner,53977.0,0,1,2013-06-08,21,620,16,165,0,24,82,5,5,5,12,5,0,0,0,0,0,0,0,56,907,1,1,3,1,27,0,386,1
1965,Graduate,Partner,73538.0,0,1,2012-11-25,92,811,76,428,99,137,107,3,10,4,9,7,0,0,0,0,0,0,0,49,1658,1,1,3,1,26,0,581,1
1986,Graduate,Partner,79529.0,0,0,2014-04-27,1,423,42,706,73,197,197,1,4,8,9,2,0,0,0,0,0,0,0,28,1638,0,1,2,0,22,0,63,1
1977,Undergraduate,Partner,20981.0,0,0,2013-04-30,14,2,12,10,6,13,30,1,3,1,2,8,0,0,0,0,0,0,1,37,73,0,1,2,0,7,0,425,0
1980,Graduate,Single,51766.0,1,0,2014-03-11,74,60,51,87,6,20,51,2,4,2,4,5,0,0,0,0,0,0,0,34,275,1,0,2,1,12,0,110,1
1962,Graduate,Partner,55759.0,0,1,2012-11-28,84,675,0,85,10,7,77,5,10,3,8,8,0,0,0,0,0,0,0,52,854,1,1,3,1,26,0,578,1
1972,Postgraduate,Partner,37787.0,1,0,2013-09-20,50,40,1,40,4,3,18,1,3,0,3,8,0,0,0,0,0,0,0,42,106,1,1,3,1,7,0,282,2
1970,Graduate,Single,27242.0,1,0,2012-11-11,2,3,17,26,20,1,39,2,2,0,3,9,0,0,0,0,0,0,1,44,106,1,0,2,1,7,0,595,1
1983,Postgraduate,Single,87188.0,0,0,2013-06-03,73,910,111,724,49,74,55,1,10,2,6,3,0,0,0,0,0,0,1,31,1923,0,0,1,0,19,0,391,2
1971,Graduate,Partner,69930.0,0,0,2013-05-26,21,252,98,827,219,70,196,1,4,5,12,3,0,0,0,0,0,0,0,43,1662,0,1,2,0,22,0,399,1
1976,Graduate,Single,37697.0,1,0,2014-02-07,82,34,6,21,11,4,8,1,2,1,3,6,0,0,0,0,0,0,0,38,84,1,0,2,1,7,0,142,1
1973,Graduate,Single,3502.0,1,0,2013-04-13,56,2,1,1,0,0,1,0,0,0,0,14,0,0,0,0,0,0,0,41,5,1,0,2,1,0,0,442,1
1976,Graduate,Partner,58597.0,1,1,2012-11-20,20,490,0,184,10,28,21,12,7,4,9,7,0,0,0,0,0,0,0,38,733,2,1,4,1,32,0,586,1
1948,Postgraduate,Single,82032.0,0,0,2014-04-05,54,332,194,377,149,125,57,0,4,6,7,1,0,0,0,0,0,0,0,66,1234,0,0,1,0,17,0,85,2
1958,Graduate,Partner,28087.0,1,1,2012-12-11,77,53,8,17,13,0,21,3,2,2,2,7,0,0,0,0,0,0,0,56,112,2,1,4,1,9,0,565,1
1987,Postgraduate,Single,74004.0,0,0,2014-02-24,5,784,48,560,42,176,48,1,4,6,4,3,0,0,1,1,0,0,1,27,1658,0,0,1,0,15,2,125,2
1960,Graduate,Partner,19740.0,0,1,2013-03-24,65,7,11,3,10,4,20,2,1,1,3,5,0,0,0,0,0,0,0,54,55,1,1,3,1,7,0,462,1
1975,Undergraduate,Partner,57036.0,0,1,2012-12-11,33,1171,43,219,19,14,47,4,6,3,13,9,1,0,0,0,0,0,0,39,1513,1,1,3,1,26,1,565,0
1958,Undergraduate,Partner,53083.0,1,1,2013-05-15,65,215,7,33,3,0,13,6,5,1,5,7,0,1,0,0,0,0,0,56,271,2,1,4,1,17,1,410,0
1975,Postgraduate,Partner,69283.0,0,1,2014-06-14,41,674,62,134,0,26,8,4,7,3,13,5,0,0,0,0,0,0,0,39,904,1,1,3,1,27,0,15,2
1975,Postgraduate,Single,46098.0,1,1,2012-08-18,86,57,0,27,0,0,36,4,3,2,2,8,0,0,0,0,0,0,1,39,120,2,0,3,1,11,0,680,2
1988,Undergraduate,Partner,23331.0,1,0,2012-09-04,92,5,36,7,0,10,45,2,3,0,3,8,0,0,0,0,0,0,0,26,103,1,1,3,1,8,0,663,0
1988,Undergraduate,Single,23331.0,1,0,2012-10-05,97,104,20,101,24,15,5,6,5,1,5,9,0,0,0,0,0,0,0,26,269,1,0,2,1,17,0,632,0
1989,Graduate,Single,9255.0,1,0,2013-12-20,91,9,0,7,2,0,4,1,1,1,2,8,0,0,0,0,0,0,0,25,22,1,0,2,1,5,0,191,1
1959,Postgraduate,Single,67786.0,0,0,2013-12-07,0,431,82,441,80,20,102,1,3,6,6,1,0,0,0,0,0,0,1,55,1156,0,0,1,0,16,0,204,2
1971,Postgraduate,Partner,71969.0,0,1,2012-10-16,59,1000,0,76,0,0,10,3,3,4,9,8,0,1,0,0,0,0,0,43,1086,1,1,3,1,19,1,621,2
1967,Postgraduate,Single,59235.0,1,0,2013-01-12,4,448,40,469,80,0,91,3,11,2,12,7,0,0,0,0,0,0,0,47,1128,1,0,2,1,28,0,533,2
1989,Graduate,Partner,31928.0,1,0,2014-03-28,5,33,4,24,4,2,5,2,3,0,4,7,0,0,0,0,0,0,0,25,72,1,1,3,1,9,0,93,1
1961,Postgraduate,Partner,74881.0,1,1,2013-03-08,48,505,72,270,36,27,54,4,9,2,12,5,0,0,0,0,0,0,0,53,964,2,1,4,1,27,0,478,2
1978,Graduate,Partner,65819.0,0,0,2012-11-29,99,267,38,701,149,165,63,1,5,4,10,3,0,0,0,0,0,0,0,36,1383,0,1,2,0,20,0,577,1
1953,Postgraduate,Single,51411.0,1,2,2013-05-26,81,14,0,3,0,0,1,1,0,0,3,5,0,0,0,0,0,0,0,61,18,3,0,4,1,4,0,399,2
1964,Graduate,Single,51983.0,0,1,2012-08-31,95,631,0,115,10,7,30,3,9,2,10,7,0,0,0,0,0,0,0,50,793,1,0,2,1,24,0,667,1
1987,Undergraduate,Partner,30390.0,0,0,2013-09-02,5,10,12,12,25,1,20,1,2,0,3,6,0,0,0,0,0,0,0,27,80,0,1,2,0,6,0,300,0
1963,Graduate,Single,30983.0,0,0,2012-11-09,50,51,4,50,12,1,49,1,4,0,3,8,0,0,0,0,0,0,1,51,167,0,0,1,0,8,0,597,1
1957,Graduate,Single,66033.0,0,1,2013-01-20,76,293,35,179,46,59,65,2,8,3,7,7,0,0,0,0,0,0,0,57,677,1,0,2,1,20,0,525,1
1975,Undergraduate,Partner,37284.0,1,1,2013-03-29,46,11,1,2,2,1,6,1,0,0,3,6,0,0,0,0,0,0,0,39,23,2,1,4,1,4,0,457,0
1951,Postgraduate,Single,57530.0,0,1,2013-10-12,68,50,1,27,6,7,1,1,1,1,4,1,0,0,0,0,0,0,0,63,92,1,0,2,1,7,0,260,2
1965,Undergraduate,Partner,76800.0,0,0,2014-03-08,33,173,26,255,35,71,81,1,4,4,7,1,0,0,0,0,0,0,0,49,641,0,1,2,0,16,0,113,0
1956,Graduate,Partner,63943.0,0,1,2012-09-02,50,423,184,368,13,97,21,1,6,4,6,5,0,0,0,0,0,0,0,58,1106,1,1,3,1,17,0,665,1
1967,Postgraduate,Partner,37054.0,1,1,2013-09-15,89,12,1,6,0,1,5,2,1,0,3,7,0,0,0,0,0,0,0,47,25,2,1,4,1,6,0,287,2
1962,Postgraduate,Partner,47175.0,1,1,2012-10-28,81,167,2,44,6,2,19,7,4,2,4,8,1,0,0,0,0,0,1,52,240,2,1,4,1,17,1,609,2
1976,Graduate,Single,31859.0,1,0,2013-06-14,77,3,1,3,8,0,5,1,1,0,2,7,0,0,0,0,0,0,0,38,20,1,0,2,1,4,0,380,1
1961,Graduate,Single,27215.0,2,1,2013-01-23,50,30,5,22,8,9,28,4,2,1,4,6,0,0,0,0,0,0,0,53,102,3,0,4,1,11,0,522,1
1976,Postgraduate,Single,70179.0,0,1,2013-07-21,10,532,88,168,69,44,133,3,7,3,13,5,0,0,0,0,0,0,0,38,1034,1,0,2,1,26,0,343,2
1988,Graduate,Partner,24645.0,1,0,2012-11-01,16,5,3,4,4,1,0,1,1,0,2,8,0,0,0,0,0,0,0,26,17,1,1,3,1,4,0,605,1
1954,Graduate,Single,79865.0,0,1,2014-06-18,12,71,99,278,185,121,38,1,5,10,5,1,0,0,0,0,0,0,0,60,792,1,0,2,1,21,0,11,1
1985,Graduate,Partner,44322.0,1,0,2014-06-16,30,46,0,40,3,0,3,2,3,0,3,8,0,0,0,0,0,0,0,29,92,1,1,3,1,8,0,13,1
1952,Graduate,Single,47958.0,0,1,2013-01-19,8,268,11,88,15,3,22,2,6,3,5,5,0,0,0,0,0,0,0,62,407,1,0,2,1,16,0,526,1
1964,Postgraduate,Single,63972.0,0,1,2012-12-02,93,928,63,254,0,12,12,4,5,4,10,4,0,1,0,0,0,0,0,50,1269,1,0,2,1,23,1,574,2
1954,Graduate,Partner,75315.0,0,1,2014-04-15,14,459,15,171,142,23,31,2,5,4,12,2,0,0,0,0,0,0,0,60,841,1,1,3,1,23,0,75,1
1950,Postgraduate,Partner,55517.0,1,1,2012-09-27,53,483,0,108,0,6,36,5,11,1,6,9,0,0,0,0,0,0,1,64,633,2,1,4,1,23,0,640,2
1957,Postgraduate,Partner,75283.0,1,2,2013-03-27,26,733,9,180,12,19,66,11,6,3,5,4,0,0,0,0,0,0,0,57,1019,3,1,5,1,25,0,459,2
1991,Postgraduate,Single,90638.0,0,0,2014-02-13,29,1156,120,915,94,144,96,1,3,4,10,1,0,0,1,0,0,0,1,23,2525,0,0,1,0,18,1,136,2
1986,Postgraduate,Partner,27161.0,1,0,2013-10-28,41,7,4,23,7,0,11,1,1,0,3,7,0,0,0,0,0,0,0,28,52,1,1,3,1,5,0,244,2
1960,Postgraduate,Partner,38201.0,0,1,2013-03-29,19,233,0,23,0,0,12,4,5,1,5,8,0,0,0,0,0,0,0,54,268,1,1,3,1,15,0,457,2
1982,Graduate,Partner,45203.0,2,0,2014-03-23,4,35,3,67,10,8,24,1,3,1,3,6,0,0,0,0,0,0,1,32,147,2,1,4,1,8,0,98,1
1947,Postgraduate,Partner,81574.0,0,0,2014-04-28,89,1252,0,465,46,35,0,1,4,5,8,1,0,1,1,0,0,0,0,67,1798,0,1,2,0,18,2,62,2
1976,Postgraduate,Single,60482.0,0,1,2013-01-23,81,255,43,134,37,14,24,1,7,2,7,7,0,0,0,0,0,0,0,38,507,1,0,2,1,17,0,522,2
1956,Graduate,Partner,34633.0,2,1,2014-01-23,31,8,1,5,0,0,1,1,1,0,2,6,0,0,0,0,0,0,0,58,15,3,1,5,1,4,0,157,1
1947,Postgraduate,Partner,78093.0,0,0,2013-12-11,53,368,32,639,13,43,10,1,4,7,5,1,0,0,0,0,0,0,0,67,1105,0,1,2,0,17,0,200,2
1950,Graduate,Single,82460.0,0,0,2013-12-02,78,255,47,573,52,32,15,1,5,3,6,1,0,0,0,0,0,0,0,64,974,0,0,1,0,15,0,209,1
1966,Postgraduate,Partner,45903.0,0,1,2014-04-23,80,33,8,10,2,10,3,2,2,1,3,4,0,0,0,0,0,0,0,48,66,1,1,3,1,8,0,67,2
1987,Graduate,Single,81361.0,0,0,2014-02-25,18,163,23,424,27,65,76,1,3,10,13,1,0,0,0,0,0,0,1,27,778,0,0,1,0,27,0,124,1
1973,Postgraduate,Single,35860.0,1,1,2014-05-19,37,15,0,8,4,2,20,2,1,1,2,5,1,0,0,0,0,0,1,41,49,2,0,3,1,6,1,41,2
1952,Postgraduate,Partner,40442.0,1,1,2012-08-19,52,45,12,52,25,22,13,4,3,1,4,7,0,0,0,0,0,0,1,62,169,2,1,4,1,12,0,679,2
1965,Graduate,Partner,61482.0,0,0,2014-06-27,39,48,58,68,16,66,43,1,3,2,6,2,0,0,0,0,0,0,0,49,299,0,1,2,0,12,0,2,1
1980,Graduate,Partner,34968.0,1,0,2013-04-10,11,158,6,45,8,2,2,7,3,2,5,7,0,0,0,0,0,0,0,34,221,1,1,3,1,17,0,445,1
1987,Graduate,Partner,75794.0,0,0,2013-12-24,33,754,160,625,63,32,48,1,7,5,12,3,0,0,0,1,0,0,0,27,1682,0,1,2,0,25,1,187,1
1955,Graduate,Partner,74268.0,0,0,2013-02-14,83,199,66,315,97,174,41,1,4,3,5,2,0,0,0,0,0,0,0,59,892,0,1,2,0,13,0,500,1
1988,Undergraduate,Partner,13724.0,1,0,2012-08-31,43,2,7,5,2,15,27,1,2,0,2,9,1,0,0,0,0,0,0,26,58,1,1,3,1,5,1,667,0
1967,Postgraduate,Single,52569.0,0,1,2014-04-05,54,85,0,3,0,0,7,1,2,0,4,3,0,0,0,0,0,0,0,47,95,1,0,2,1,7,0,85,2
1973,Postgraduate,Single,48432.0,0,1,2012-10-18,3,322,3,50,4,3,42,5,7,1,6,8,0,0,0,0,0,0,1,41,424,1,0,2,1,19,0,619,2
1984,Graduate,Single,36108.0,1,0,2013-10-15,68,141,8,129,3,11,47,3,7,1,4,9,1,0,0,0,0,0,0,30,339,1,0,2,1,15,1,257,1
1971,Graduate,Partner,76445.0,1,0,2012-09-28,2,739,107,309,140,80,35,1,2,5,13,6,0,0,0,0,0,0,0,43,1410,1,1,3,1,21,0,639,1
1975,Postgraduate,Partner,36663.0,1,0,2014-04-25,40,18,0,6,3,3,5,1,1,1,3,2,0,0,0,0,0,0,0,39,35,1,1,3,1,6,0,65,2
1965,Postgraduate,Partner,53843.0,0,1,2013-06-27,64,378,0,88,19,4,73,4,8,5,3,7,0,0,0,0,0,0,0,49,562,1,1,3,1,20,0,367,2
1956,Postgraduate,Partner,90226.0,0,0,2012-09-26,26,1083,108,649,253,151,108,1,4,7,12,2,0,0,0,1,0,0,0,58,2352,0,1,2,0,24,1,641,2
1955,Postgraduate,Single,70638.0,0,0,2013-06-01,69,1016,12,215,16,12,63,1,4,5,10,3,0,1,0,0,0,0,0,59,1334,0,0,1,0,20,1,393,2
1960,Graduate,Partner,44512.0,1,1,2013-08-30,57,23,1,6,0,0,2,2,1,0,3,4,0,0,0,0,0,0,0,54,32,2,1,4,1,6,0,303,1
1961,Graduate,Partner,27116.0,1,1,2014-03-02,78,12,1,21,2,2,3,2,2,0,3,7,0,0,0,0,0,0,0,53,41,2,1,4,1,7,0,119,1
1963,Postgraduate,Partner,54072.0,1,1,2013-07-27,71,35,0,4,0,0,0,1,2,0,2,8,0,0,0,0,0,0,0,51,39,2,1,4,1,5,0,337,2
1977,Graduate,Partner,71855.0,0,1,2013-01-16,59,548,31,422,0,112,28,4,5,5,11,3,0,0,0,0,0,0,0,37,1141,1,1,3,1,25,0,529,1
1990,Undergraduate,Single,51250.0,1,0,2013-03-30,28,342,32,230,34,32,40,5,10,5,4,9,1,0,0,0,0,0,0,24,710,1,0,2,1,24,1,456,0
1973,Postgraduate,Partner,60432.0,0,1,2014-03-09,61,365,3,15,4,3,11,5,7,2,5,6,0,0,0,0,0,0,0,41,401,1,1,3,1,19,0,112,2
1978,Undergraduate,Partner,12393.0,0,0,2012-12-04,38,5,6,15,11,7,13,1,2,0,3,9,0,0,0,0,0,0,0,36,57,0,1,2,0,6,0,572,0
1990,Graduate,Single,64509.0,0,0,2013-08-17,19,836,185,575,24,25,77,1,6,3,9,4,1,0,0,0,0,0,1,24,1722,0,0,1,0,19,1,316,1
1975,Graduate,Single,33955.0,1,0,2013-08-09,92,100,2,128,23,7,10,4,5,1,5,8,0,0,0,0,0,0,0,39,270,1,0,2,1,15,0,324,1
1977,Graduate,Partner,31353.0,1,1,2013-12-29,24,10,0,10,3,1,7,2,1,1,2,8,0,0,0,0,0,0,1,37,31,2,1,4,1,6,0,182,1
1984,Graduate,Partner,55434.0,1,0,2013-10-05,21,238,115,215,169,69,76,3,5,3,13,4,0,0,0,0,0,0,0,30,882,1,1,3,1,24,0,267,1
1983,Graduate,Partner,28359.0,1,0,2013-10-27,35,6,0,5,2,1,2,1,1,0,2,7,0,0,0,0,0,0,0,31,16,1,1,3,1,4,0,245,1
1987,Graduate,Single,57100.0,1,0,2014-05-18,9,158,11,99,15,11,17,2,3,2,7,3,0,0,0,0,0,0,0,27,311,1,0,2,1,14,0,42,1
1956,Postgraduate,Partner,52973.0,0,1,2012-11-08,92,856,0,76,12,9,199,7,9,6,9,8,0,0,0,0,0,0,0,58,1152,1,1,3,1,31,0,598,2
1965,Postgraduate,Partner,51717.0,0,1,2013-08-20,55,98,1,17,0,1,5,1,3,0,4,7,0,1,0,0,0,0,0,49,122,1,1,3,1,8,1,313,2
1971,Graduate,Partner,18793.0,1,0,2013-01-12,14,4,16,20,0,17,20,3,2,0,4,8,0,0,0,0,0,0,0,43,77,1,1,3,1,9,0,533,1
1959,Graduate,Single,50664.0,1,1,2013-01-16,64,313,8,104,6,4,126,9,8,1,6,9,0,0,0,0,0,0,0,55,561,2,0,3,1,24,0,529,1
1963,Graduate,Partner,54414.0,1,1,2013-01-23,49,109,18,16,24,26,18,4,3,1,5,4,0,0,0,0,0,0,0,51,211,2,1,4,1,13,0,522,1
1952,Postgraduate,Partner,54549.0,0,1,2014-03-03,8,216,2,6,0,0,9,2,5,1,4,7,0,0,0,0,0,0,0,62,233,1,1,3,1,12,0,118,2
1971,Postgraduate,Single,47111.0,0,1,2012-09-08,35,595,71,153,120,112,41,6,3,2,10,9,0,0,0,0,0,0,0,43,1092,1,0,2,1,21,0,659,2
1963,Postgraduate,Single,41003.0,0,0,2013-03-17,11,123,133,142,71,44,88,1,6,2,8,6,0,0,0,0,0,0,0,51,601,0,0,1,0,17,0,469,2
1982,Graduate,Partner,19444.0,1,0,2014-02-22,8,16,0,23,3,2,10,3,4,1,2,7,0,0,0,0,0,0,1,32,54,1,1,3,1,10,0,127,1
1976,Undergraduate,Partner,36301.0,1,0,2013-10-25,53,11,12,35,3,5,12,1,3,0,3,7,0,0,0,0,0,0,0,38,78,1,1,3,1,7,0,247,0
1969,Postgraduate,Partner,42731.0,1,0,2013-10-21,64,159,2,51,6,2,24,3,4,1,5,5,0,0,0,0,0,0,0,45,244,1,1,3,1,13,0,251,2
1959,Postgraduate,Partner,52854.0,1,1,2014-03-24,43,105,0,10,0,1,0,2,2,1,4,5,0,0,0,0,0,0,0,55,116,2,1,4,1,9,0,97,2
1978,Graduate,Partner,22775.0,1,0,2013-06-19,40,5,1,8,0,0,1,1,1,0,2,8,0,0,0,0,0,0,0,36,15,1,1,3,1,4,0,375,1
1955,Postgraduate,Partner,59821.0,0,1,2013-04-12,11,629,0,70,0,0,35,6,11,2,7,8,0,0,0,0,0,0,0,59,734,1,1,3,1,26,0,443,2
1954,Graduate,Single,50002.0,0,1,2013-06-17,21,443,5,71,21,16,82,2,8,2,7,7,0,0,0,0,0,0,0,60,638,1,0,2,1,19,0,377,1
1945,Graduate,Partner,69755.0,0,0,2013-10-02,23,217,77,373,111,23,93,1,3,6,12,1,0,0,0,0,0,0,0,69,894,0,1,2,0,22,0,270,1
1969,Graduate,Partner,44078.0,1,1,2014-06-19,17,24,1,10,2,0,4,2,2,0,3,5,0,0,0,0,0,0,0,45,41,2,1,4,1,7,0,10,1
1976,Postgraduate,Partner,30560.0,1,0,2013-06-27,6,9,1,5,4,5,7,1,1,0,3,7,0,0,0,0,0,0,0,38,31,1,1,3,1,5,0,367,2
1969,Postgraduate,Partner,35924.0,1,1,2014-03-23,56,8,0,14,2,3,7,1,1,0,3,5,0,0,0,0,0,0,0,45,34,2,1,4,1,5,0,98,2
1964,Postgraduate,Single,64140.0,0,2,2013-09-23,71,1459,0,61,0,15,215,5,2,5,6,5,1,0,1,0,1,0,1,50,1750,2,0,3,1,18,3,279,2
1981,Graduate,Partner,56386.0,1,1,2012-10-27,51,230,48,214,13,32,75,8,9,1,7,9,0,0,0,0,0,0,0,33,612,2,1,4,1,25,0,610,1
1981,Undergraduate,Partner,75774.0,1,0,2014-05-02,27,340,21,134,258,14,56,1,7,5,8,4,0,0,0,0,0,0,0,33,823,1,1,3,1,21,0,58,0
1960,Postgraduate,Single,39228.0,0,0,2013-05-10,1,7,1,6,0,3,3,1,0,0,3,4,0,0,0,0,0,0,0,54,20,0,0,1,0,4,0,415,2
1974,Postgraduate,Partner,58494.0,0,1,2013-12-12,56,298,7,68,4,0,19,2,6,2,6,6,0,0,0,0,0,0,0,40,396,1,1,3,1,16,0,199,2
1981,Graduate,Single,58684.0,0,0,2014-06-16,71,479,35,179,28,7,85,1,5,3,12,2,0,1,0,0,0,0,0,33,813,0,0,1,0,21,1,13,1
1967,Graduate,Single,57136.0,0,0,2013-05-18,18,267,140,599,34,12,127,1,7,5,7,6,0,0,0,0,0,0,1,47,1179,0,0,1,0,20,0,407,1
1950,Postgraduate,Single,56551.0,1,1,2014-05-07,48,67,4,32,17,2,16,3,2,1,4,4,0,0,0,0,0,0,0,64,138,2,0,3,1,10,0,53,2
1982,Graduate,Partner,22448.0,1,0,2014-02-26,86,3,1,8,23,2,18,3,2,1,3,3,0,0,0,0,0,0,0,32,55,1,1,3,1,9,0,123,1
1961,Graduate,Single,82014.0,0,0,2012-08-20,48,980,37,265,35,163,31,1,3,6,12,6,0,0,0,0,0,0,1,53,1511,0,0,1,0,22,0,678,1
1963,Graduate,Single,34213.0,1,1,2012-09-07,2,50,4,28,6,3,26,3,3,1,2,9,0,0,0,0,0,0,1,51,117,2,0,3,1,9,0,660,1
1977,Graduate,Partner,157146.0,0,0,2013-04-29,13,1,0,1725,2,1,1,0,0,28,0,1,0,0,0,0,0,0,0,37,1730,0,1,2,0,28,0,426,1
1947,Postgraduate,Single,25358.0,0,1,2013-07-22,57,19,0,5,0,0,8,2,1,0,3,6,0,0,0,0,0,0,0,67,32,1,0,2,1,6,0,342,2
1978,Postgraduate,Single,35544.0,1,0,2014-03-08,77,30,5,23,4,1,4,1,2,0,3,7,0,0,0,0,0,0,0,36,67,1,0,2,1,6,0,113,2
1954,Postgraduate,Partner,36634.0,0,1,2013-05-28,0,213,9,76,4,3,30,3,5,2,5,7,0,0,0,0,0,0,0,60,335,1,1,3,1,15,0,397,2
1954,Postgraduate,Partner,62670.0,0,1,2014-02-02,57,539,30,92,80,46,38,1,5,3,13,3,0,0,0,0,0,0,0,60,825,1,1,3,1,22,0,147,2
1972,Undergraduate,Partner,50334.0,0,1,2013-07-24,24,284,16,160,84,16,134,6,7,4,6,6,0,0,0,0,0,0,0,42,694,1,1,3,1,23,0,340,0
1981,Graduate,Single,72066.0,0,0,2014-06-23,55,1003,34,536,134,51,34,1,4,6,6,2,0,0,1,1,0,0,1,33,1792,0,0,1,0,17,2,6,1
1958,Postgraduate,Single,50729.0,1,1,2013-05-02,62,239,13,143,45,4,52,9,6,2,7,6,0,0,0,0,0,0,0,56,496,2,0,3,1,24,0,423,2
1968,Graduate,Partner,34916.0,2,0,2013-05-15,89,51,23,82,33,0,42,4,5,1,3,9,0,0,0,0,0,0,0,46,231,2,1,4,1,13,0,410,1
1976,Graduate,Single,64892.0,0,1,2014-05-29,77,527,24,230,32,24,65,2,6,4,12,4,0,0,0,0,0,0,0,38,902,1,0,2,1,24,0,31,1
1966,Graduate,Single,43602.0,1,1,2014-01-10,45,19,5,12,10,3,19,3,3,1,2,6,0,0,0,0,0,0,0,48,68,2,0,3,1,9,0,170,1
1985,Undergraduate,Single,41473.0,1,0,2013-06-19,80,21,8,20,15,3,9,1,2,0,3,7,0,0,0,0,0,0,0,29,76,1,0,2,1,6,0,375,0
1967,Postgraduate,Partner,63246.0,0,2,2013-08-20,60,593,30,91,29,22,7,1,6,3,12,4,0,0,0,0,0,0,0,47,772,2,1,4,1,22,0,313,2
1959,Postgraduate,Partner,36732.0,1,1,2013-12-29,71,21,5,3,10,1,7,3,1,1,4,2,0,0,0,0,0,0,0,55,47,2,1,4,1,9,0,182,2
1985,Postgraduate,Single,37929.0,0,0,2013-07-30,49,202,2,46,3,2,10,2,4,2,5,7,0,1,0,1,0,0,1,29,265,0,0,1,0,13,2,334,2
1951,Graduate,Partner,86610.0,0,0,2013-09-05,66,446,107,768,33,196,53,1,5,6,6,2,0,0,0,0,0,0,0,63,1603,0,1,2,0,18,0,297,1
1986,Postgraduate,Partner,80141.0,0,0,2013-01-11,20,1184,102,673,52,40,40,1,7,4,10,6,0,0,1,0,0,0,1,28,2091,0,1,2,0,22,1,534,2
1970,Graduate,Partner,69016.0,0,1,2012-11-22,61,726,53,363,123,107,161,4,8,9,13,5,0,0,0,0,0,0,0,44,1533,1,1,3,1,34,0,584,1
1991,Undergraduate,Partner,20193.0,0,0,2012-11-28,18,8,8,22,24,11,9,1,1,1,4,4,0,0,0,0,0,0,0,23,82,0,1,2,0,7,0,578,0
1975,Graduate,Partner,27573.0,1,0,2013-03-25,45,50,15,110,39,15,15,4,5,1,4,8,0,0,0,0,0,0,0,39,244,1,1,3,1,14,0,461,1
1979,Undergraduate,Single,15862.0,1,0,2013-06-27,26,1,1,4,11,9,10,1,1,0,3,8,0,0,0,0,0,0,0,35,36,1,0,2,1,5,0,367,0
1976,Postgraduate,Partner,49544.0,1,0,2013-02-12,0,308,0,73,0,0,23,2,5,1,8,7,0,0,0,0,0,0,0,38,404,1,1,3,1,16,0,502,2
1980,Graduate,Partner,33228.0,1,0,2014-01-23,28,22,2,31,7,4,5,1,2,0,3,7,0,0,0,0,0,0,0,34,71,1,1,3,1,6,0,157,1
1978,Graduate,Partner,70440.0,0,0,2013-10-08,49,690,117,499,76,102,88,1,5,10,7,3,0,0,0,1,0,0,0,36,1572,0,1,2,0,23,1,264,1
1971,Graduate,Partner,38232.0,1,1,2014-01-17,84,43,5,28,7,6,33,4,3,1,3,5,0,0,0,0,0,0,0,43,122,2,1,4,1,11,0,163,1
1955,Postgraduate,Partner,22554.0,1,1,2012-11-03,38,27,0,10,0,0,4,4,2,0,4,5,0,0,0,0,0,0,0,59,41,2,1,4,1,10,0,603,2
1983,Postgraduate,Partner,23536.0,1,0,2014-06-04,53,6,0,3,0,0,1,1,0,0,3,3,0,0,0,0,0,0,0,31,10,1,1,3,1,4,0,25,2
1952,Graduate,Partner,49413.0,0,1,2013-10-25,88,205,7,41,3,2,46,2,4,2,5,5,0,0,0,0,0,0,0,62,304,1,1,3,1,13,0,247,1
1969,Graduate,Partner,42231.0,1,1,2014-03-25,99,24,0,8,0,1,4,1,1,0,3,5,0,0,0,0,0,0,0,45,37,2,1,4,1,5,0,96,1
1980,Postgraduate,Single,78789.0,0,0,2012-08-08,12,667,50,850,21,83,83,1,4,6,5,2,0,0,0,0,0,0,1,34,1754,0,0,1,0,16,0,690,2
1968,Graduate,Partner,56534.0,0,1,2013-07-23,35,691,7,61,10,0,46,4,10,4,7,8,0,1,0,0,1,0,1,46,815,1,1,3,1,25,2,341,1
1971,Graduate,Single,58350.0,0,1,2013-01-04,5,493,26,206,116,80,80,4,8,3,12,6,0,0,0,0,0,0,0,43,1001,1,0,2,1,27,0,541,1
1951,Graduate,Single,49090.0,0,1,2013-07-19,45,494,5,82,7,0,100,3,7,2,9,7,0,0,0,0,0,0,0,63,688,1,0,2,1,21,0,345,1
1987,Postgraduate,Single,61787.0,0,0,2013-07-06,71,621,73,414,78,48,85,1,8,4,6,5,0,0,0,0,0,0,0,27,1319,0,0,1,0,19,0,358,2
1985,Postgraduate,Partner,18169.0,1,0,2013-02-19,40,9,0,5,0,0,7,1,1,0,2,8,0,0,0,0,0,0,0,29,21,1,1,3,1,4,0,495,2
1981,Undergraduate,Single,24336.0,1,0,2012-08-27,82,1,6,2,8,2,12,1,1,0,2,7,0,0,0,0,0,0,0,33,31,1,0,2,1,4,0,671,0
1990,Graduate,Partner,18222.0,0,0,2012-12-31,70,12,4,19,12,6,14,1,2,0,3,8,0,0,0,0,0,0,0,24,67,0,1,2,0,6,0,545,1
1952,Graduate,Single,62335.0,0,1,2013-05-23,87,243,131,217,85,6,26,2,3,3,13,2,0,0,0,0,0,0,0,62,708,1,0,2,1,21,0,402,1
1971,Undergraduate,Partner,42033.0,1,1,2012-09-19,95,11,1,4,2,0,7,1,1,0,2,7,0,0,0,0,0,0,0,43,25,2,1,4,1,4,0,648,0
1983,Postgraduate,Partner,86580.0,0,0,2013-02-27,72,532,21,127,26,20,20,0,4,2,5,1,0,0,1,0,0,0,0,31,746,0,1,2,0,11,1,487,2
1957,Postgraduate,Single,41437.0,1,1,2012-09-22,5,29,0,2,0,0,1,1,1,0,3,7,0,0,0,0,0,0,0,57,32,2,0,3,1,5,0,645,2
1951,Postgraduate,Single,73705.0,0,2,2014-03-05,86,612,91,520,258,107,107,2,9,6,8,5,0,0,0,0,0,0,0,63,1695,2,0,3,1,25,0,116,2
1976,Graduate,Partner,61064.0,0,1,2012-08-31,80,387,126,342,0,45,180,5,8,4,11,6,0,0,0,0,0,0,0,38,1080,1,1,3,1,28,0,667,1
1989,Graduate,Single,18358.0,1,0,2013-11-20,49,6,8,19,16,4,4,3,3,0,4,7,0,0,0,0,0,0,0,25,57,1,0,2,1,10,0,221,1
1973,Postgraduate,Partner,55012.0,0,1,2014-03-21,85,582,0,65,0,0,13,6,8,2,9,5,0,0,0,0,0,0,0,41,660,1,1,3,1,25,0,100,2
1973,Undergraduate,Partner,9722.0,1,0,2012-10-02,7,6,17,16,6,16,42,4,3,1,3,8,0,0,0,0,0,0,1,41,103,1,1,3,1,11,0,635,0
1984,Postgraduate,Partner,38175.0,1,0,2013-09-23,6,70,6,69,2,3,3,3,3,1,4,7,0,0,0,0,0,0,0,30,153,1,1,3,1,11,0,279,2
1956,Postgraduate,Partner,58656.0,0,1,2012-09-20,25,962,12,194,16,24,12,4,7,8,13,6,0,0,1,0,0,0,0,58,1220,1,1,3,1,32,1,647,2
1965,Graduate,Partner,52117.0,0,1,2012-08-16,55,112,10,107,30,0,20,2,5,2,4,7,0,0,0,0,0,0,0,49,279,1,1,3,1,13,0,682,1
1978,Graduate,Partner,64813.0,1,0,2014-01-02,81,293,0,124,179,97,52,1,7,2,10,5,0,0,0,0,0,0,0,36,745,1,1,3,1,20,0,178,1
1973,Postgraduate,Partner,54222.0,0,1,2014-03-01,98,199,12,31,3,12,7,1,3,3,5,3,0,0,0,0,0,0,0,41,264,1,1,3,1,12,0,120,2
1986,Graduate,Partner,83512.0,0,0,2014-06-17,31,1060,61,835,80,20,101,1,4,7,10,1,1,0,1,1,1,0,1,28,2157,0,1,2,0,22,4,12,1
1959,Postgraduate,Partner,77520.0,0,1,2013-08-28,30,940,44,396,0,88,58,1,8,7,7,4,1,0,1,1,0,0,1,55,1526,1,1,3,1,23,3,305,2
1978,Graduate,Partner,41154.0,0,1,2013-04-09,98,44,2,11,2,3,7,1,1,0,4,5,0,0,0,0,0,0,0,36,69,1,1,3,1,6,0,446,1
1966,Graduate,Partner,80398.0,0,0,2012-11-10,92,342,51,936,207,35,26,1,5,8,12,3,0,0,1,0,0,0,0,48,1597,0,1,2,0,26,1,596,1
1992,Undergraduate,Single,18746.0,1,0,2014-05-29,41,2,10,11,12,9,20,2,3,0,3,6,0,0,0,0,0,0,0,22,64,1,0,2,1,8,0,31,0
1984,Graduate,Partner,35196.0,1,0,2012-11-13,68,75,12,141,43,39,187,6,6,1,5,8,0,0,0,0,0,0,0,30,497,1,1,3,1,18,0,593,1
1956,Graduate,Single,60230.0,0,1,2013-05-20,78,520,20,367,39,81,40,2,6,3,6,5,0,0,0,0,0,0,0,58,1067,1,0,2,1,17,0,405,1
1977,Graduate,Partner,22108.0,1,1,2014-05-08,46,5,3,9,6,2,6,2,2,0,3,7,0,0,0,0,0,0,0,37,31,2,1,4,1,7,0,52,1
1974,Graduate,Partner,44392.0,1,1,2013-09-05,71,87,5,71,7,12,29,5,4,1,4,7,0,0,0,0,0,0,0,40,211,2,1,4,1,14,0,297,1
1976,Postgraduate,Partner,55424.0,0,1,2012-11-25,6,462,61,184,10,53,107,4,7,5,9,6,1,0,0,0,0,0,1,38,877,1,1,3,1,25,1,581,2
1979,Graduate,Partner,17688.0,1,0,2013-01-13,82,2,2,1,3,1,2,1,1,0,2,8,0,0,0,0,0,1,0,35,11,1,1,3,1,4,0,532,1
1983,Postgraduate,Partner,92491.0,0,0,2013-05-01,71,979,44,935,29,25,22,1,7,5,12,3,0,1,1,1,0,0,1,31,2034,0,1,2,0,25,3,424,2
1991,Graduate,Single,90273.0,0,0,2013-12-14,32,704,129,853,120,74,111,1,5,6,7,2,0,1,1,1,0,0,1,23,1991,0,0,1,0,19,3,197,1
1962,Postgraduate,Single,82571.0,0,0,2014-04-02,28,861,31,558,62,95,79,0,6,5,13,2,0,0,1,0,0,0,0,52,1686,0,0,1,0,24,1,88,2
1982,Postgraduate,Single,38513.0,1,0,2014-01-28,20,172,3,115,16,0,18,5,6,1,5,8,0,0,0,0,0,0,1,32,324,1,0,2,1,17,0,152,2
1979,Postgraduate,Single,16653.0,1,0,2014-04-18,10,5,7,31,15,4,7,3,2,1,3,6,0,0,0,0,0,0,1,35,69,1,0,2,1,9,0,72,2
1955,Graduate,Partner,42586.0,1,1,2012-10-29,7,194,2,56,0,0,0,5,4,1,6,8,0,0,0,0,0,0,1,59,252,2,1,4,1,16,0,608,1
1965,Undergraduate,Single,23529.0,0,1,2013-01-07,67,9,7,13,3,2,20,1,1,1,2,6,0,0,0,0,0,0,0,49,54,1,0,2,1,5,0,538,0
1951,Graduate,Partner,71107.0,0,1,2013-02-17,61,533,10,217,198,174,195,2,7,6,13,4,0,0,0,0,0,0,0,63,1327,1,1,3,1,28,0,497,1
1964,Postgraduate,Partner,46910.0,1,1,2014-03-23,36,48,0,14,0,0,6,2,2,0,3,6,0,0,0,0,0,0,0,50,68,2,1,4,1,7,0,98,2
1955,Graduate,Single,37244.0,1,1,2013-04-27,90,18,2,10,0,0,25,1,1,1,2,7,1,0,0,0,0,0,0,59,55,2,0,3,1,5,1,428,1
1966,Graduate,Partner,82427.0,0,0,2014-03-12,35,482,147,509,104,107,107,1,3,5,12,1,0,0,1,0,0,0,0,48,1456,0,1,2,0,21,1,109,1
1958,Undergraduate,Single,75342.0,0,1,2013-05-06,38,204,97,97,21,118,26,1,5,2,10,4,0,0,0,0,0,0,0,56,563,1,0,2,1,18,0,419,0
1954,Graduate,Single,70044.0,0,1,2013-02-18,46,1073,0,250,153,14,14,4,7,10,5,5,0,0,0,0,0,0,0,60,1504,1,0,2,1,26,0,496,1
1963,Graduate,Partner,77437.0,0,0,2013-11-26,70,560,21,442,29,44,29,1,4,5,13,1,0,0,1,0,0,0,0,51,1125,0,1,2,0,23,1,215,1
1959,Graduate,Partner,54984.0,0,1,2014-05-24,51,173,13,131,32,3,6,4,6,1,6,7,0,0,0,1,0,0,0,55,358,1,1,3,1,17,1,36,1
1971,Postgraduate,Partner,42403.0,1,0,2013-12-11,18,22,1,11,0,5,3,1,1,0,3,8,0,0,0,0,0,0,0,43,42,1,1,3,1,5,0,200,2
1964,Graduate,Partner,55761.0,0,1,2014-04-24,97,136,1,12,0,3,32,2,4,1,3,6,0,1,0,0,0,0,0,50,184,1,1,3,1,10,1,66,1
1983,Graduate,Partner,37292.0,1,0,2013-04-18,32,275,0,86,10,23,66,5,6,3,5,8,0,0,0,0,0,0,0,31,460,1,1,3,1,19,0,437,1
1945,Postgraduate,Single,45576.0,0,0,2014-05-28,9,56,19,29,2,14,25,1,3,1,3,8,0,0,0,0,0,0,1,69,145,0,0,1,0,8,0,32,2
1947,Graduate,Partner,70321.0,0,0,2013-01-16,6,303,23,751,82,26,191,1,6,5,13,4,0,0,0,0,0,0,1,67,1376,0,1,2,0,25,0,529,1
1969,Postgraduate,Single,58086.0,0,1,2013-01-20,80,708,7,62,0,0,15,2,11,3,7,8,0,0,0,0,0,0,0,45,792,1,0,2,1,23,0,525,2
1952,Graduate,Partner,81795.0,0,0,2012-10-26,74,324,132,693,27,118,88,1,4,11,7,2,0,0,0,0,0,0,0,62,1382,0,1,2,0,23,0,611,1
1947,Undergraduate,Partner,28389.0,0,0,2012-11-20,49,1,5,3,7,4,8,1,1,0,2,7,0,0,0,0,0,0,0,67,28,0,1,2,0,4,0,586,0
1969,Graduate,Single,69901.0,0,1,2013-05-29,95,312,21,206,102,92,149,3,7,3,10,5,0,0,0,0,0,0,0,45,882,1,0,2,1,23,0,396,1
1949,Postgraduate,Partner,80360.0,0,0,2013-03-03,56,1493,86,454,112,43,43,2,4,4,5,2,0,1,1,1,0,0,0,65,2231,0,1,2,0,15,3,483,2
1961,Postgraduate,Partner,63342.0,0,1,2012-10-16,48,918,21,118,13,10,21,3,8,3,5,6,0,1,0,0,0,0,1,53,1101,1,1,3,1,19,1,621,2
1980,Undergraduate,Single,31859.0,1,0,2014-02-27,3,3,4,7,15,8,11,1,1,0,3,7,0,0,0,0,0,0,0,34,48,1,0,2,1,5,0,122,0
1949,Postgraduate,Single,51569.0,0,1,2013-02-12,39,380,0,47,6,0,34,4,7,1,7,8,0,1,0,0,0,0,1,65,467,1,0,2,1,19,1,502,2
1979,Undergraduate,Single,16014.0,1,1,2013-03-17,42,3,9,4,7,8,7,4,1,1,4,3,0,0,0,0,0,0,0,35,38,2,0,3,1,10,0,469,0
1968,Graduate,Partner,41120.0,1,1,2013-11-06,80,24,2,23,0,8,24,3,2,1,3,6,0,0,0,0,0,0,0,46,81,2,1,4,1,9,0,235,1
1971,Postgraduate,Single,39763.0,1,0,2013-08-04,9,80,1,60,4,6,16,2,5,1,2,9,0,0,0,0,0,0,1,43,167,1,0,2,1,10,0,329,2
1955,Postgraduate,Partner,38725.0,1,1,2014-05-10,52,31,0,6,2,1,5,2,1,0,4,4,0,0,0,0,0,0,0,59,45,2,1,4,1,7,0,50,2
1972,Graduate,Partner,77981.0,1,0,2013-05-26,78,138,120,204,16,126,60,3,7,4,7,5,0,0,0,0,0,0,0,42,664,1,1,3,1,21,0,399,1
1964,Undergraduate,Partner,62905.0,0,1,2013-09-10,68,166,75,96,119,107,59,3,7,2,8,4,0,0,0,0,0,0,0,50,622,1,1,3,1,20,0,292,0
1979,Undergraduate,Single,13533.0,1,0,2013-03-10,45,12,3,8,8,0,17,2,2,0,3,7,0,0,0,0,0,0,0,35,48,1,0,2,1,7,0,476,0
1975,Graduate,Partner,59481.0,0,1,2013-10-23,47,178,3,85,71,66,58,2,3,3,8,2,0,0,0,0,0,0,0,39,461,1,1,3,1,16,0,249,1
1977,Graduate,Partner,72117.0,0,1,2013-08-20,34,707,20,171,65,60,50,1,9,7,9,5,0,0,0,0,0,0,0,37,1073,1,1,3,1,26,0,313,1
1986,Undergraduate,Partner,21955.0,1,0,2013-09-07,81,5,1,7,17,14,11,2,2,1,3,6,0,0,0,0,0,0,0,28,55,1,1,3,1,8,0,295,0
1956,Graduate,Partner,67131.0,0,1,2013-03-26,72,465,71,250,93,35,62,3,9,2,12,6,0,0,0,0,0,0,0,58,976,1,1,3,1,26,0,460,1
1980,Postgraduate,Single,36802.0,1,0,2014-06-16,23,16,1,2,0,0,1,1,1,0,3,5,0,0,0,0,0,0,0,34,20,1,0,2,1,5,0,13,2
1975,Postgraduate,Partner,47808.0,0,1,2013-10-20,30,123,1,26,2,0,72,2,3,2,3,7,1,0,0,0,0,0,0,39,224,1,1,3,1,10,1,252,2
1974,Postgraduate,Single,25509.0,1,0,2012-09-18,15,40,3,30,10,7,11,3,3,0,3,9,0,0,0,0,0,0,1,40,101,1,0,2,1,9,0,649,2
1952,Postgraduate,Partner,85431.0,0,0,2013-06-08,54,376,53,462,168,53,53,1,2,7,7,0,0,0,0,0,0,0,0,62,1165,0,1,2,0,17,0,386,2
1967,Graduate,Partner,42664.0,0,1,2014-03-18,44,21,0,3,0,0,0,1,1,0,3,6,0,0,0,0,0,0,0,47,24,1,1,3,1,5,0,103,1
1977,Postgraduate,Partner,28973.0,0,0,2012-10-13,59,206,0,46,3,2,12,2,5,1,5,8,0,0,0,0,0,0,0,37,269,0,1,2,0,13,0,624,2
1973,Postgraduate,Partner,39435.0,1,0,2013-08-06,16,71,0,18,0,0,13,1,3,1,2,7,0,0,0,0,0,0,0,41,102,1,1,3,1,7,0,327,2
1984,Undergraduate,Partner,65370.0,0,0,2013-08-01,1,71,22,112,138,89,29,1,2,3,13,1,0,0,0,0,0,0,0,30,461,0,1,2,0,19,0,332,0
1979,Undergraduate,Single,20194.0,1,0,2012-12-17,64,0,4,7,11,10,15,2,2,0,3,6,0,0,0,0,0,0,0,35,47,1,0,2,1,7,0,559,0
1976,Postgraduate,Single,42473.0,1,1,2014-02-17,72,93,1,21,0,4,25,3,2,1,4,5,0,0,0,0,0,0,0,38,144,2,0,3,1,10,0,132,2
1968,Graduate,Partner,64590.0,0,0,2012-10-14,98,920,138,168,36,46,30,1,9,4,10,6,0,0,0,0,0,0,0,46,1338,0,1,2,0,24,0,623,1
1959,Graduate,Partner,71232.0,0,1,2013-11-28,91,653,17,170,34,26,17,2,11,2,10,7,0,0,0,0,0,0,0,55,917,1,1,3,1,25,0,213,1
1971,Graduate,Partner,34600.0,1,1,2013-01-01,8,199,33,60,8,3,15,5,5,2,5,8,0,0,0,0,0,0,1,43,318,2,1,4,1,17,0,544,1
1967,Graduate,Single,46904.0,1,1,2012-11-03,20,153,4,56,0,9,31,4,5,1,4,8,0,0,0,0,0,0,0,47,253,2,0,3,1,14,0,603,1
1973,Graduate,Partner,49094.0,0,1,2012-09-21,6,376,0,38,11,8,69,5,6,3,6,6,0,0,0,0,0,0,0,41,502,1,1,3,1,20,0,646,1
1983,Graduate,Partner,36075.0,1,0,2013-12-09,54,46,0,30,12,1,30,1,2,0,4,6,0,0,0,0,0,0,0,31,119,1,1,3,1,7,0,202,1
1979,Undergraduate,Partner,60839.0,1,1,2012-08-28,72,600,21,128,223,150,128,13,2,2,12,8,0,0,0,0,0,0,0,35,1250,2,1,4,1,29,0,670,0
1962,Undergraduate,Partner,82122.0,0,0,2013-08-15,89,734,22,350,151,25,100,1,3,9,13,1,0,0,1,0,0,0,0,52,1382,0,1,2,0,26,1,318,0
1952,Graduate,Partner,34074.0,1,1,2013-07-13,69,135,1,41,10,1,67,5,3,3,3,6,1,0,0,0,0,0,0,62,255,2,1,4,1,14,1,351,1
1960,Postgraduate,Partner,28520.0,1,1,2013-06-14,55,11,0,10,0,2,20,1,1,1,2,6,0,0,0,0,0,0,0,54,43,2,1,4,1,5,0,380,2
1955,Graduate,Single,62535.0,0,1,2013-10-03,13,163,48,90,0,45,52,1,3,2,8,3,0,0,0,0,0,0,0,59,398,1,0,2,1,14,0,269,1
1977,Postgraduate,Single,36273.0,1,0,2014-04-16,80,29,3,30,3,2,9,2,3,0,3,6,0,0,0,0,0,0,0,37,76,1,0,2,1,8,0,74,2
1964,Graduate,Partner,63404.0,0,2,2014-06-06,97,734,26,70,11,44,17,2,6,3,4,4,0,0,0,1,0,0,0,50,902,2,1,4,1,15,1,23,1
1976,Graduate,Partner,78416.0,0,1,2014-06-27,99,453,38,279,188,38,183,2,7,7,10,3,0,0,0,0,0,0,0,38,1179,1,1,3,1,26,0,2,1
1974,Graduate,Partner,75702.0,0,1,2012-10-14,87,1073,0,629,145,37,37,1,10,5,13,6,0,0,1,0,0,0,0,40,1921,1,1,3,1,29,1,623,1
1951,Postgraduate,Partner,59385.0,1,1,2013-04-28,85,135,0,10,0,4,36,2,3,1,4,5,0,0,0,0,0,0,0,63,185,2,1,4,1,10,0,427,2
1951,Graduate,Partner,44689.0,1,1,2014-01-10,82,18,0,5,0,0,11,2,1,1,2,7,1,0,0,0,0,0,0,63,34,2,1,4,1,6,1,170,1
1966,Postgraduate,Single,7144.0,0,2,2013-12-07,92,81,4,33,5,2,291,0,23,1,1,0,0,0,0,0,0,0,0,48,416,2,0,3,1,25,0,204,2
1956,Graduate,Partner,90369.0,0,0,2014-04-28,2,292,51,981,224,23,17,1,4,6,6,1,0,0,0,0,0,0,1,58,1588,0,1,2,0,17,0,62,1
1974,Postgraduate,Single,63159.0,0,0,2012-11-05,74,965,34,586,89,86,37,1,3,5,8,3,1,0,0,0,0,0,0,40,1797,0,0,1,0,17,1,601,2
1963,Postgraduate,Single,46757.0,0,1,2012-11-16,71,777,30,163,0,51,122,6,4,4,7,9,0,0,0,0,0,0,0,51,1143,1,0,2,1,21,0,590,2
1969,Postgraduate,Partner,79734.0,0,0,2014-06-28,72,572,8,232,23,62,17,1,4,3,6,1,0,0,0,1,0,0,0,45,914,0,1,2,0,14,1,1,2
1992,Graduate,Partner,63207.0,0,0,2013-01-20,68,438,169,565,91,169,70,1,2,3,6,7,0,0,0,1,0,0,0,22,1502,0,1,2,0,12,1,525,1
1954,Graduate,Single,72071.0,0,1,2013-02-14,4,531,69,300,150,138,150,3,5,4,8,2,0,0,0,0,0,0,0,60,1338,1,0,2,1,20,0,500,1
1983,Postgraduate,Partner,21840.0,1,0,2013-07-21,80,17,0,9,0,0,1,1,1,0,3,9,0,0,0,0,0,0,0,31,27,1,1,3,1,5,0,343,2
1982,Undergraduate,Partner,58582.0,0,1,2013-09-28,15,402,35,106,101,77,42,2,9,2,9,5,0,1,0,0,0,0,0,32,763,1,1,3,1,22,1,274,0
1951,Graduate,Single,72282.0,0,0,2013-07-19,70,503,27,419,90,139,153,1,5,7,9,7,0,0,0,0,0,0,1,63,1331,0,0,1,0,22,0,345,1
1956,Graduate,Partner,50387.0,0,2,2013-08-31,91,369,9,87,12,14,34,3,6,2,8,5,0,0,0,0,0,0,0,58,525,2,1,4,1,19,0,302,1
1961,Postgraduate,Partner,32583.0,1,1,2014-06-15,10,5,0,3,0,0,1,1,1,0,2,7,0,0,0,0,0,0,0,53,9,2,1,4,1,4,0,14,2
1962,Graduate,Partner,62568.0,0,1,2014-04-07,99,362,17,398,80,35,61,3,5,3,5,4,0,0,0,1,0,0,0,52,953,1,1,3,1,16,1,83,1
1971,Postgraduate,Single,44635.0,1,1,2013-10-11,25,56,0,9,0,0,3,2,2,0,3,7,0,0,0,0,0,0,0,43,68,2,0,3,1,7,0,261,2
1968,Graduate,Partner,63967.0,0,1,2013-08-09,57,387,84,141,73,35,162,3,4,4,12,2,0,0,0,0,0,0,0,46,882,1,1,3,1,23,0,324,1
1978,Undergraduate,Partner,52513.0,0,0,2012-09-04,84,367,17,241,104,188,232,2,9,5,9,7,0,0,0,0,0,0,0,36,1149,0,1,2,0,25,0,663,0
1969,Graduate,Partner,25293.0,1,0,2013-09-15,51,15,0,11,0,2,9,1,1,1,2,8,0,0,0,0,0,0,0,45,37,1,1,3,1,5,0,287,1
1965,Postgraduate,Single,54111.0,0,1,2013-08-25,97,267,6,54,8,3,50,2,5,2,6,5,0,0,0,0,0,0,0,49,388,1,0,2,1,15,0,308,2
1986,Graduate,Partner,78394.0,0,0,2013-02-15,13,298,27,697,216,24,166,1,4,6,5,2,0,0,0,0,0,0,1,28,1428,0,1,2,0,16,0,499,1
1958,Postgraduate,Partner,80739.0,0,0,2013-05-23,92,674,92,736,39,0,92,1,3,11,9,1,0,0,0,0,0,0,0,56,1633,0,1,2,0,24,0,402,2
1975,Postgraduate,Partner,22669.0,1,0,2013-05-22,30,16,14,36,37,22,48,3,4,1,2,9,0,0,0,0,0,0,1,39,173,1,1,3,1,10,0,403,2
1987,Graduate,Single,29236.0,1,0,2013-10-08,30,37,4,24,16,9,9,2,4,0,3,9,0,0,0,0,0,0,0,27,99,1,0,2,1,9,0,264,1
1959,Graduate,Partner,44911.0,0,1,2013-03-15,11,159,0,22,2,1,31,3,4,1,4,7,0,0,0,0,0,0,0,55,215,1,1,3,1,12,0,471,1
1962,Postgraduate,Partner,54693.0,0,1,2013-02-17,72,686,17,142,23,26,35,8,6,4,13,6,0,0,0,0,0,0,0,52,929,1,1,3,1,31,0,497,2
1974,Graduate,Partner,48186.0,1,0,2014-03-20,39,97,3,66,12,7,34,3,4,1,4,7,0,0,0,0,0,0,0,40,219,1,1,3,1,12,0,101,1
1977,Graduate,Partner,54809.0,1,1,2013-09-11,0,63,6,57,13,13,22,4,2,1,5,4,0,0,0,0,0,0,1,37,174,2,1,4,1,12,0,291,1
1978,Graduate,Partner,41580.0,1,1,2012-12-10,15,56,5,24,4,0,3,3,2,1,3,5,0,0,0,0,0,0,0,36,92,2,1,4,1,9,0,566,1
1970,Postgraduate,Partner,80336.0,0,0,2013-09-09,12,209,19,456,160,142,66,1,2,9,13,1,0,0,0,0,0,0,0,44,1052,0,1,2,0,25,0,293,2
1957,Graduate,Partner,47743.0,0,1,2013-03-22,56,198,2,43,0,12,20,3,4,1,6,6,0,1,0,0,0,0,0,57,275,1,1,3,1,14,1,464,1
1955,Undergraduate,Partner,62972.0,0,1,2012-08-03,39,313,15,47,20,0,192,2,7,4,3,6,0,0,0,0,0,0,0,59,587,1,1,3,1,16,0,695,0
1954,Postgraduate,Single,57333.0,0,1,2012-09-22,55,941,14,397,76,58,176,11,8,5,9,6,0,0,0,0,0,0,1,60,1662,1,0,2,1,33,0,645,2
1982,Postgraduate,Partner,32313.0,1,0,2013-02-11,60,86,4,56,2,4,7,3,4,0,4,9,0,0,0,0,0,0,0,32,159,1,1,3,1,11,0,503,2
1953,Postgraduate,Single,84953.0,0,0,2013-06-03,73,167,48,602,63,72,72,1,3,10,4,2,0,1,1,1,0,0,1,61,1024,0,0,1,0,18,3,391,2
1968,Postgraduate,Single,27071.0,1,0,2014-04-23,90,8,3,19,0,2,3,2,2,0,3,6,0,0,0,0,0,0,0,46,35,1,0,2,1,7,0,67,2
1957,Postgraduate,Partner,68148.0,0,0,2013-08-31,86,389,66,408,37,57,85,1,4,4,6,2,0,0,0,0,0,0,0,57,1042,0,1,2,0,15,0,302,2
1965,Postgraduate,Partner,65735.0,1,1,2013-12-07,37,239,7,119,4,15,11,5,6,2,6,7,0,0,0,0,0,0,0,49,395,2,1,4,1,19,0,204,2
1975,Postgraduate,Partner,86836.0,0,0,2012-09-12,7,179,21,273,0,21,63,1,6,10,6,5,1,0,1,1,0,0,1,39,557,0,1,2,0,23,3,655,2
1963,Postgraduate,Partner,4023.0,1,1,2014-06-23,29,5,0,1,1,1,1,15,0,0,0,19,0,0,0,0,0,0,0,51,9,2,1,4,1,15,0,6,2
1990,Graduate,Partner,30093.0,0,0,2013-07-08,19,2,6,28,13,4,16,1,2,0,3,7,0,0,0,0,0,0,0,24,69,0,1,2,0,6,0,356,1
1966,Postgraduate,Partner,57705.0,0,1,2014-01-11,14,383,0,53,6,4,40,3,8,1,6,6,0,0,0,0,0,0,0,48,486,1,1,3,1,18,0,169,2
1988,Graduate,Single,25008.0,1,0,2014-02-02,72,2,8,8,6,1,9,2,1,0,3,8,0,0,0,0,0,0,0,26,34,1,0,2,1,6,0,147,1
1995,Undergraduate,Single,83257.0,0,0,2012-09-18,56,536,27,590,38,107,67,1,5,10,12,6,1,0,1,0,0,1,1,19,1365,0,0,1,0,28,2,649,0
1975,Graduate,Partner,22280.0,1,0,2013-05-19,85,2,1,4,3,1,2,1,1,0,2,8,0,0,0,0,0,0,0,39,13,1,1,3,1,4,0,406,1
1978,Postgraduate,Partner,72159.0,0,0,2012-10-29,62,322,53,899,34,40,53,1,4,6,10,2,0,0,0,0,0,0,0,36,1401,0,1,2,0,21,0,608,2
1961,Graduate,Partner,64260.0,0,0,2013-01-11,1,539,169,816,20,0,30,1,4,5,4,3,0,0,0,0,0,0,1,53,1574,0,1,2,0,14,0,534,1
1984,Postgraduate,Single,82733.0,0,0,2013-09-10,28,712,50,420,65,38,38,1,8,4,7,4,0,0,0,0,0,0,1,30,1323,0,0,1,0,20,0,292,2
1971,Postgraduate,Single,74290.0,0,1,2013-08-12,70,1121,0,72,0,12,12,4,10,8,10,6,0,1,0,1,0,0,0,43,1217,1,0,2,1,32,2,321,2
1951,Postgraduate,Single,58217.0,2,1,2012-11-17,84,68,1,13,3,5,13,1,2,0,4,6,0,0,0,0,0,0,0,63,103,3,0,4,1,7,0,589,2
1976,Postgraduate,Partner,21024.0,0,0,2013-07-04,89,36,4,18,6,2,18,1,2,0,4,7,0,0,0,0,0,0,0,38,84,0,1,2,0,7,0,360,2
1972,Postgraduate,Partner,70116.0,0,0,2013-01-26,73,707,44,603,95,58,29,1,2,8,12,1,0,0,0,0,0,0,0,42,1536,0,1,2,0,23,0,519,2
1985,Graduate,Partner,54006.0,1,0,2012-09-18,42,174,77,203,6,24,97,2,8,1,7,7,0,0,0,0,0,0,0,29,581,1,1,3,1,18,0,649,1
1966,Postgraduate,Partner,69063.0,0,1,2012-11-07,16,666,35,124,69,8,26,1,5,3,5,3,0,0,0,0,0,0,0,48,928,1,1,3,1,14,0,599,2
1975,Undergraduate,Single,11448.0,0,0,2013-12-15,16,0,0,0,6,2,6,1,1,0,2,6,0,0,0,0,0,0,0,39,14,0,0,1,0,4,0,196,0
1971,Graduate,Partner,70886.0,1,0,2013-10-14,65,407,70,239,103,88,53,1,5,4,4,2,0,0,0,0,0,0,0,43,960,1,1,3,1,14,0,258,1
1973,Graduate,Single,60208.0,1,1,2012-10-07,13,488,23,71,15,0,59,11,8,3,7,7,0,1,0,0,0,0,1,41,656,2,0,3,1,29,1,630,1
1968,Postgraduate,Partner,32889.0,1,1,2013-09-06,78,28,0,13,4,2,8,3,2,1,3,5,0,0,0,0,0,0,0,46,55,2,1,4,1,9,0,296,2
1984,Graduate,Single,34738.0,1,0,2014-05-11,51,3,2,10,3,0,2,1,1,0,3,6,0,0,0,0,0,0,0,30,20,1,0,2,1,5,0,49,1
1971,Postgraduate,Partner,30538.0,1,0,2012-10-01,27,284,0,52,8,3,20,4,9,0,4,10,0,0,0,0,0,0,0,43,367,1,1,3,1,17,0,636,2
1977,Undergraduate,Partner,82326.0,0,0,2014-03-10,30,938,142,754,159,81,183,1,5,10,6,2,0,1,1,1,0,0,1,37,2257,0,1,2,0,22,3,111,0
1967,Postgraduate,Single,26642.0,1,0,2014-03-01,71,13,2,15,2,2,8,2,2,0,3,6,0,0,0,0,0,0,0,47,42,1,0,2,1,7,0,120,2
1964,Graduate,Single,69932.0,0,1,2013-06-12,97,412,172,153,150,105,57,2,7,6,11,4,0,0,0,0,0,0,0,50,1049,1,0,2,1,26,0,382,1
1972,Graduate,Single,44503.0,1,1,2014-04-16,83,31,1,8,0,0,8,2,2,0,3,6,0,0,0,0,0,0,0,42,48,2,0,3,1,7,0,74,1
1948,Postgraduate,Single,60200.0,0,1,2013-01-02,3,502,19,132,0,6,26,6,6,2,11,6,0,0,0,0,0,0,0,66,685,1,0,2,1,25,0,543,2
1952,Graduate,Single,49638.0,0,1,2014-04-19,71,18,10,3,3,5,0,1,1,0,3,2,0,0,0,0,0,0,0,62,39,1,0,2,1,5,0,71,1
1987,Undergraduate,Single,23830.0,0,0,2014-02-07,3,1,8,6,4,8,16,1,1,0,3,7,0,0,0,0,0,0,0,27,43,0,0,1,0,5,0,142,0
1959,Postgraduate,Single,33051.0,0,0,2012-08-16,15,100,71,243,108,94,219,3,9,1,8,9,0,0,0,0,0,0,1,55,835,0,0,1,0,21,0,682,2
1958,Graduate,Partner,72905.0,0,0,2014-01-21,52,407,114,445,181,165,203,1,3,7,9,1,0,0,0,1,0,0,0,56,1515,0,1,2,0,20,1,159,1
1951,Postgraduate,Partner,69702.0,0,1,2013-02-19,8,664,9,240,50,19,57,2,7,7,10,4,0,0,0,0,0,0,0,63,1039,1,1,3,1,26,0,495,2
1975,Graduate,Single,70300.0,1,0,2013-07-15,89,1045,61,338,60,46,46,3,5,5,13,8,0,0,0,0,0,0,0,39,1596,1,0,2,1,26,0,349,1
1984,Postgraduate,Partner,70643.0,0,0,2012-10-15,66,1218,107,304,23,143,33,1,5,8,4,6,0,0,0,0,0,0,1,30,1828,0,1,2,0,18,0,622,2
1969,Postgraduate,Partner,30396.0,1,0,2014-04-30,22,15,0,6,0,1,12,2,1,1,2,7,1,0,0,0,0,0,1,45,34,1,1,3,1,6,1,60,2
1968,Postgraduate,Single,50616.0,0,1,2014-04-18,56,128,0,16,0,1,4,2,4,0,4,7,0,0,0,0,0,0,0,46,149,1,0,2,1,10,0,72,2
1969,Postgraduate,Single,62772.0,0,1,2013-05-19,74,581,49,157,43,8,108,1,5,6,11,2,0,1,0,0,0,0,0,45,946,1,0,2,1,23,1,406,2
1985,Postgraduate,Single,30298.0,0,0,2014-05-19,48,6,3,12,6,1,0,1,1,1,3,3,0,0,0,0,0,0,0,29,28,0,0,1,0,6,0,41,2
1984,Graduate,Single,52413.0,1,0,2012-11-03,67,185,8,133,56,56,12,2,7,1,7,7,0,0,0,0,0,0,0,30,450,1,0,2,1,17,0,603,1
1957,Postgraduate,Partner,44155.0,1,1,2014-01-19,24,22,1,9,0,0,14,1,1,1,2,4,0,0,0,0,0,0,0,57,46,2,1,4,1,5,0,161,2
1971,Postgraduate,Single,86979.0,0,0,2013-11-07,67,584,100,835,65,83,35,1,5,5,5,2,1,0,0,0,0,0,1,43,1702,0,0,1,0,16,1,234,2
1975,Graduate,Partner,76532.0,1,1,2013-09-09,38,355,30,177,90,138,30,4,9,5,7,5,0,0,0,0,0,0,0,39,820,2,1,4,1,25,0,293,1
1982,Graduate,Partner,42081.0,1,0,2013-02-26,86,175,10,110,54,6,27,2,6,3,4,6,1,0,0,0,0,0,0,32,382,1,1,3,1,15,1,488,1
1989,Postgraduate,Partner,88420.0,0,0,2014-05-02,87,957,153,612,99,95,153,1,4,7,8,1,1,0,1,1,0,0,0,25,2069,0,1,2,0,20,3,58,2
1985,Graduate,Partner,31158.0,1,0,2013-01-27,62,25,6,16,20,0,5,2,2,0,3,8,0,0,0,0,0,0,0,29,72,1,1,3,1,7,0,518,1
1968,Graduate,Single,61671.0,0,1,2014-06-03,23,641,7,56,0,0,28,8,10,4,6,8,0,1,0,1,0,0,0,46,732,1,0,2,1,28,2,26,1
1974,Graduate,Single,69719.0,0,0,2014-05-26,99,273,86,208,177,14,43,1,2,3,5,1,0,0,0,0,0,0,0,40,801,0,0,1,0,11,0,34,1
1949,Graduate,Single,49160.0,0,1,2013-10-20,29,122,21,43,25,10,15,2,3,1,6,6,0,0,0,0,0,0,0,65,236,1,0,2,1,12,0,252,1
1954,Postgraduate,Single,90933.0,0,0,2014-03-31,90,1020,31,430,62,63,79,1,4,6,4,1,0,0,1,0,0,0,0,60,1685,0,0,1,0,15,1,90,2
1945,Postgraduate,Single,113734.0,0,0,2014-05-28,9,6,2,3,1,262,3,0,27,0,0,1,0,0,0,0,0,0,0,69,277,0,0,1,0,27,0,32,2
1983,Graduate,Single,22148.0,0,0,2014-04-13,16,15,5,14,0,4,11,1,1,0,3,7,0,0,0,0,0,0,0,31,49,0,0,1,0,5,0,77,1
1987,Postgraduate,Partner,73395.0,0,0,2014-03-18,94,272,7,80,20,7,11,1,4,4,6,2,0,0,0,0,0,0,0,27,397,0,1,2,0,15,0,103,2
1971,Graduate,Single,29819.0,1,0,2013-10-24,77,9,1,24,2,1,2,3,3,0,3,6,0,0,0,0,0,0,0,43,39,1,0,2,1,9,0,248,1
1968,Graduate,Partner,45688.0,0,1,2014-01-25,20,279,0,18,0,0,9,2,3,1,8,4,0,1,0,0,0,0,0,46,306,1,1,3,1,14,1,155,1
1971,Postgraduate,Partner,60491.0,0,1,2013-09-06,81,637,47,237,12,19,76,4,6,11,7,5,0,0,0,0,0,0,0,43,1028,1,1,3,1,28,0,296,2
1986,Graduate,Partner,33235.0,1,0,2014-02-05,71,45,0,16,2,1,6,1,3,0,3,7,0,0,0,0,0,0,0,28,70,1,1,3,1,7,0,144,1
1959,Graduate,Partner,35701.0,0,0,2013-03-19,36,21,1,9,7,3,5,1,1,0,3,6,0,0,0,0,0,0,0,55,46,0,1,2,0,5,0,467,1
1980,Postgraduate,Partner,31535.0,1,0,2013-09-26,95,15,4,13,0,0,19,1,1,1,2,7,1,0,0,0,0,0,0,34,51,1,1,3,1,5,1,276,2
1960,Undergraduate,Partner,92556.0,0,0,2014-04-20,32,493,183,352,184,23,28,0,3,5,13,0,0,0,0,0,0,0,0,54,1263,0,1,2,0,21,0,70,0
1970,Graduate,Single,67384.0,0,1,2012-11-10,32,957,40,175,158,53,107,2,7,8,5,5,0,1,0,0,0,0,0,44,1490,1,0,2,1,22,1,596,1
1967,Graduate,Partner,77870.0,0,1,2012-08-22,93,1017,50,500,65,50,133,3,5,5,5,8,0,1,0,1,0,0,1,47,1815,1,1,3,1,18,2,676,1
1963,Postgraduate,Single,52278.0,0,1,2013-01-25,24,953,0,71,0,0,174,6,10,5,10,8,0,0,0,0,0,0,0,51,1198,1,0,2,1,31,0,520,2
1968,Graduate,Single,57107.0,0,1,2012-08-24,44,159,0,120,0,0,137,7,4,4,8,8,0,1,0,0,1,0,1,46,416,1,0,2,1,23,2,674,1
1981,Postgraduate,Single,36038.0,1,0,2013-05-31,82,23,0,15,0,2,7,2,3,0,3,6,0,0,0,0,0,0,0,33,47,1,0,2,1,8,0,394,2
1965,Postgraduate,Partner,34230.0,1,1,2012-12-26,72,15,0,4,0,0,2,1,1,0,2,7,0,0,0,0,0,0,0,49,21,2,1,4,1,4,0,550,2
1977,Undergraduate,Single,31878.0,0,1,2014-06-22,7,23,4,5,10,5,23,1,1,0,4,3,0,0,0,0,0,0,0,37,70,1,0,2,1,6,0,7,0
1972,Undergraduate,Partner,70932.0,0,1,2014-01-19,57,200,193,100,46,185,185,2,6,2,12,3,0,0,0,0,0,0,0,42,909,1,1,3,1,22,0,161,0
1956,Graduate,Single,91249.0,0,0,2012-10-20,84,1324,27,119,71,108,27,0,7,9,6,4,0,1,1,1,1,0,1,58,1676,0,0,1,0,22,4,617,1
1943,Postgraduate,Single,77598.0,0,0,2013-10-01,53,1193,33,281,129,66,33,1,7,5,13,3,0,0,1,0,0,0,0,71,1735,0,0,1,0,26,1,271,2
1959,Graduate,Single,80982.0,1,1,2013-01-08,48,505,137,401,104,22,22,3,11,5,11,5,0,0,0,0,0,1,0,55,1191,2,0,3,1,30,0,537,1
1977,Postgraduate,Partner,22701.0,1,0,2013-09-05,2,2,4,9,0,4,5,1,1,0,3,5,0,0,0,0,0,0,0,37,24,1,1,3,1,5,0,297,2
1970,Graduate,Partner,70617.0,0,0,2013-06-23,45,353,61,753,40,46,27,1,3,3,7,2,0,0,0,0,0,0,0,44,1280,0,1,2,0,14,0,371,1
1957,Graduate,Single,64849.0,0,0,2012-11-13,42,652,48,350,94,84,108,1,9,3,6,5,0,0,0,0,0,0,1,57,1336,0,0,1,0,19,0,593,1
1965,Postgraduate,Partner,62694.0,1,1,2013-06-17,29,379,6,157,25,91,91,5,9,3,7,7,0,0,0,0,0,0,0,49,749,2,1,4,1,24,0,377,2
1974,Postgraduate,Partner,61917.0,1,1,2013-11-20,83,46,4,36,2,2,1,1,2,0,4,5,0,0,0,0,0,0,0,40,91,2,1,4,1,7,0,221,2
1947,Postgraduate,Partner,67472.0,0,1,2013-09-28,93,162,31,127,8,17,69,2,4,2,7,3,0,0,0,0,0,0,0,67,414,1,1,3,1,15,0,274,2
1982,Postgraduate,Partner,21059.0,1,0,2014-01-07,40,8,3,19,3,3,8,3,3,0,3,6,0,0,0,0,0,0,0,32,44,1,1,3,1,9,0,173,2
1968,Postgraduate,Partner,29543.0,2,0,2014-04-01,47,17,3,18,3,4,18,2,3,1,2,7,0,0,0,0,0,0,0,46,63,2,1,4,1,8,0,89,2
1951,Graduate,Partner,75903.0,0,1,2013-04-08,50,340,108,185,130,38,100,2,6,6,9,3,0,0,0,0,0,0,0,63,901,1,1,3,1,23,0,447,1
1975,Undergraduate,Partner,34984.0,1,1,2012-09-06,40,8,4,15,3,5,3,2,1,0,3,7,0,0,0,0,0,0,0,39,38,2,1,4,1,6,0,661,0
1956,Postgraduate,Single,54998.0,0,1,2013-03-10,3,154,22,202,39,30,8,5,4,2,9,4,0,0,0,0,0,0,1,58,455,1,0,2,1,20,0,476,2
1949,Postgraduate,Single,54356.0,0,1,2012-11-19,62,710,15,30,20,0,0,3,11,2,8,8,0,0,0,0,0,0,1,65,775,1,0,2,1,24,0,587,2
1959,Postgraduate,Partner,34242.0,0,1,2014-03-23,25,8,2,4,0,0,1,1,0,0,3,5,0,0,0,0,0,0,0,55,15,1,1,3,1,4,0,98,2
1973,Graduate,Partner,25410.0,1,0,2013-08-31,48,2,2,4,13,13,4,1,1,0,4,4,0,0,0,0,0,0,0,41,38,1,1,3,1,6,0,302,1
1984,Postgraduate,Partner,73356.0,0,0,2014-02-06,56,1050,14,322,0,14,112,1,5,11,5,2,1,0,1,1,0,0,1,30,1512,0,1,2,0,22,3,143,2
1950,Graduate,Partner,28320.0,0,1,2013-01-14,68,19,1,14,3,2,4,1,1,0,3,8,0,0,0,0,0,0,0,64,43,1,1,3,1,5,0,531,1
1977,Graduate,Single,23763.0,1,0,2012-08-07,64,22,0,6,6,2,6,1,1,0,3,7,0,0,0,0,0,0,0,37,42,1,0,2,1,5,0,691,1
1984,Graduate,Partner,72570.0,0,0,2014-04-25,67,274,83,216,151,141,224,1,4,6,12,1,0,0,0,0,0,0,0,30,1089,0,1,2,0,23,0,65,1
1976,Postgraduate,Partner,34529.0,1,0,2012-09-14,94,68,6,38,3,6,41,2,2,2,3,7,0,0,0,0,0,0,0,38,162,1,1,3,1,9,0,653,2
1951,Graduate,Single,70792.0,0,0,2013-02-06,82,344,45,654,104,11,114,2,3,4,10,3,0,0,0,0,0,0,0,63,1272,0,0,1,0,19,0,508,1
1982,Graduate,Partner,63211.0,0,0,2012-11-02,3,145,193,459,205,26,145,2,3,8,7,2,0,0,0,0,0,0,1,32,1173,0,1,2,0,20,0,604,1
1974,Postgraduate,Partner,83891.0,0,1,2014-06-20,24,217,38,350,111,85,15,1,4,7,10,1,0,0,0,0,0,0,0,40,816,1,1,3,1,22,0,9,2
1968,Graduate,Single,36065.0,1,1,2013-03-31,54,18,7,34,10,2,3,3,3,0,3,8,0,0,0,0,0,0,0,46,74,2,0,3,1,9,0,455,1
1940,Postgraduate,Single,51141.0,0,0,2013-07-08,96,144,0,7,0,0,6,1,3,1,4,5,0,0,0,0,0,0,0,74,157,0,0,1,0,9,0,356,2
1976,Graduate,Partner,56939.0,0,1,2013-09-18,19,256,34,103,90,29,49,2,3,3,10,3,0,0,0,0,0,0,0,38,561,1,1,3,1,18,0,284,1
1951,Graduate,Single,80872.0,0,0,2014-05-12,60,483,72,567,94,12,108,1,4,4,10,1,0,0,0,0,0,0,0,63,1336,0,0,1,0,19,0,48,1
1976,Postgraduate,Partner,72335.0,0,0,2012-08-13,2,1285,105,653,28,21,0,1,10,4,8,8,0,0,0,0,0,0,1,38,2092,0,1,2,0,23,0,685,2
1964,Postgraduate,Single,61798.0,0,0,2013-11-23,13,338,4,89,11,8,13,1,4,2,9,4,0,0,0,0,0,0,0,50,463,0,0,1,0,16,0,218,2
1950,Postgraduate,Single,76842.0,0,0,2014-05-03,37,605,10,345,84,54,32,1,1,8,7,0,0,0,0,0,0,0,0,64,1130,0,0,1,0,17,0,57,2
1976,Graduate,Partner,29478.0,1,0,2014-01-17,59,8,0,7,3,1,1,1,1,0,3,6,0,0,0,0,0,0,0,38,20,1,1,3,1,5,0,163,1
1956,Graduate,Single,46998.0,0,1,2012-10-22,55,172,41,86,45,6,27,5,5,3,5,7,1,0,0,0,0,0,0,58,377,1,0,2,1,18,1,615,1
1990,Graduate,Single,96843.0,0,0,2013-04-23,60,448,71,951,40,17,17,1,6,11,10,2,0,0,1,0,0,0,1,24,1544,0,0,1,0,28,1,432,1
1965,Postgraduate,Partner,70053.0,0,1,2013-07-03,38,512,53,98,81,179,89,3,8,5,10,5,0,0,0,0,0,0,0,49,1012,1,1,3,1,26,0,361,2
1962,Postgraduate,Single,71670.0,0,0,2013-07-09,8,1462,16,128,0,0,160,1,5,3,6,6,0,1,1,0,1,0,1,52,1766,0,0,1,0,15,3,355,2
1978,Graduate,Partner,44359.0,1,1,2014-06-17,19,20,0,14,7,3,1,3,2,0,4,3,0,0,0,0,0,0,0,36,45,2,1,4,1,9,0,12,1
1952,Graduate,Single,40887.0,1,1,2013-05-06,32,50,4,44,10,10,43,3,3,1,3,9,0,0,0,0,0,0,1,62,161,2,0,3,1,10,0,419,1
1966,Graduate,Single,48877.0,0,1,2014-01-05,27,102,1,15,2,0,24,1,3,0,4,7,0,0,0,0,0,0,0,48,144,1,0,2,1,8,0,175,1
1947,Graduate,Partner,74485.0,0,0,2013-08-24,58,499,149,815,173,49,49,1,6,7,12,3,0,0,0,0,0,0,0,67,1734,0,1,2,0,26,0,309,1
1972,Graduate,Partner,64474.0,0,1,2013-10-22,59,381,35,172,56,86,93,2,8,2,10,5,0,0,0,0,0,0,0,42,823,1,1,3,1,22,0,250,1
1963,Graduate,Partner,77226.0,0,1,2014-02-28,29,631,43,239,128,76,21,2,6,8,12,3,0,0,0,0,0,0,0,51,1138,1,1,3,1,28,0,121,1
1949,Graduate,Single,72643.0,0,0,2013-02-27,60,526,80,553,123,94,53,1,3,10,7,2,0,0,0,1,0,0,1,65,1429,0,0,1,0,21,1,487,1
1978,Postgraduate,Partner,85738.0,0,0,2014-01-23,41,913,26,376,17,26,13,1,3,6,11,1,0,1,1,0,0,0,0,36,1371,0,1,2,0,21,2,157,2
1966,Graduate,Single,55686.0,0,1,2013-02-14,27,673,0,199,37,47,26,2,6,3,5,4,1,0,0,0,0,0,0,48,982,1,0,2,1,16,1,500,1
1983,Graduate,Single,39062.0,1,0,2014-03-25,28,23,0,9,0,0,12,1,1,0,3,4,1,0,0,0,0,0,0,31,44,1,0,2,1,5,1,96,1
1975,Graduate,Partner,40794.0,0,1,2013-04-07,18,261,23,73,4,23,50,2,6,3,5,7,0,0,0,0,0,0,0,39,434,1,1,3,1,16,0,448,1
1969,Graduate,Partner,4428.0,0,1,2013-10-05,0,16,4,12,2,4,321,0,25,0,0,1,0,0,0,0,0,0,0,45,359,1,1,3,1,25,0,267,1
1963,Undergraduate,Partner,32632.0,0,0,2012-08-02,32,63,151,137,153,19,53,2,4,4,8,5,0,0,0,0,0,0,0,51,576,0,1,2,0,18,0,696,0
1968,Postgraduate,Single,38236.0,1,1,2013-09-20,2,58,0,18,2,0,10,4,3,0,4,7,0,0,0,0,0,0,0,46,88,2,0,3,1,11,0,282,2
1979,Graduate,Partner,36781.0,1,0,2014-04-10,16,29,1,17,0,3,13,1,2,1,2,8,0,0,0,0,0,0,1,35,63,1,1,3,1,6,0,80,1
1984,Postgraduate,Single,31385.0,1,0,2012-12-05,56,3,2,12,0,1,9,1,1,0,2,8,1,0,0,0,0,0,1,30,27,1,0,2,1,4,1,571,2
1984,Graduate,Partner,24570.0,1,0,2013-02-27,97,28,34,62,11,14,44,3,4,0,4,9,0,0,0,0,0,0,0,30,193,1,1,3,1,11,0,487,1
1951,Graduate,Partner,94642.0,0,0,2014-02-12,35,879,143,797,106,143,143,0,5,7,9,1,0,0,1,1,0,0,0,63,2211,0,1,2,0,21,2,137,1
1962,Postgraduate,Partner,58646.0,0,1,2013-06-10,3,62,1,44,6,5,22,1,2,1,4,4,0,0,0,0,0,0,0,52,140,1,1,3,1,8,0,384,2
1975,Graduate,Single,53201.0,1,1,2013-02-12,49,280,7,81,20,0,27,8,6,3,5,7,0,0,0,0,0,0,0,39,415,2,0,3,1,22,0,502,1
1978,Graduate,Partner,57113.0,1,1,2013-02-06,45,182,4,33,0,2,42,6,4,1,5,7,0,0,0,0,0,0,0,36,263,2,1,4,1,16,0,508,1
1991,Graduate,Partner,51373.0,0,0,2013-06-22,37,83,2,101,64,26,117,1,3,5,3,4,0,0,0,0,0,0,0,23,393,0,1,2,0,12,0,372,1
1986,Graduate,Partner,23477.0,1,0,2013-10-21,39,38,15,54,3,8,29,3,3,0,4,8,0,0,0,0,0,0,0,28,147,1,1,3,1,10,0,251,1
1956,Graduate,Partner,58116.0,0,1,2014-04-13,38,228,19,130,4,11,51,2,3,3,8,2,0,0,0,0,0,0,0,58,443,1,1,3,1,16,0,77,1
1963,Postgraduate,Single,72968.0,0,0,2013-12-16,8,1092,37,592,145,37,55,1,5,5,8,3,0,0,0,1,0,0,1,51,1958,0,0,1,0,19,1,195,2
1971,Postgraduate,Partner,39791.0,0,1,2013-03-28,89,85,15,27,13,13,21,2,3,1,4,7,0,0,0,0,0,0,0,43,174,1,1,3,1,10,0,458,2
1947,Postgraduate,Single,91712.0,0,0,2013-10-17,47,1276,24,746,94,29,48,0,9,7,11,3,0,0,1,0,0,0,1,67,2217,0,0,1,0,27,1,255,2
1958,Graduate,Single,94472.0,0,1,2014-04-03,75,1017,33,417,108,100,16,1,5,5,5,5,0,1,1,0,0,0,0,56,1691,1,0,2,1,16,2,87,1
1960,Graduate,Partner,13672.0,1,1,2013-04-17,86,6,2,9,2,1,5,2,1,0,3,8,0,0,0,0,0,0,0,54,25,2,1,4,1,6,0,438,1
1980,Undergraduate,Partner,96547.0,0,0,2014-05-23,4,448,21,125,52,101,62,0,7,6,8,2,1,0,1,1,0,0,1,34,809,0,1,2,0,21,3,37,0
1975,Graduate,Partner,79205.0,0,0,2012-08-29,73,504,23,117,179,28,44,1,6,5,4,4,0,0,0,1,0,0,1,39,895,0,1,2,0,16,1,669,1
1975,Postgraduate,Partner,56559.0,0,1,2012-12-25,46,226,22,133,41,31,31,3,4,3,8,4,0,0,0,0,0,0,0,39,484,1,1,3,1,18,0,551,2
1973,Postgraduate,Partner,32644.0,1,0,2013-01-16,38,239,3,141,0,7,23,4,7,1,6,8,1,0,0,0,0,0,0,41,413,1,1,3,1,18,1,529,2
1980,Undergraduate,Single,67506.0,0,1,2014-01-02,73,90,38,67,33,36,67,1,4,1,6,3,0,0,0,0,0,0,0,34,331,1,0,2,1,12,0,178,0
1970,Graduate,Single,24206.0,1,0,2013-03-08,66,7,2,8,3,2,3,1,1,0,3,6,0,0,0,0,0,0,0,44,25,1,0,2,1,5,0,478,1
1967,Postgraduate,Single,28420.0,1,0,2013-12-24,36,4,2,5,2,0,0,1,1,0,2,6,0,0,0,0,0,0,0,47,13,1,0,2,1,4,0,187,2
1970,Graduate,Partner,22979.0,1,0,2012-09-06,29,16,17,19,20,21,22,3,3,2,2,8,0,0,0,0,0,0,1,44,115,1,1,3,1,10,0,661,1
1966,Graduate,Single,33279.0,0,0,2014-06-12,29,10,3,3,0,0,0,1,0,0,3,3,0,0,0,0,0,0,0,48,16,0,0,1,0,4,0,17,1
1977,Graduate,Partner,30368.0,0,1,2013-11-07,97,35,0,13,2,0,2,2,2,0,3,8,0,0,0,0,0,0,0,37,52,1,1,3,1,7,0,234,1
1970,Graduate,Partner,63684.0,0,1,2012-11-26,61,575,80,428,208,93,80,3,8,4,8,5,0,0,0,0,0,0,0,44,1464,1,1,3,1,23,0,580,1
1964,Graduate,Single,41638.0,0,1,2013-02-13,68,315,0,31,4,0,91,4,5,5,3,8,1,0,0,0,0,0,0,50,441,1,0,2,1,17,1,501,1
1959,Postgraduate,Single,68805.0,0,1,2013-09-17,73,182,2,49,17,13,20,1,3,1,7,2,0,0,0,0,0,0,0,55,283,1,0,2,1,12,0,285,2
1966,Postgraduate,Partner,65814.0,0,1,2014-03-02,90,561,14,113,10,14,35,3,8,2,10,5,0,0,0,0,0,0,0,48,747,1,1,3,1,23,0,119,2
1958,Graduate,Single,71964.0,0,0,2013-05-20,81,587,51,932,180,34,86,1,5,6,5,3,0,0,0,0,0,0,0,56,1870,0,0,1,0,17,0,405,1
1986,Graduate,Single,39146.0,1,0,2013-02-14,1,94,1,33,13,12,12,3,4,0,4,8,0,0,0,0,0,0,0,28,165,1,0,2,1,11,0,500,1
1977,Graduate,Partner,96876.0,0,0,2013-08-06,79,908,43,735,40,194,21,1,7,7,9,2,0,1,1,1,0,0,1,37,1941,0,1,2,0,24,3,327,1
1981,Undergraduate,Partner,34445.0,0,0,2013-01-27,92,228,122,122,208,129,30,6,11,2,8,9,0,0,0,0,0,0,0,33,839,0,1,2,0,27,0,518,0
1958,Graduate,Single,68281.0,0,0,2012-08-07,31,995,112,417,42,48,41,1,2,9,13,5,0,0,0,0,0,0,1,56,1655,0,0,1,0,25,0,691,1
1983,Graduate,Partner,36790.0,0,0,2013-03-01,14,3,3,14,15,21,10,1,2,1,2,9,0,0,0,0,0,0,1,31,66,0,1,2,0,6,0,485,1
1967,Graduate,Partner,27943.0,1,1,2013-04-15,89,12,1,16,4,1,3,3,2,0,3,8,0,0,0,0,0,0,0,47,37,2,1,4,1,8,0,440,1
1951,Graduate,Single,22263.0,1,1,2014-03-30,31,17,0,2,0,0,2,2,1,0,3,6,0,0,0,0,0,1,0,63,21,2,0,3,1,6,0,91,1
1972,Graduate,Partner,30261.0,1,2,2012-09-25,75,8,0,5,0,3,6,1,0,0,3,8,0,0,0,0,0,0,0,42,22,3,1,5,1,4,0,642,1
1978,Graduate,Partner,28587.0,1,0,2014-02-12,42,22,4,17,12,10,13,3,2,0,4,6,0,0,0,0,0,0,0,36,78,1,1,3,1,9,0,137,1
1982,Postgraduate,Partner,43815.0,1,0,2013-04-05,53,14,10,29,4,7,15,1,2,0,3,6,0,0,0,0,0,0,0,32,79,1,1,3,1,6,0,450,2
1956,Graduate,Partner,48195.0,1,1,2014-01-21,53,106,27,68,52,7,5,6,4,2,5,6,0,0,0,0,0,0,0,58,265,2,1,4,1,17,0,159,1
1952,Postgraduate,Partner,77027.0,0,1,2014-02-05,23,820,57,242,45,0,11,2,8,3,6,4,0,0,0,0,0,0,0,62,1175,1,1,3,1,19,0,144,2
1965,Postgraduate,Partner,71322.0,0,1,2013-02-16,57,753,43,226,69,10,204,2,8,5,13,4,0,0,0,0,0,0,0,49,1305,1,1,3,1,28,0,498,2
1979,Postgraduate,Partner,32765.0,1,0,2014-02-23,49,13,3,17,7,3,3,2,2,0,4,5,0,0,0,0,0,0,0,35,46,1,1,3,1,8,0,126,2
1953,Graduate,Single,23272.0,0,0,2013-10-17,29,19,3,6,4,2,12,1,1,0,3,4,0,0,0,0,0,0,0,61,46,0,0,1,0,5,0,255,1
1949,Postgraduate,Partner,49912.0,0,1,2012-09-07,5,520,8,223,32,49,42,4,10,5,7,8,1,0,0,0,0,0,1,65,874,1,1,3,1,26,1,660,2
1985,Undergraduate,Partner,7500.0,1,0,2012-08-01,98,5,17,17,13,14,34,4,2,1,3,9,0,0,0,0,0,0,0,29,100,1,1,3,1,10,0,697,0
1947,Postgraduate,Single,68117.0,0,1,2013-03-10,80,618,44,215,0,17,36,2,11,8,4,6,1,0,0,0,0,0,1,67,930,1,0,2,1,25,1,476,2
1955,Graduate,Partner,67225.0,0,1,2013-11-26,4,315,35,322,46,7,143,3,7,2,11,5,0,0,0,0,0,0,0,59,868,1,1,3,1,23,0,215,1
1976,Graduate,Partner,17649.0,1,0,2013-11-12,70,15,1,23,0,5,1,3,3,0,3,8,0,0,0,0,0,0,0,38,45,1,1,3,1,9,0,229,1
1975,Graduate,Partner,55914.0,0,1,2013-04-29,32,384,60,364,119,101,232,4,11,6,8,7,0,0,0,0,0,0,0,39,1260,1,1,3,1,29,0,426,1
1984,Graduate,Partner,40059.0,1,0,2013-09-28,82,110,29,92,28,10,145,1,6,2,3,8,1,0,0,0,0,0,0,30,414,1,1,3,1,12,1,274,1
1950,Graduate,Partner,60905.0,0,1,2013-12-05,27,208,17,76,36,17,38,2,3,3,7,2,0,0,0,0,0,0,0,64,392,1,1,3,1,15,0,206,1
1977,Graduate,Partner,75330.0,1,1,2012-10-04,94,555,82,257,93,61,61,4,10,3,12,6,0,0,0,0,0,0,0,37,1109,2,1,4,1,29,0,633,1
1951,Graduate,Single,60689.0,0,1,2013-06-01,23,240,90,216,63,6,24,4,4,4,10,3,0,0,0,0,0,0,0,63,639,1,0,2,1,22,0,393,1
1984,Graduate,Partner,38680.0,1,0,2013-03-28,97,11,0,36,15,5,12,1,2,0,3,7,0,0,0,0,0,0,0,30,79,1,1,3,1,6,0,458,1
1982,Graduate,Partner,61416.0,0,0,2013-02-08,25,848,154,323,201,61,78,1,10,3,10,6,1,0,0,0,0,0,0,32,1665,0,1,2,0,24,1,506,1
1991,Graduate,Single,49767.0,0,0,2013-05-02,92,202,47,197,55,42,149,1,5,4,8,4,0,0,0,0,0,0,0,23,692,0,0,1,0,18,0,423,1
1970,Graduate,Single,83273.0,1,2,2012-09-25,98,433,89,650,16,102,102,10,4,6,9,7,0,0,0,0,0,0,0,44,1392,3,0,4,1,29,0,642,1
1981,Graduate,Partner,29009.0,1,0,2013-11-29,19,6,6,15,10,5,2,2,2,0,3,6,0,0,0,0,0,0,0,33,44,1,1,3,1,7,0,212,1
1979,Postgraduate,Partner,45057.0,1,0,2013-12-01,80,37,0,7,3,0,3,1,2,0,3,5,0,0,0,0,0,0,0,35,50,1,1,3,1,6,0,210,2
1971,Graduate,Partner,37150.0,1,0,2012-09-11,80,167,37,64,49,34,116,8,4,3,6,7,0,0,0,0,0,0,0,43,467,1,1,3,1,21,0,656,1
1970,Graduate,Single,43020.0,1,0,2013-11-30,79,45,7,99,4,25,43,3,4,1,4,6,0,0,0,0,0,0,0,44,223,1,0,2,1,12,0,211,1
1959,Graduate,Partner,53154.0,0,1,2014-06-09,50,129,0,21,0,1,7,1,3,1,4,4,0,0,0,0,0,0,0,55,158,1,1,3,1,9,0,20,1
1973,Graduate,Partner,65308.0,0,0,2013-09-11,60,713,0,264,120,80,34,1,7,8,12,4,0,0,1,1,0,0,0,41,1211,0,1,2,0,28,2,291,1
1970,Graduate,Single,76467.0,1,0,2012-08-17,44,676,161,426,210,44,58,2,2,5,5,6,0,0,0,0,0,0,1,44,1575,1,0,2,1,14,0,681,1
1947,Undergraduate,Partner,81044.0,0,0,2013-12-27,0,450,26,535,73,98,26,1,5,6,10,1,0,0,0,0,0,0,0,67,1208,0,1,2,0,22,0,184,0
1951,Graduate,Partner,32871.0,1,1,2013-03-09,28,22,2,12,0,2,5,1,1,0,3,4,0,0,0,0,0,0,0,63,43,2,1,4,1,5,0,477,1
1975,Graduate,Single,55801.0,1,1,2013-09-22,35,367,4,51,6,4,95,6,7,2,6,7,0,0,0,1,0,0,0,39,527,2,0,3,1,21,1,280,1
1959,Graduate,Single,76320.0,0,1,2014-06-22,49,526,35,214,69,53,35,2,6,3,4,2,0,0,0,0,0,0,0,55,932,1,0,2,1,15,0,7,1
1955,Postgraduate,Single,36927.0,1,1,2014-06-02,46,51,0,16,0,0,4,2,3,0,3,8,0,0,0,0,0,0,0,59,71,2,0,3,1,8,0,27,2
1953,Graduate,Partner,48794.0,1,1,2014-06-26,97,25,0,11,3,0,15,1,1,0,3,4,0,0,0,0,0,0,0,61,54,2,1,4,1,5,0,3,1
1965,Graduate,Single,23478.0,0,0,2013-03-19,51,28,6,27,12,17,39,1,3,0,3,8,0,0,0,0,0,0,0,49,129,0,0,1,0,7,0,467,1
1973,Graduate,Single,71128.0,1,0,2012-10-06,80,958,159,447,20,0,31,3,2,10,12,7,0,0,0,0,0,0,0,41,1615,1,0,2,1,27,0,631,1
1950,Graduate,Partner,59462.0,0,1,2013-01-05,29,724,17,143,0,8,196,2,9,2,12,7,0,0,0,0,0,0,0,64,1088,1,1,3,1,25,0,540,1
1969,Postgraduate,Partner,51381.5,1,1,2013-05-18,52,375,42,48,94,66,96,7,4,10,4,3,0,0,0,0,0,0,0,45,721,2,1,4,1,25,0,407,2
1981,Postgraduate,Single,51381.5,1,0,2013-05-31,82,23,0,15,0,2,7,2,3,0,3,6,0,0,0,0,0,0,0,33,47,1,0,2,1,8,0,394,2
1978,Graduate,Partner,42554.0,1,1,2013-01-12,93,29,1,11,0,0,0,2,2,0,3,4,0,0,0,0,0,0,0,36,41,2,1,4,1,7,0,533,1
1951,Graduate,Single,67046.0,0,1,2013-01-06,92,544,35,133,23,151,107,2,4,5,4,2,0,0,0,0,0,0,0,63,993,1,0,2,1,15,0,539,1
1948,Graduate,Partner,42192.0,0,0,2013-09-06,40,40,15,15,17,6,7,1,2,1,3,4,0,0,0,0,0,0,0,66,100,0,1,2,0,7,0,296,1
1952,Postgraduate,Partner,77610.0,0,1,2012-10-29,70,1245,33,332,21,33,16,2,4,7,4,7,0,0,0,0,0,0,0,62,1680,1,1,3,1,17,0,608,2
1984,Graduate,Partner,31761.0,1,0,2014-04-05,96,19,1,20,16,14,28,2,3,0,4,5,0,0,0,0,0,0,0,30,98,1,1,3,1,9,0,85,1
1979,Graduate,Partner,34350.0,1,0,2013-10-19,81,16,3,15,2,1,11,1,1,0,3,7,0,0,0,0,0,0,0,35,48,1,1,3,1,5,0,253,1
1949,Graduate,Partner,54591.0,0,1,2013-08-05,63,376,4,94,12,9,24,3,6,2,8,5,0,0,0,0,0,0,0,65,519,1,1,3,1,19,0,328,1
1956,Graduate,Partner,71866.0,0,1,2013-12-25,85,184,178,178,103,39,33,1,6,3,10,3,0,0,0,0,0,0,0,58,715,1,1,3,1,20,0,186,1
1983,Graduate,Partner,69520.0,0,0,2013-07-07,95,627,120,414,121,80,93,1,9,6,5,5,0,0,0,0,0,0,0,31,1455,0,1,2,0,21,0,357,1
1970,Graduate,Single,64713.0,1,0,2014-02-07,11,180,60,241,13,54,54,2,5,5,7,4,0,0,0,0,0,0,1,44,602,1,0,2,1,19,0,142,1
1977,Postgraduate,Partner,27889.0,1,0,2013-07-05,42,14,0,4,0,0,8,1,1,1,2,6,0,0,0,0,0,0,0,37,26,1,1,3,1,5,0,359,2
1960,Undergraduate,Single,22123.0,0,0,2014-03-27,77,3,3,24,34,7,31,1,2,1,3,5,0,0,0,0,0,0,0,54,102,0,0,1,0,7,0,94,0
1971,Graduate,Partner,51381.5,1,1,2013-03-03,82,71,1,16,0,0,9,4,2,1,3,8,0,0,0,0,0,0,0,43,97,2,1,4,1,10,0,483,1
1954,Postgraduate,Partner,51381.5,0,1,2013-06-23,83,161,0,22,0,0,24,2,4,1,4,6,0,0,0,0,0,0,0,60,207,1,1,3,1,11,0,371,2
1973,Graduate,Partner,27803.0,1,0,2012-08-26,40,8,26,46,38,9,49,2,3,0,4,8,0,0,0,0,0,0,0,41,176,1,1,3,1,9,0,672,1
1955,Graduate,Single,51381.5,0,1,2013-10-18,95,264,0,21,12,6,147,3,6,1,5,7,0,0,0,0,0,0,0,59,450,1,0,2,1,15,0,254,1
1960,Graduate,Partner,51651.0,0,1,2012-11-07,32,293,6,23,13,6,92,4,6,2,5,8,0,0,0,0,0,0,0,54,433,1,1,3,1,17,0,599,1
1943,Postgraduate,Single,51381.5,0,0,2013-10-30,75,532,126,490,164,126,126,1,5,5,11,1,0,0,1,0,0,0,1,71,1564,0,0,1,0,22,1,242,2
1992,Undergraduate,Partner,87000.0,0,0,2012-12-15,61,196,25,607,67,17,49,1,4,6,7,2,0,0,0,0,0,0,0,22,961,0,1,2,0,18,0,561,0
1959,Graduate,Partner,79823.0,0,1,2014-03-31,6,835,73,380,114,73,43,1,6,9,7,2,0,1,0,0,0,0,0,55,1518,1,1,3,1,23,1,90,1
1980,Graduate,Single,30828.0,1,0,2013-10-04,16,16,11,15,2,0,12,2,1,1,4,3,0,0,0,0,0,0,0,34,56,1,0,2,1,8,0,268,1
1971,Postgraduate,Partner,34109.0,0,1,2013-11-06,39,9,1,5,2,1,4,1,0,0,3,4,0,0,0,0,0,0,0,43,22,1,1,3,1,4,0,235,2
1974,Postgraduate,Single,53367.0,1,1,2013-08-31,2,229,7,140,10,3,11,7,5,1,8,7,0,0,0,0,0,0,1,40,400,2,0,3,1,21,0,302,2
1969,Undergraduate,Partner,22390.0,0,0,2013-10-21,49,0,1,4,15,1,5,1,1,0,2,7,0,0,0,0,0,0,0,45,26,0,1,2,0,4,0,251,0
1976,Graduate,Partner,71322.0,0,1,2014-05-02,31,121,24,124,24,15,42,1,4,1,7,2,0,0,0,0,0,0,0,38,350,1,1,3,1,13,0,58,1
1993,Graduate,Single,79244.0,0,0,2012-12-19,58,471,102,125,212,61,245,1,4,10,7,1,0,0,1,1,0,0,1,21,1216,0,0,1,0,22,2,557,1
1950,Postgraduate,Partner,48699.0,1,1,2013-05-21,90,26,1,10,2,0,1,1,1,0,3,5,0,0,0,0,0,0,0,64,40,2,1,4,1,5,0,404,2
1975,Graduate,Partner,80144.0,0,0,2013-09-30,47,240,132,445,250,192,108,1,3,7,8,1,0,0,0,0,0,0,0,39,1367,0,1,2,0,19,0,272,1
1956,Graduate,Single,54252.0,1,1,2013-05-28,25,178,4,26,8,4,44,5,4,1,5,6,0,0,0,0,0,0,0,58,264,2,0,3,1,15,0,397,1
1976,Postgraduate,Partner,81929.0,1,0,2012-09-29,60,1486,55,278,49,0,185,2,4,4,10,6,1,0,1,0,0,0,1,38,2053,1,1,3,1,20,2,638,2
1975,Graduate,Partner,76068.0,0,1,2012-11-29,67,1115,12,128,33,12,76,1,2,3,4,6,0,1,0,0,1,0,0,39,1376,1,1,3,1,10,2,577,1
1976,Postgraduate,Partner,53204.0,1,1,2014-03-20,40,29,0,8,2,0,6,1,1,0,3,4,0,0,0,0,0,0,0,38,45,2,1,4,1,5,0,101,2
1984,Undergraduate,Partner,14796.0,1,0,2012-09-17,1,13,3,8,7,4,16,2,1,0,3,9,0,0,0,0,0,0,1,30,51,1,1,3,1,6,0,650,0
1974,Postgraduate,Partner,78128.0,0,1,2014-02-19,89,934,24,230,16,24,36,2,8,4,6,3,0,1,1,0,0,0,0,40,1264,1,1,3,1,20,2,130,2
1972,Undergraduate,Partner,14188.0,0,0,2013-02-28,40,2,7,11,16,12,27,1,2,0,4,6,0,0,0,0,0,0,0,42,75,0,1,2,0,7,0,486,0
1970,Graduate,Single,72967.0,0,1,2012-12-15,1,158,35,179,0,0,125,2,7,2,8,5,1,0,0,0,0,0,1,44,497,1,0,2,1,19,1,561,1
1949,Postgraduate,Partner,48150.0,0,1,2013-06-08,24,173,2,39,3,2,47,3,5,1,4,7,0,0,0,0,0,0,0,65,266,1,1,3,1,13,0,386,2
1961,Graduate,Single,82332.0,0,0,2012-09-17,89,830,59,968,51,79,19,1,5,3,12,2,0,0,1,0,0,0,1,53,2006,0,0,1,0,21,1,650,1
1955,Graduate,Single,58275.0,1,1,2013-06-02,48,189,10,253,56,43,64,6,8,2,7,7,0,0,0,0,0,0,0,59,615,2,0,3,1,23,0,392,1
1981,Postgraduate,Partner,44953.0,0,0,2012-12-21,31,728,17,133,11,8,124,1,7,3,13,6,1,0,0,0,0,0,0,33,1021,0,1,2,0,24,1,555,2
1953,Graduate,Partner,34587.0,1,1,2014-05-16,68,7,2,9,2,0,2,2,1,0,3,4,0,0,0,0,0,0,0,61,22,2,1,4,1,6,0,44,1
1974,Postgraduate,Partner,43018.0,0,1,2013-11-01,46,35,4,17,7,6,64,1,2,2,2,5,0,0,0,0,0,0,0,40,133,1,1,3,1,7,0,240,2
1954,Postgraduate,Partner,45736.0,0,1,2013-07-24,92,188,3,180,20,3,43,5,7,1,6,7,0,0,0,0,0,0,0,60,437,1,1,3,1,19,0,340,2
1969,Postgraduate,Partner,66476.0,0,1,2013-12-04,80,742,28,152,25,9,57,2,6,8,10,4,0,0,0,0,0,0,0,45,1013,1,1,3,1,26,0,207,2
1981,Undergraduate,Partner,27733.0,1,0,2013-08-26,16,0,7,5,26,2,17,2,2,0,3,7,0,0,0,0,0,0,0,33,57,1,1,3,1,7,0,307,0
1952,Postgraduate,Partner,69805.0,0,1,2014-01-21,50,750,71,174,13,10,20,2,6,8,11,2,0,0,0,0,0,0,0,62,1038,1,1,3,1,27,0,159,2
1962,Postgraduate,Single,72217.0,0,0,2013-04-10,93,816,42,450,55,56,154,1,3,10,8,2,0,0,0,0,0,0,0,52,1573,0,0,1,0,22,0,445,2
1971,Graduate,Single,25818.0,1,0,2012-10-18,51,5,2,8,2,2,9,1,0,1,2,7,0,0,0,0,0,0,0,43,28,1,0,2,1,4,0,619,1
1976,Postgraduate,Partner,37509.0,1,0,2012-09-12,24,37,5,56,12,8,5,2,3,0,4,7,0,0,0,0,0,0,0,38,123,1,1,3,1,9,0,655,2
1976,Undergraduate,Partner,25176.0,1,1,2013-08-10,79,4,0,4,0,0,5,1,1,0,2,7,0,0,0,0,0,0,0,38,13,2,1,4,1,4,0,323,0
1980,Graduate,Partner,43586.0,0,1,2012-08-30,26,99,2,11,4,0,16,3,3,0,4,8,0,0,0,0,0,0,0,34,132,1,1,3,1,10,0,668,1
1956,Undergraduate,Partner,53230.0,0,1,2012-08-03,86,176,72,98,136,21,229,4,5,2,12,5,0,0,0,0,0,0,0,58,732,1,1,3,1,23,0,695,0
1957,Graduate,Partner,50116.0,1,1,2014-06-20,68,54,0,10,0,0,2,2,1,0,4,5,0,1,0,0,0,0,0,57,66,2,1,4,1,7,1,9,1
1986,Postgraduate,Partner,82333.0,0,0,2013-03-30,60,1311,0,359,46,89,17,1,4,3,10,2,0,0,1,0,0,0,1,28,1822,0,1,2,0,18,1,456,2
1965,Postgraduate,Partner,65220.0,0,0,2012-09-03,3,890,63,292,0,25,12,4,8,4,7,6,0,0,0,0,0,0,1,49,1282,0,1,2,0,23,0,664,2
1974,Graduate,Partner,33590.0,2,1,2013-11-03,65,4,0,2,0,0,2,1,1,0,2,7,0,0,0,0,0,0,0,40,8,3,1,5,1,4,0,238,1
1976,Postgraduate,Single,72309.0,0,0,2013-03-11,64,960,0,883,50,38,0,1,5,6,8,3,0,0,0,1,0,0,1,38,1931,0,0,1,0,20,1,475,2
1949,Postgraduate,Partner,156924.0,0,0,2013-08-29,85,2,1,2,1,1,1,0,0,0,0,0,0,0,0,0,0,0,0,65,8,0,1,2,0,0,0,304,2
1980,Undergraduate,Partner,16005.0,1,0,2012-08-14,69,1,3,2,20,30,47,3,2,1,2,8,0,0,0,0,0,0,0,34,103,1,1,3,1,8,0,684,0
1957,Postgraduate,Single,65487.0,0,0,2014-01-10,48,240,67,500,199,0,163,3,3,5,6,2,0,0,0,0,0,0,0,57,1169,0,0,1,0,17,0,170,2
1965,Graduate,Partner,58692.0,0,1,2014-04-06,21,301,11,61,4,7,11,1,8,2,4,7,0,0,0,0,0,0,0,49,395,1,1,3,1,15,0,84,1
1969,Graduate,Single,40590.0,1,1,2013-10-02,30,154,0,50,6,11,37,5,3,4,3,6,1,0,0,0,0,0,0,45,258,2,0,3,1,15,1,270,1
1954,Postgraduate,Single,62637.0,0,1,2014-03-01,76,104,12,48,4,12,5,1,2,2,5,2,0,0,0,0,0,0,0,60,185,1,0,2,1,10,0,120,2
1966,Postgraduate,Single,29435.0,1,1,2012-08-06,11,70,3,37,4,2,64,4,3,2,2,9,0,0,0,0,0,0,1,48,180,2,0,3,1,11,0,692,2
1974,Graduate,Single,19346.0,1,0,2014-01-30,26,2,0,9,3,6,2,1,1,0,3,8,0,0,0,0,0,0,0,40,22,1,0,2,1,5,0,150,1
1971,Graduate,Partner,35788.0,1,1,2014-01-23,34,23,2,11,3,1,4,2,2,0,3,6,0,0,0,0,0,0,0,43,44,2,1,4,1,7,0,157,1
1968,Graduate,Single,36997.0,1,1,2013-02-01,72,43,4,12,8,0,27,5,2,1,4,5,0,0,0,0,0,0,0,46,94,2,0,3,1,12,0,513,1
1957,Graduate,Partner,23539.0,0,0,2014-02-28,13,4,24,11,16,1,25,1,2,0,4,6,0,0,0,0,0,0,0,57,81,0,1,2,0,7,0,121,1
1973,Graduate,Single,65333.0,0,1,2014-01-17,58,654,7,92,0,15,30,7,9,4,8,6,0,1,1,0,0,0,0,41,798,1,0,2,1,28,2,163,1
1957,Graduate,Single,78499.0,0,0,2013-11-23,12,912,72,170,47,36,97,1,11,3,4,4,0,0,1,0,0,0,1,57,1334,0,0,1,0,19,1,218,1
1971,Postgraduate,Partner,29732.0,1,0,2014-03-25,23,25,0,8,0,1,4,1,2,0,2,9,0,0,0,0,0,0,0,43,38,1,1,3,1,5,0,96,2
1960,Postgraduate,Partner,41275.0,1,2,2014-03-24,33,24,4,22,0,2,9,4,3,1,3,5,0,0,0,0,0,0,0,54,61,3,1,5,1,11,0,97,2
1973,Postgraduate,Partner,63516.0,1,1,2013-07-06,30,141,11,114,15,14,5,4,4,1,7,5,0,0,0,0,0,0,0,41,300,2,1,4,1,16,0,358,2
1962,Postgraduate,Partner,42769.0,0,1,2013-10-12,15,71,0,13,3,1,0,2,1,1,4,4,0,0,0,0,0,0,0,52,88,1,1,3,1,8,0,260,2
1958,Postgraduate,Partner,49572.0,1,1,2013-12-15,25,35,1,16,0,1,1,2,2,0,3,7,0,0,0,0,0,0,0,56,54,2,1,4,1,7,0,196,2
1972,Graduate,Partner,69209.0,0,0,2012-09-17,4,496,32,849,229,48,128,2,5,3,6,4,0,0,0,1,0,0,0,42,1782,0,1,2,0,16,1,650,1
1976,Graduate,Partner,17148.0,1,0,2014-01-28,80,9,9,11,13,10,16,4,3,1,3,8,0,0,0,0,0,0,0,38,68,1,1,3,1,11,0,152,1
1983,Undergraduate,Partner,32146.0,1,0,2014-05-12,16,26,3,23,4,7,3,2,2,0,4,6,0,0,0,0,0,0,0,31,66,1,1,3,1,8,0,48,0
1964,Undergraduate,Single,41713.0,1,1,2014-04-29,57,77,8,44,10,10,25,5,3,1,4,6,0,0,0,0,0,0,0,50,174,2,0,3,1,13,0,61,0
1975,Postgraduate,Partner,34176.0,0,1,2014-01-22,9,11,2,7,4,2,2,1,1,0,3,3,0,0,0,0,0,0,0,39,28,1,1,3,1,5,0,158,2
1955,Postgraduate,Partner,58482.0,0,1,2014-03-12,59,576,7,115,19,7,7,2,7,4,9,6,0,1,0,0,0,0,0,59,731,1,1,3,1,22,1,109,2
1965,Graduate,Single,59686.0,0,1,2014-01-25,78,89,15,89,34,42,5,1,4,1,6,4,0,0,0,0,0,0,0,49,274,1,0,2,1,12,0,155,1
1964,Postgraduate,Partner,60896.0,0,1,2012-10-11,90,1013,30,399,60,46,153,3,9,10,4,6,0,0,0,0,0,0,1,50,1701,1,1,3,1,26,0,626,2
1980,Graduate,Partner,62994.0,1,0,2014-03-04,74,224,12,48,4,12,12,1,6,2,4,6,0,0,0,0,0,0,0,34,312,1,1,3,1,13,0,117,1
1957,Graduate,Partner,47320.0,0,1,2013-08-01,10,200,19,111,50,15,19,6,5,1,8,6,0,0,0,0,0,0,0,57,414,1,1,3,1,20,0,332,1
1949,Undergraduate,Single,74859.0,0,0,2013-06-03,63,570,73,614,133,102,73,1,6,5,11,3,0,0,0,1,0,0,0,65,1565,0,0,1,0,23,1,391,0
1992,Undergraduate,Single,15253.0,1,0,2013-10-28,13,1,3,3,8,1,13,2,1,0,3,7,0,0,0,0,0,0,0,22,29,1,0,2,1,6,0,244,0
1974,Postgraduate,Single,31560.0,1,0,2013-06-24,98,62,1,20,4,0,7,2,2,1,3,8,0,0,0,0,0,0,0,40,94,1,0,2,1,8,0,370,2
1990,Postgraduate,Single,91172.0,0,0,2013-03-27,94,162,28,818,0,28,56,0,4,3,7,3,1,0,1,1,1,0,1,24,1092,0,0,1,0,14,4,459,2
1984,Graduate,Partner,90000.0,0,0,2013-12-23,91,675,144,133,94,192,241,1,4,8,5,1,1,0,1,1,0,0,0,30,1479,0,1,2,0,18,3,188,1
1981,Graduate,Single,41967.0,1,1,2013-11-23,66,23,4,10,0,2,15,1,1,0,3,4,0,0,0,0,0,0,0,33,54,2,0,3,1,5,0,218,1
1965,Graduate,Single,69263.0,0,1,2014-03-05,14,492,5,32,13,5,21,1,9,1,7,6,0,1,0,0,0,0,0,49,568,1,0,2,1,18,1,116,1
1970,Undergraduate,Single,65706.0,0,0,2013-06-28,77,918,10,129,13,0,129,1,11,3,12,7,0,1,1,0,1,0,1,44,1199,0,0,1,0,27,3,366,0
1975,Graduate,Partner,60934.0,0,1,2014-01-17,41,224,155,155,192,93,54,2,6,4,11,4,0,0,0,0,0,0,0,39,873,1,1,3,1,23,0,163,1
1951,Graduate,Partner,71965.0,0,1,2013-07-29,21,572,19,286,50,38,248,3,6,3,5,3,0,0,0,0,0,0,0,63,1213,1,1,3,1,17,0,335,1
1955,Graduate,Partner,65210.0,0,1,2014-03-10,25,626,0,70,0,7,28,2,9,3,8,6,0,1,0,1,0,0,0,59,731,1,1,3,1,22,2,111,1
1975,Postgraduate,Partner,79174.0,0,0,2013-01-11,2,1074,37,518,193,92,129,1,5,6,7,2,0,0,1,1,0,0,1,39,2043,0,1,2,0,19,2,534,2
1967,Postgraduate,Single,81380.0,0,0,2012-12-22,51,741,68,689,224,68,103,1,4,2,10,2,0,0,0,0,0,0,0,47,1893,0,0,1,0,17,0,554,2
1973,Postgraduate,Single,48432.0,0,1,2012-10-18,3,322,3,50,4,3,42,5,7,1,6,8,0,0,0,0,0,0,0,41,424,1,0,2,1,19,0,619,2
1971,Graduate,Partner,52914.0,0,1,2013-01-07,32,254,10,44,30,10,227,2,7,3,3,7,1,0,0,0,0,0,0,43,575,1,1,3,1,15,1,538,1
1974,Graduate,Partner,26067.0,1,0,2013-11-04,49,22,2,18,0,2,12,3,3,0,3,8,0,0,0,0,0,0,0,40,56,1,1,3,1,9,0,237,1
1972,Postgraduate,Partner,44325.0,0,1,2013-03-07,69,516,0,21,0,0,5,4,8,2,7,8,0,1,0,0,0,0,0,42,542,1,1,3,1,21,1,479,2
1978,Undergraduate,Single,26487.0,1,0,2013-05-20,23,2,8,10,12,14,23,3,2,1,3,5,0,0,0,0,0,0,0,36,69,1,0,2,1,9,0,405,0
1957,Undergraduate,Partner,53233.0,0,1,2014-03-18,18,28,0,9,3,0,0,1,1,0,3,4,0,0,0,0,0,0,0,57,40,1,1,3,1,5,0,103,0
1960,Graduate,Partner,67716.0,0,1,2013-01-10,8,530,142,217,62,9,56,4,7,4,13,5,0,1,0,0,0,0,0,54,1016,1,1,3,1,28,1,535,1
1972,Postgraduate,Partner,76234.0,0,1,2014-02-06,21,519,50,167,130,0,41,1,8,3,11,3,0,1,0,0,0,0,0,42,907,1,1,3,1,23,1,143,2
1956,Postgraduate,Partner,84117.0,0,0,2014-05-11,60,611,76,749,59,45,26,1,7,10,6,2,0,0,1,0,0,0,0,58,1566,0,1,2,0,24,1,49,2
1957,Postgraduate,Partner,65487.0,0,0,2014-01-10,48,240,67,500,199,0,163,3,3,5,6,2,0,0,0,0,0,0,0,57,1169,0,1,2,0,17,0,170,2
1972,Undergraduate,Partner,25224.0,1,0,2014-03-16,36,4,9,12,11,2,8,2,1,1,3,3,0,0,0,0,0,0,0,42,46,1,1,3,1,7,0,105,0
1983,Postgraduate,Single,89616.0,0,0,2013-02-25,36,671,47,655,145,111,15,1,7,5,12,2,0,0,0,0,0,0,1,31,1644,0,0,1,0,25,0,489,2
1971,Graduate,Single,40851.0,1,1,2013-02-21,63,23,1,7,0,4,24,1,1,1,2,7,0,0,0,0,0,0,0,43,59,2,0,3,1,5,0,493,1
1947,Graduate,Partner,27469.0,0,0,2012-08-02,2,9,1,2,3,2,0,1,0,0,3,6,0,0,0,0,0,0,0,67,17,0,1,2,0,4,0,696,1
1957,Undergraduate,Partner,82347.0,0,0,2012-11-06,38,556,54,845,202,133,63,1,7,7,10,3,1,0,0,1,0,0,1,57,1853,0,1,2,0,25,2,600,0
1957,Graduate,Partner,73803.0,0,1,2012-08-01,61,833,80,363,52,26,174,2,9,5,6,6,1,0,0,0,0,0,1,57,1528,1,1,3,1,22,1,697,1
1952,Postgraduate,Single,8820.0,1,1,2013-03-22,52,12,0,13,4,2,4,4,3,0,3,8,0,0,0,0,0,0,0,62,35,2,0,3,1,10,0,464,2
1974,Graduate,Single,43322.0,0,0,2014-04-21,25,56,7,48,10,2,18,1,3,0,4,7,0,0,0,0,0,0,0,40,141,0,0,1,0,8,0,69,1
1973,Graduate,Partner,55593.0,0,1,2013-08-21,63,293,8,124,11,4,106,2,6,6,3,6,1,0,0,0,0,0,0,41,546,1,1,3,1,17,1,312,1
1954,Graduate,Partner,50501.0,1,1,2013-06-18,10,297,0,38,13,0,152,7,5,4,4,6,1,0,0,0,0,0,1,60,500,2,1,4,1,20,1,376,1
1975,Graduate,Partner,37085.0,1,1,2014-06-26,65,39,1,16,2,0,3,4,3,0,3,8,0,0,0,0,0,0,0,39,61,2,1,4,1,10,0,3,1
1990,Undergraduate,Single,16185.0,1,0,2013-08-05,71,5,11,16,21,8,45,2,2,2,2,8,0,0,0,0,0,0,0,24,106,1,0,2,1,8,0,328,0
1969,Graduate,Single,57731.0,0,1,2012-11-23,0,266,21,300,65,8,44,4,8,8,6,6,0,0,0,0,0,0,0,45,704,1,0,2,1,26,0,583,1
1973,Postgraduate,Single,48432.0,0,1,2012-10-18,3,322,3,50,4,3,42,5,7,1,6,8,0,0,0,0,0,0,1,41,424,1,0,2,1,19,0,619,2
1978,Graduate,Partner,73807.0,0,1,2013-01-02,88,366,124,156,71,78,54,2,5,5,11,2,0,0,0,0,0,0,0,36,849,1,1,3,1,23,0,543,1
1968,Graduate,Single,35893.0,1,1,2012-10-15,80,158,0,23,0,0,18,6,3,1,5,8,0,0,0,0,0,0,0,46,199,2,0,3,1,15,0,622,1
1980,Graduate,Partner,61014.0,0,1,2012-08-11,17,269,129,495,182,43,29,4,9,3,4,7,0,0,0,0,0,0,0,34,1147,1,1,3,1,20,0,687,1
1954,Graduate,Partner,32144.0,1,1,2014-03-23,76,41,0,10,0,0,3,4,2,1,3,7,0,1,0,0,0,0,0,60,54,2,1,4,1,10,1,98,1
1963,Undergraduate,Partner,14918.0,0,1,2012-12-07,52,3,3,3,15,4,15,1,1,0,3,6,0,0,0,0,0,0,0,51,43,1,1,3,1,5,0,569,0
1963,Graduate,Single,45146.0,1,1,2013-07-15,28,33,0,5,0,0,15,2,1,1,2,4,0,0,0,0,0,0,0,51,53,2,0,3,1,6,0,349,1
1955,Undergraduate,Single,41769.0,0,1,2013-02-13,31,302,29,131,32,0,27,6,8,1,7,8,0,0,0,0,0,0,0,59,521,1,0,2,1,22,0,501,0
1981,Graduate,Partner,88325.0,0,0,2014-02-05,42,519,71,860,93,27,53,1,6,2,9,2,0,0,0,0,0,0,0,33,1623,0,1,2,0,18,0,144,1
1950,Postgraduate,Single,38054.0,1,1,2014-05-01,24,23,2,17,2,1,0,2,2,0,3,7,0,0,0,0,0,0,0,64,45,2,0,3,1,7,0,59,2
1995,Undergraduate,Single,80617.0,0,0,2012-10-12,42,594,51,631,72,55,32,1,4,6,8,2,0,0,0,0,0,0,0,19,1435,0,0,1,0,19,0,625,0
1976,Graduate,Partner,5305.0,0,1,2013-07-30,12,12,4,7,1,3,5,0,1,0,0,13,0,0,0,0,0,0,0,38,32,1,1,3,1,1,0,334,1
1954,Graduate,Partner,36807.0,1,1,2012-12-20,88,4,2,5,0,0,5,1,1,0,2,6,0,0,0,0,0,0,0,60,16,2,1,4,1,4,0,556,1
1985,Postgraduate,Partner,40101.0,1,0,2012-10-14,73,171,3,129,26,24,62,4,6,1,6,7,0,0,0,0,0,0,0,29,415,1,1,3,1,17,0,623,2
1979,Graduate,Partner,58025.0,0,1,2013-11-26,81,270,31,88,11,48,22,3,3,2,10,4,0,0,0,0,0,0,0,35,470,1,1,3,1,18,0,215,1
1979,Undergraduate,Partner,7500.0,1,0,2013-05-07,7,2,8,11,3,8,21,4,3,2,2,7,0,0,0,0,0,0,0,35,53,1,1,3,1,11,0,418,0
1963,Postgraduate,Partner,33562.0,1,2,2014-06-25,33,21,12,12,0,3,3,3,2,0,4,4,0,0,0,0,0,0,0,51,51,3,1,5,1,9,0,4,2
1970,Postgraduate,Single,57642.0,0,1,2014-01-09,24,580,6,58,8,0,27,3,7,6,6,4,1,0,0,0,0,0,0,44,679,1,0,2,1,22,1,171,2
1979,Graduate,Partner,63777.0,1,1,2013-03-24,87,457,5,106,15,17,53,8,11,1,6,8,0,0,0,0,0,0,0,35,653,2,1,4,1,26,0,462,1
1962,Graduate,Single,57967.0,0,1,2013-03-03,39,229,7,137,4,0,91,5,4,2,8,5,0,0,0,0,0,0,0,52,468,1,0,2,1,19,0,483,1
1978,Undergraduate,Partner,51381.5,0,0,2012-08-12,53,32,2,1607,12,4,22,0,0,0,1,0,0,1,0,0,0,0,0,36,1679,0,1,2,0,1,1,686,0
1972,Graduate,Partner,24434.0,2,0,2014-05-18,9,3,2,8,20,0,17,2,2,1,2,7,0,0,0,0,0,0,0,42,50,2,1,4,1,7,0,42,1
1984,Graduate,Single,11012.0,1,0,2013-03-16,82,24,3,26,7,1,23,3,3,1,2,9,1,0,0,0,0,0,0,30,84,1,0,2,1,9,1,470,1
1970,Postgraduate,Single,44802.0,0,0,2012-08-21,71,853,10,143,13,10,20,2,9,4,12,8,0,0,0,0,0,0,0,44,1049,0,0,1,0,27,0,677,2
1986,Graduate,Single,26816.0,0,0,2012-08-17,50,5,1,6,3,4,3,1,0,0,3,4,0,0,0,0,0,0,0,28,22,0,0,1,0,4,0,681,1
1967,Graduate,Partner,61223.0,0,1,2013-06-13,46,709,43,182,42,118,247,2,9,3,4,5,0,0,0,0,0,0,0,47,1341,1,1,3,1,18,0,381,1
1981,Graduate,Single,56981.0,0,0,2014-01-25,91,908,48,217,32,12,24,1,2,3,13,6,0,1,0,0,0,0,0,33,1241,0,0,1,0,19,1,155,1
1956,Postgraduate,Partner,69245.0,0,1,2014-01-24,8,428,30,214,80,30,61,2,6,5,10,3,0,0,0,0,0,0,0,58,843,1,1,3,1,23,0,156,2
1954,Postgraduate,Partner,52869.0,1,1,2012-10-15,40,84,3,61,2,1,21,3,3,1,4,7,0,0,0,0,0,0,1,60,172,2,1,4,1,11,0,622,2
